investor_id,transaction_date,amfi_code,transaction_type,amount_inr,state,city,city_tier,age_group,gender,annual_income_lakh,payment_mode,kyc_status
INV003054,2024-01-01,119092,SIP,1834,Telangana,Hyderabad,T30,56+,Female,77.1,UPI,Verified
INV002952,2024-01-01,148567,Redemption,392882,Punjab,Amritsar,B30,18-25,Male,7.1,Cheque,Verified
INV003420,2024-01-01,118636,SIP,912,Haryana,Faridabad,B30,36-45,Male,47.2,Mandate,Verified
INV003436,2024-01-01,118634,SIP,1102,Maharashtra,Mumbai,T30,36-45,Female,54.4,Cheque,Pending
INV004691,2024-01-01,119094,Lumpsum,8682,Delhi,Noida,T30,26-35,Male,14.5,Net Banking,Pending
INV001497,2024-01-01,101208,SIP,3295,Maharashtra,Mumbai,T30,36-45,Male,56.8,Mandate,Verified
INV000786,2024-01-01,101208,SIP,15047,Madhya Pradesh,Bhopal,B30,26-35,Male,17.9,Mandate,Verified
INV000616,2024-01-01,100016,SIP,933,Maharashtra,Nashik,B30,36-45,Male,50.4,Mandate,Verified
INV003670,2024-01-01,119120,SIP,10672,Punjab,Chandigarh,T30,36-45,Male,38.4,Net Banking,Verified
INV002054,2024-01-01,148567,SIP,1111,Telangana,Hyderabad,T30,26-35,Male,17.8,Net Banking,Verified
INV002592,2024-01-01,101208,Lumpsum,411860,Madhya Pradesh,Bhopal,B30,26-35,Female,15.7,Mandate,Verified
INV001023,2024-01-01,118636,SIP,4865,Gujarat,Ahmedabad,T30,36-45,Male,27.1,Net Banking,Verified
INV002893,2024-01-01,120843,SIP,8472,Telangana,Hyderabad,T30,56+,Male,69.4,UPI,Pending
INV000797,2024-01-01,102885,SIP,58257,Rajasthan,Jaipur,T30,36-45,Female,53.7,Net Banking,Verified
INV000368,2024-01-01,118636,Redemption,339882,Uttar Pradesh,Agra,B30,26-35,Male,16.2,UPI,Verified
INV000548,2024-01-01,119095,SIP,1607,Karnataka,Mysore,B30,36-45,Male,53.2,Cheque,Verified
INV000600,2024-01-01,149322,SIP,20890,Maharashtra,Mumbai,T30,26-35,Male,17.3,Net Banking,Verified
INV004347,2024-01-01,119599,SIP,1862,West Bengal,Kolkata,T30,36-45,Male,20.5,Net Banking,Verified
INV000437,2024-01-01,120504,SIP,900,Telangana,Hyderabad,T30,26-35,Female,6.1,UPI,Verified
INV000609,2024-01-01,120842,SIP,8493,Tamil Nadu,Coimbatore,B30,18-25,Male,3.9,Mandate,Verified
INV000428,2024-01-01,118636,SIP,9146,Delhi,Gurugram,T30,36-45,Male,27.2,Mandate,Verified
INV003329,2024-01-01,101207,Lumpsum,295055,Madhya Pradesh,Indore,T30,56+,Male,25.2,Mandate,Verified
INV000968,2024-01-01,100025,Lumpsum,497564,Tamil Nadu,Chennai,T30,36-45,Female,37.1,UPI,Verified
INV004154,2024-01-01,102885,SIP,1897,Karnataka,Mysore,B30,18-25,Male,4.7,Net Banking,Verified
INV000234,2024-01-01,148567,SIP,28094,Tamil Nadu,Coimbatore,B30,26-35,Male,23.8,Mandate,Verified
INV002885,2024-01-01,148567,Lumpsum,430566,Delhi,Gurugram,T30,26-35,Male,23.4,Cheque,Pending
INV002157,2024-01-01,102885,Lumpsum,112928,Punjab,Chandigarh,T30,26-35,Male,16.9,Mandate,Verified
INV001665,2024-01-01,120505,SIP,3322,Telangana,Hyderabad,T30,36-45,Male,35.1,Mandate,Verified
INV002328,2024-01-01,120841,SIP,29901,Haryana,Gurugram,T30,26-35,Male,11.6,Cheque,Verified
INV004174,2024-01-01,119599,SIP,57353,Rajasthan,Udaipur,B30,18-25,Male,4.7,Mandate,Verified
INV004918,2024-01-01,120503,Redemption,153828,Punjab,Amritsar,B30,56+,Female,46.9,UPI,Verified
INV000478,2024-01-01,120506,SIP,59382,Gujarat,Surat,T30,36-45,Female,16.5,UPI,Verified
INV000467,2024-01-01,119552,SIP,2623,Karnataka,Bangalore,T30,18-25,Female,7.1,Cheque,Verified
INV000603,2024-01-01,118636,SIP,2858,West Bengal,Kolkata,T30,26-35,Male,17.3,Mandate,Verified
INV004770,2024-01-01,102886,Lumpsum,92031,Gujarat,Surat,T30,18-25,Female,5.2,Mandate,Verified
INV004648,2024-01-01,118634,SIP,17860,Maharashtra,Pune,T30,36-45,Male,54.3,Mandate,Pending
INV002432,2024-01-01,101208,SIP,3513,Haryana,Gurugram,T30,46-55,Female,48.1,Net Banking,Verified
INV002338,2024-01-01,120844,Lumpsum,292991,Delhi,New Delhi,T30,26-35,Male,23.6,UPI,Verified
INV001041,2024-01-01,101208,SIP,8547,Madhya Pradesh,Bhopal,B30,18-25,Male,5.1,Cheque,Verified
INV001400,2024-01-01,148567,SIP,10696,Tamil Nadu,Coimbatore,B30,36-45,Male,36.5,Mandate,Verified
INV000852,2024-01-01,101208,SIP,15916,Maharashtra,Nashik,B30,26-35,Female,18.1,UPI,Verified
INV004915,2024-01-01,120504,SIP,14096,Uttar Pradesh,Kanpur,B30,26-35,Male,9.6,Cheque,Verified
INV002984,2024-01-01,120844,Redemption,230179,Delhi,Gurugram,T30,26-35,Male,18.1,Mandate,Verified
INV002782,2024-01-01,102886,Lumpsum,250209,Punjab,Chandigarh,T30,18-25,Male,3.7,UPI,Verified
INV002316,2024-01-01,118632,SIP,4715,Punjab,Amritsar,B30,26-35,Male,16.7,Cheque,Verified
INV000097,2024-01-01,125498,Redemption,527377,Karnataka,Mysore,B30,18-25,Male,6.0,Net Banking,Verified
INV002139,2024-01-01,125498,Redemption,359482,Haryana,Gurugram,T30,36-45,Female,28.6,Mandate,Verified
INV002219,2024-01-01,101208,Redemption,525983,Karnataka,Mysore,B30,26-35,Male,6.9,Mandate,Verified
INV000576,2024-01-01,120841,Redemption,43157,Delhi,New Delhi,T30,46-55,Male,79.7,UPI,Verified
INV002166,2024-01-01,120844,SIP,1139,Haryana,Gurugram,T30,36-45,Male,33.3,Net Banking,Verified
INV000836,2024-01-01,100016,SIP,1139,Haryana,Gurugram,T30,26-35,Male,24.4,Mandate,Verified
INV001540,2024-01-01,101207,SIP,16264,Maharashtra,Pune,T30,26-35,Female,17.3,UPI,Verified
INV003664,2024-01-01,125498,SIP,15555,Rajasthan,Udaipur,B30,46-55,Male,29.4,UPI,Verified
INV002966,2024-01-01,149324,SIP,15946,Gujarat,Ahmedabad,T30,26-35,Female,18.4,Mandate,Verified
INV002387,2024-01-01,118634,SIP,2891,Telangana,Hyderabad,T30,26-35,Male,13.1,UPI,Verified
INV000983,2024-01-01,101206,SIP,3538,Telangana,Hyderabad,T30,36-45,Male,33.5,UPI,Verified
INV004128,2024-01-01,119094,Redemption,58934,Haryana,Faridabad,B30,18-25,Male,3.3,UPI,Verified
INV000081,2024-01-01,120844,SIP,1842,Gujarat,Surat,T30,36-45,Male,31.0,Net Banking,Verified
INV004548,2024-01-01,119551,Lumpsum,564276,Delhi,Noida,T30,36-45,Female,58.1,Cheque,Verified
INV002253,2024-01-01,120844,Redemption,289915,West Bengal,Kolkata,T30,46-55,Male,28.6,Net Banking,Verified
INV002942,2024-01-01,148568,Redemption,233200,Delhi,Noida,T30,36-45,Male,27.8,Cheque,Verified
INV004308,2024-01-01,119599,SIP,25855,Gujarat,Surat,T30,26-35,Female,11.1,Mandate,Verified
INV000488,2024-01-01,148568,Redemption,343317,Karnataka,Mysore,B30,56+,Male,31.4,Cheque,Verified
INV002560,2024-01-02,119120,SIP,6321,Haryana,Faridabad,B30,26-35,Male,6.4,Net Banking,Verified
INV003028,2024-01-02,100033,SIP,25360,Tamil Nadu,Chennai,T30,26-35,Female,12.8,Cheque,Verified
INV002868,2024-01-02,148569,SIP,59797,Gujarat,Ahmedabad,T30,26-35,Female,24.7,Net Banking,Verified
INV001156,2024-01-02,120843,SIP,28986,Madhya Pradesh,Indore,T30,56+,Female,58.8,Cheque,Pending
INV000313,2024-01-02,120843,Lumpsum,497034,Tamil Nadu,Chennai,T30,18-25,Female,3.1,Net Banking,Verified
INV003926,2024-01-02,118632,SIP,1891,West Bengal,Kolkata,T30,46-55,Male,92.8,UPI,Verified
INV003383,2024-01-02,125497,Redemption,241316,Karnataka,Mysore,B30,18-25,Male,4.6,Net Banking,Verified
INV001017,2024-01-02,118632,Redemption,16893,West Bengal,Kolkata,T30,26-35,Female,19.0,Cheque,Verified
INV003225,2024-01-02,120843,SIP,3346,West Bengal,Kolkata,T30,26-35,Male,9.2,UPI,Verified
INV003892,2024-01-02,102887,SIP,7250,Punjab,Amritsar,B30,46-55,Male,24.4,Mandate,Verified
INV002135,2024-01-02,100016,Lumpsum,437305,Gujarat,Ahmedabad,T30,56+,Male,18.3,Net Banking,Verified
INV002961,2024-01-02,149322,SIP,16811,Gujarat,Ahmedabad,T30,26-35,Male,13.0,Net Banking,Verified
INV000983,2024-01-02,101208,SIP,10547,Telangana,Hyderabad,T30,36-45,Male,33.5,Net Banking,Verified
INV003821,2024-01-02,119092,SIP,7584,Delhi,Noida,T30,18-25,Female,6.4,UPI,Pending
INV002940,2024-01-02,102886,SIP,966,Haryana,Faridabad,B30,26-35,Male,18.3,Cheque,Verified
INV002817,2024-01-02,102886,Lumpsum,26453,Gujarat,Ahmedabad,T30,26-35,Male,15.8,UPI,Verified
INV001890,2024-01-02,120504,SIP,859,Madhya Pradesh,Bhopal,B30,26-35,Male,21.9,Mandate,Verified
INV001888,2024-01-02,120505,Redemption,410786,Delhi,New Delhi,T30,18-25,Female,6.4,UPI,Verified
INV000370,2024-01-02,118634,SIP,17394,Delhi,Noida,T30,26-35,Female,12.4,Mandate,Verified
INV002981,2024-01-02,102886,Lumpsum,100110,Maharashtra,Mumbai,T30,18-25,Female,7.3,Mandate,Verified
INV003027,2024-01-02,148569,Lumpsum,330642,Telangana,Hyderabad,T30,26-35,Male,20.8,Cheque,Verified
INV001106,2024-01-02,118636,Lumpsum,50410,Tamil Nadu,Chennai,T30,26-35,Male,13.1,Net Banking,Verified
INV003942,2024-01-02,118632,SIP,16594,Haryana,Faridabad,B30,26-35,Female,23.3,Cheque,Verified
INV000339,2024-01-02,101207,Redemption,383487,Uttar Pradesh,Kanpur,B30,26-35,Male,22.3,Cheque,Verified
INV002811,2024-01-02,125497,SIP,2631,Uttar Pradesh,Agra,B30,36-45,Male,43.7,Net Banking,Verified
INV004296,2024-01-02,100025,SIP,879,Telangana,Hyderabad,T30,26-35,Male,18.2,UPI,Verified
INV002976,2024-01-02,119599,Lumpsum,234926,Tamil Nadu,Coimbatore,B30,26-35,Male,23.7,Mandate,Verified
INV000349,2024-01-02,120505,Redemption,335222,Maharashtra,Mumbai,T30,18-25,Female,3.8,Mandate,Verified
INV002546,2024-01-02,101208,Redemption,22305,Gujarat,Surat,T30,26-35,Male,19.3,UPI,Verified
INV003505,2024-01-02,120843,Lumpsum,362856,West Bengal,Kolkata,T30,56+,Female,53.5,Net Banking,Verified
INV000006,2024-01-02,118633,SIP,8594,Madhya Pradesh,Bhopal,B30,46-55,Female,43.0,Cheque,Verified
INV000662,2024-01-02,120843,SIP,427,Gujarat,Surat,T30,36-45,Female,20.1,Cheque,Verified
INV001284,2024-01-02,119092,Lumpsum,6499,West Bengal,Kolkata,T30,36-45,Male,49.0,Cheque,Verified
INV004127,2024-01-02,148568,SIP,4185,Madhya Pradesh,Indore,T30,36-45,Female,27.3,Mandate,Verified
INV003208,2024-01-02,120506,SIP,2506,Madhya Pradesh,Bhopal,B30,46-55,Male,80.0,Mandate,Verified
INV002165,2024-01-02,118634,SIP,2539,Telangana,Hyderabad,T30,46-55,Male,46.2,Net Banking,Verified
INV002621,2024-01-02,148567,SIP,401,Uttar Pradesh,Agra,B30,26-35,Female,22.6,UPI,Pending
INV004502,2024-01-02,148567,SIP,10492,Rajasthan,Udaipur,B30,36-45,Male,59.0,Net Banking,Verified
INV001174,2024-01-02,149323,SIP,977,Maharashtra,Nashik,B30,36-45,Male,12.7,Cheque,Verified
INV004658,2024-01-02,120842,Lumpsum,17258,Punjab,Chandigarh,T30,56+,Male,48.7,Cheque,Verified
INV004656,2024-01-02,120844,Lumpsum,357937,Haryana,Gurugram,T30,18-25,Male,4.7,Mandate,Verified
INV003658,2024-01-02,125498,SIP,12014,West Bengal,Kolkata,T30,26-35,Male,6.3,UPI,Verified
INV003649,2024-01-02,119598,Redemption,483596,Haryana,Gurugram,T30,46-55,Female,79.9,Cheque,Verified
INV004582,2024-01-02,149323,Lumpsum,249744,Tamil Nadu,Chennai,T30,56+,Male,67.1,Net Banking,Verified
INV003232,2024-01-02,120842,SIP,9766,Maharashtra,Pune,T30,36-45,Female,30.9,Mandate,Verified
INV004414,2024-01-02,149324,SIP,14409,Uttar Pradesh,Lucknow,T30,26-35,Male,6.6,Mandate,Verified
INV001799,2024-01-02,119120,Lumpsum,116421,Rajasthan,Udaipur,B30,56+,Female,45.2,Cheque,Verified
INV001506,2024-01-02,119552,Lumpsum,19502,Delhi,Noida,T30,26-35,Female,16.0,UPI,Verified
INV001699,2024-01-02,119095,SIP,1108,Madhya Pradesh,Indore,T30,26-35,Male,24.6,Net Banking,Verified
INV002196,2024-01-02,148569,SIP,1696,Delhi,Gurugram,T30,26-35,Female,23.6,UPI,Verified
INV001328,2024-01-02,120842,Redemption,484947,Uttar Pradesh,Lucknow,T30,26-35,Male,7.4,Net Banking,Verified
INV004567,2024-01-02,120841,SIP,14130,Telangana,Hyderabad,T30,56+,Male,75.0,Mandate,Verified
INV003865,2024-01-02,149322,SIP,3482,Gujarat,Ahmedabad,T30,18-25,Female,3.3,Cheque,Verified
INV000105,2024-01-02,119093,SIP,5253,Punjab,Chandigarh,T30,56+,Male,41.4,UPI,Verified
INV004514,2024-01-02,148568,SIP,16661,Haryana,Faridabad,B30,46-55,Male,40.1,Mandate,Verified
INV004516,2024-01-02,102885,SIP,1137,Haryana,Gurugram,T30,36-45,Male,14.4,Net Banking,Verified
INV002374,2024-01-02,118634,Redemption,81173,Uttar Pradesh,Kanpur,B30,26-35,Female,8.6,Net Banking,Verified
INV001727,2024-01-02,119598,SIP,16687,Gujarat,Surat,T30,46-55,Female,74.1,Net Banking,Verified
INV002888,2024-01-03,100025,Redemption,259110,Rajasthan,Udaipur,B30,26-35,Male,9.2,Net Banking,Pending
INV001769,2024-01-03,120506,SIP,889,Punjab,Chandigarh,T30,18-25,Male,7.4,Cheque,Pending
INV003609,2024-01-03,120843,SIP,16476,Karnataka,Mysore,B30,26-35,Male,9.2,Net Banking,Verified
INV003571,2024-01-03,149323,SIP,536,Haryana,Faridabad,B30,36-45,Male,53.1,UPI,Verified
INV001367,2024-01-03,118632,SIP,10274,Maharashtra,Nashik,B30,36-45,Male,32.2,Net Banking,Verified
INV003178,2024-01-03,119094,Lumpsum,118897,Telangana,Hyderabad,T30,46-55,Female,60.9,Cheque,Verified
INV002599,2024-01-03,100025,Lumpsum,286111,Gujarat,Surat,T30,26-35,Male,11.4,Net Banking,Verified
INV003626,2024-01-03,125497,Redemption,483044,Madhya Pradesh,Indore,T30,26-35,Male,23.5,Net Banking,Verified
INV000690,2024-01-03,148569,Lumpsum,173646,Delhi,Gurugram,T30,46-55,Male,98.7,UPI,Verified
INV001860,2024-01-03,119092,SIP,1978,Karnataka,Mysore,B30,26-35,Female,9.0,Cheque,Verified
INV002065,2024-01-03,100025,SIP,47647,Rajasthan,Udaipur,B30,46-55,Male,78.6,UPI,Verified
INV002708,2024-01-03,120504,Redemption,205486,Karnataka,Mysore,B30,26-35,Male,14.0,Mandate,Verified
INV004288,2024-01-03,119120,Lumpsum,95676,Punjab,Amritsar,B30,18-25,Female,6.1,Mandate,Verified
INV004581,2024-01-03,120505,SIP,2292,Gujarat,Surat,T30,26-35,Male,14.7,Cheque,Pending
INV002467,2024-01-03,125498,SIP,50948,Punjab,Chandigarh,T30,36-45,Male,12.3,UPI,Verified
INV003670,2024-01-03,120505,SIP,8793,Punjab,Chandigarh,T30,36-45,Male,38.4,Mandate,Verified
INV004024,2024-01-03,119552,SIP,43121,Telangana,Hyderabad,T30,36-45,Male,23.1,UPI,Verified
INV000747,2024-01-03,120841,Lumpsum,374549,West Bengal,Kolkata,T30,36-45,Female,40.3,Mandate,Verified
INV002847,2024-01-03,148567,SIP,4736,Haryana,Faridabad,B30,26-35,Male,13.4,Mandate,Verified
INV001508,2024-01-03,120503,SIP,7953,Tamil Nadu,Coimbatore,B30,46-55,Male,63.3,Cheque,Verified
INV004562,2024-01-03,149324,SIP,963,Telangana,Hyderabad,T30,26-35,Female,19.0,Cheque,Pending
INV001350,2024-01-03,125498,Lumpsum,83480,Madhya Pradesh,Bhopal,B30,46-55,Female,31.7,Net Banking,Verified
INV002357,2024-01-03,100016,SIP,26713,Delhi,Gurugram,T30,26-35,Male,7.8,UPI,Verified
INV002059,2024-01-03,101208,Lumpsum,268619,Haryana,Faridabad,B30,46-55,Male,95.1,Net Banking,Verified
INV000595,2024-01-03,102887,Lumpsum,124825,Gujarat,Surat,T30,18-25,Male,7.6,Cheque,Verified
INV004391,2024-01-03,118636,SIP,484,Maharashtra,Mumbai,T30,26-35,Female,23.3,UPI,Verified
INV004733,2024-01-03,102885,SIP,7080,Telangana,Hyderabad,T30,18-25,Male,5.4,Net Banking,Pending
INV002865,2024-01-03,148569,Redemption,449863,Maharashtra,Pune,T30,18-25,Male,3.3,UPI,Verified
INV000454,2024-01-03,119599,SIP,15910,Uttar Pradesh,Lucknow,T30,18-25,Female,6.6,Net Banking,Verified
INV002414,2024-01-03,120507,Lumpsum,396379,Gujarat,Surat,T30,26-35,Female,24.1,UPI,Verified
INV000321,2024-01-03,149323,SIP,15782,Maharashtra,Mumbai,T30,26-35,Male,24.2,Cheque,Verified
INV003379,2024-01-03,120841,SIP,1008,Uttar Pradesh,Lucknow,T30,36-45,Male,43.2,Cheque,Verified
INV004544,2024-01-03,148567,Redemption,410715,Maharashtra,Mumbai,T30,36-45,Male,52.1,Cheque,Verified
INV000527,2024-01-03,119094,Lumpsum,114021,Telangana,Hyderabad,T30,26-35,Male,12.1,Mandate,Verified
INV004633,2024-01-03,125498,Lumpsum,296354,Telangana,Hyderabad,T30,18-25,Female,4.9,Net Banking,Verified
INV003737,2024-01-03,119093,Lumpsum,126721,Punjab,Chandigarh,T30,18-25,Male,4.4,Net Banking,Verified
INV000679,2024-01-03,149323,Redemption,141968,Haryana,Faridabad,B30,46-55,Female,79.1,UPI,Verified
INV004357,2024-01-03,125498,SIP,2459,Delhi,Gurugram,T30,46-55,Female,55.6,Cheque,Verified
INV004941,2024-01-03,120505,Lumpsum,310085,Maharashtra,Nashik,B30,26-35,Male,11.0,Net Banking,Verified
INV000632,2024-01-03,120844,Lumpsum,246606,Delhi,Gurugram,T30,36-45,Male,49.1,UPI,Verified
INV000849,2024-01-03,148567,Lumpsum,254442,Delhi,Gurugram,T30,56+,Female,32.5,Cheque,Verified
INV001167,2024-01-03,118636,SIP,41124,Punjab,Amritsar,B30,36-45,Male,26.7,Net Banking,Verified
INV000007,2024-01-03,119094,SIP,13603,Uttar Pradesh,Kanpur,B30,26-35,Male,21.9,Mandate,Verified
INV000431,2024-01-03,120504,SIP,23759,Madhya Pradesh,Bhopal,B30,18-25,Female,4.6,Mandate,Verified
INV002417,2024-01-03,120842,SIP,2719,Tamil Nadu,Coimbatore,B30,26-35,Male,16.8,Mandate,Verified
INV000011,2024-01-03,120507,SIP,2230,West Bengal,Kolkata,T30,26-35,Male,9.6,Mandate,Verified
INV001167,2024-01-03,102886,SIP,8419,Punjab,Amritsar,B30,36-45,Male,26.7,UPI,Verified
INV000954,2024-01-03,148568,SIP,2224,Haryana,Faridabad,B30,26-35,Female,8.3,Cheque,Verified
INV002101,2024-01-03,102887,Redemption,234810,Uttar Pradesh,Lucknow,T30,26-35,Male,14.7,Mandate,Verified
INV000947,2024-01-03,101208,Redemption,281989,Delhi,Noida,T30,26-35,Male,11.0,UPI,Verified
INV004867,2024-01-03,100033,Lumpsum,331777,Karnataka,Bangalore,T30,18-25,Male,7.3,Mandate,Verified
INV004125,2024-01-03,100016,SIP,2999,Gujarat,Surat,T30,26-35,Male,9.4,Cheque,Verified
INV001910,2024-01-03,102886,Redemption,502057,Karnataka,Mysore,B30,26-35,Female,15.2,Mandate,Verified
INV001411,2024-01-03,102886,SIP,2998,Delhi,Gurugram,T30,26-35,Female,7.1,Cheque,Verified
INV003326,2024-01-03,125498,SIP,2712,Karnataka,Bangalore,T30,36-45,Male,40.9,Mandate,Verified
INV004173,2024-01-03,120504,SIP,479,West Bengal,Kolkata,T30,26-35,Male,16.9,Mandate,Verified
INV004867,2024-01-03,120506,SIP,3082,Karnataka,Bangalore,T30,18-25,Male,7.3,UPI,Pending
INV001454,2024-01-03,120843,SIP,554,Tamil Nadu,Chennai,T30,26-35,Male,9.3,Net Banking,Verified
INV003100,2024-01-04,149324,Lumpsum,361700,Telangana,Hyderabad,T30,26-35,Male,16.5,Net Banking,Verified
INV000215,2024-01-04,120505,Lumpsum,190843,Maharashtra,Nashik,B30,26-35,Female,18.3,Mandate,Verified
INV003191,2024-01-04,119092,Lumpsum,94475,Madhya Pradesh,Bhopal,B30,18-25,Female,6.8,Mandate,Verified
INV003946,2024-01-04,120504,Lumpsum,465127,Karnataka,Mysore,B30,26-35,Female,9.2,Net Banking,Verified
INV000330,2024-01-04,119552,SIP,8747,Madhya Pradesh,Bhopal,B30,26-35,Female,11.9,Mandate,Verified
INV004797,2024-01-04,125497,Lumpsum,178854,Gujarat,Ahmedabad,T30,56+,Male,18.9,Net Banking,Verified
INV000330,2024-01-04,120841,Lumpsum,351770,Madhya Pradesh,Bhopal,B30,26-35,Female,11.9,Net Banking,Verified
INV001128,2024-01-04,120844,Lumpsum,168521,West Bengal,Kolkata,T30,36-45,Female,43.2,Cheque,Verified
INV002302,2024-01-04,125498,Lumpsum,153713,West Bengal,Kolkata,T30,26-35,Male,10.1,UPI,Verified
INV002495,2024-01-04,118636,SIP,2727,Maharashtra,Nashik,B30,26-35,Male,6.6,Net Banking,Verified
INV002158,2024-01-04,120507,Lumpsum,39096,Madhya Pradesh,Indore,T30,26-35,Male,14.5,Net Banking,Verified
INV000144,2024-01-04,120503,SIP,499,Delhi,Noida,T30,26-35,Male,19.1,Net Banking,Verified
INV004563,2024-01-04,118634,Lumpsum,38117,Gujarat,Surat,T30,46-55,Female,32.2,Cheque,Verified
INV002912,2024-01-04,149323,Redemption,520148,Maharashtra,Mumbai,T30,26-35,Female,23.6,Net Banking,Verified
INV002343,2024-01-04,119093,SIP,1182,Punjab,Amritsar,B30,26-35,Male,22.1,Net Banking,Verified
INV000091,2024-01-04,120504,SIP,2368,Haryana,Gurugram,T30,26-35,Male,14.6,Mandate,Verified
INV004688,2024-01-04,120505,Lumpsum,168104,West Bengal,Kolkata,T30,26-35,Male,20.7,UPI,Verified
INV004321,2024-01-04,120843,SIP,1147,West Bengal,Kolkata,T30,26-35,Male,16.0,Mandate,Verified
INV001579,2024-01-04,125498,SIP,40657,Karnataka,Bangalore,T30,46-55,Male,71.1,UPI,Verified
INV003705,2024-01-04,120506,SIP,57004,Telangana,Hyderabad,T30,26-35,Male,8.0,UPI,Pending
INV000544,2024-01-04,120507,Lumpsum,295246,Madhya Pradesh,Bhopal,B30,18-25,Male,3.6,Mandate,Verified
INV001997,2024-01-04,120505,SIP,908,Delhi,New Delhi,T30,56+,Female,24.8,UPI,Verified
INV003707,2024-01-04,120506,SIP,3527,Telangana,Hyderabad,T30,36-45,Female,55.5,Mandate,Verified
INV000372,2024-01-04,148569,Lumpsum,209421,Gujarat,Surat,T30,36-45,Male,12.4,Cheque,Verified
INV001331,2024-01-04,120841,SIP,568,Gujarat,Ahmedabad,T30,26-35,Male,17.5,Net Banking,Verified
INV002033,2024-01-04,102885,SIP,8905,Gujarat,Ahmedabad,T30,46-55,Male,18.9,UPI,Verified
INV003953,2024-01-04,148569,SIP,58436,Maharashtra,Pune,T30,36-45,Male,17.4,Mandate,Verified
INV003500,2024-01-04,120505,SIP,2007,Maharashtra,Mumbai,T30,26-35,Male,15.5,Mandate,Pending
INV003240,2024-01-04,101206,SIP,6686,Haryana,Gurugram,T30,26-35,Male,21.7,Net Banking,Pending
INV003040,2024-01-04,119598,Lumpsum,468352,Karnataka,Bangalore,T30,26-35,Female,15.3,Cheque,Verified
INV000663,2024-01-04,148568,SIP,558,Haryana,Gurugram,T30,26-35,Female,13.8,Mandate,Pending
INV003083,2024-01-04,125497,Lumpsum,201815,Madhya Pradesh,Bhopal,B30,56+,Female,41.3,UPI,Verified
INV004131,2024-01-04,101208,SIP,2343,Uttar Pradesh,Kanpur,B30,26-35,Male,10.3,UPI,Verified
INV001806,2024-01-04,102885,SIP,20256,Telangana,Hyderabad,T30,36-45,Male,32.6,UPI,Verified
INV001190,2024-01-04,118636,SIP,9909,Maharashtra,Mumbai,T30,26-35,Male,15.6,Mandate,Verified
INV004939,2024-01-04,118635,SIP,25211,Punjab,Amritsar,B30,18-25,Male,4.7,Cheque,Verified
INV004896,2024-01-04,148567,Lumpsum,22023,Uttar Pradesh,Agra,B30,18-25,Female,3.5,Mandate,Verified
INV004682,2024-01-04,120841,SIP,571,Telangana,Hyderabad,T30,26-35,Female,8.7,Mandate,Verified
INV002891,2024-01-04,120842,SIP,2202,Haryana,Faridabad,B30,36-45,Female,56.5,Cheque,Verified
INV002400,2024-01-04,120506,SIP,11693,Punjab,Chandigarh,T30,36-45,Male,15.5,Cheque,Verified
INV004138,2024-01-04,119094,SIP,827,Madhya Pradesh,Indore,T30,36-45,Male,18.2,Mandate,Verified
INV003489,2024-01-04,149323,SIP,11426,Rajasthan,Udaipur,B30,26-35,Male,11.4,UPI,Verified
INV004602,2024-01-04,120504,SIP,28337,Delhi,Noida,T30,26-35,Female,9.4,Cheque,Verified
INV004593,2024-01-04,120506,Lumpsum,65501,Punjab,Amritsar,B30,26-35,Male,13.7,Net Banking,Verified
INV003394,2024-01-04,149322,SIP,13339,West Bengal,Kolkata,T30,26-35,Male,14.6,Mandate,Verified
INV002056,2024-01-04,119551,SIP,5980,Madhya Pradesh,Bhopal,B30,18-25,Female,3.4,Mandate,Verified
INV004770,2024-01-04,125497,SIP,8263,Gujarat,Surat,T30,18-25,Female,5.2,Net Banking,Verified
INV002862,2024-01-04,119092,SIP,1123,Telangana,Hyderabad,T30,56+,Male,72.7,Mandate,Verified
INV003414,2024-01-04,149322,SIP,2730,Maharashtra,Pune,T30,36-45,Female,20.3,Cheque,Verified
INV000803,2024-01-04,120505,SIP,4906,Karnataka,Mysore,B30,26-35,Female,20.6,Cheque,Verified
INV004353,2024-01-04,120844,Lumpsum,20266,Uttar Pradesh,Agra,B30,56+,Male,31.2,UPI,Verified
INV001553,2024-01-04,120844,Redemption,125745,Delhi,Noida,T30,26-35,Male,23.5,Cheque,Verified
INV003579,2024-01-04,119599,Lumpsum,518933,West Bengal,Kolkata,T30,18-25,Male,4.6,Net Banking,Verified
INV003410,2024-01-04,149324,SIP,1826,Madhya Pradesh,Indore,T30,26-35,Male,7.7,UPI,Verified
INV003409,2024-01-04,125497,Redemption,255163,Karnataka,Mysore,B30,46-55,Male,44.2,Net Banking,Verified
INV002554,2024-01-04,102885,SIP,8997,Madhya Pradesh,Bhopal,B30,18-25,Male,5.4,Net Banking,Verified
INV004059,2024-01-04,120843,SIP,7638,Maharashtra,Pune,T30,26-35,Female,17.0,Net Banking,Verified
INV000639,2024-01-04,149322,Lumpsum,286253,Tamil Nadu,Coimbatore,B30,18-25,Female,3.6,UPI,Verified
INV002219,2024-01-04,120504,SIP,5981,Karnataka,Mysore,B30,26-35,Male,6.9,Mandate,Verified
INV002960,2024-01-04,119120,SIP,15426,Madhya Pradesh,Indore,T30,36-45,Male,57.1,Cheque,Verified
INV003342,2024-01-04,100025,Redemption,345140,Tamil Nadu,Chennai,T30,56+,Male,32.8,Cheque,Verified
INV002748,2024-01-04,119120,SIP,533,Punjab,Amritsar,B30,26-35,Male,7.8,Net Banking,Verified
INV004880,2024-01-04,125497,SIP,6167,Punjab,Chandigarh,T30,26-35,Male,6.3,UPI,Verified
INV002436,2024-01-04,149322,SIP,5899,Gujarat,Surat,T30,46-55,Male,28.8,Net Banking,Verified
INV002659,2024-01-04,125497,Redemption,218077,Madhya Pradesh,Bhopal,B30,36-45,Female,56.5,Mandate,Verified
INV003196,2024-01-04,101207,SIP,2483,West Bengal,Kolkata,T30,26-35,Female,20.1,UPI,Verified
INV000874,2024-01-04,120844,SIP,1162,Tamil Nadu,Chennai,T30,56+,Male,19.1,Net Banking,Verified
INV000386,2024-01-04,119093,SIP,57205,Haryana,Faridabad,B30,36-45,Male,14.2,Net Banking,Verified
INV001536,2024-01-04,119598,SIP,1762,Karnataka,Mysore,B30,26-35,Male,17.9,Cheque,Verified
INV002642,2024-01-04,148568,SIP,911,Haryana,Gurugram,T30,46-55,Female,48.8,UPI,Verified
INV004452,2024-01-05,149324,SIP,4901,Rajasthan,Udaipur,B30,26-35,Male,17.6,Net Banking,Verified
INV003171,2024-01-05,120505,SIP,5100,Rajasthan,Jaipur,T30,36-45,Female,16.3,Cheque,Verified
INV000926,2024-01-05,120507,SIP,7278,Delhi,New Delhi,T30,36-45,Male,46.1,Mandate,Verified
INV001070,2024-01-05,120843,SIP,52410,Tamil Nadu,Coimbatore,B30,26-35,Male,11.9,Cheque,Verified
INV004919,2024-01-05,100033,Lumpsum,243656,Telangana,Hyderabad,T30,26-35,Male,6.6,Cheque,Verified
INV002656,2024-01-05,118636,Lumpsum,265566,Tamil Nadu,Coimbatore,B30,26-35,Male,9.6,Mandate,Verified
INV003072,2024-01-05,119094,SIP,28652,Tamil Nadu,Coimbatore,B30,18-25,Male,3.8,UPI,Verified
INV003846,2024-01-05,102886,Redemption,8986,Uttar Pradesh,Agra,B30,46-55,Female,44.2,Mandate,Verified
INV004400,2024-01-05,120841,Lumpsum,522907,Uttar Pradesh,Agra,B30,26-35,Male,19.5,Cheque,Verified
INV003028,2024-01-05,100033,SIP,7663,Tamil Nadu,Chennai,T30,26-35,Female,12.8,Cheque,Verified
INV004733,2024-01-05,149323,SIP,822,Telangana,Hyderabad,T30,18-25,Male,5.4,Cheque,Verified
INV002610,2024-01-05,100016,SIP,4252,Tamil Nadu,Coimbatore,B30,36-45,Female,31.7,Net Banking,Verified
INV000476,2024-01-05,100033,SIP,47424,Gujarat,Surat,T30,46-55,Female,21.2,Net Banking,Verified
INV003516,2024-01-05,118635,Lumpsum,363022,Delhi,Gurugram,T30,36-45,Female,14.0,Mandate,Verified
INV000181,2024-01-05,118633,SIP,8019,Uttar Pradesh,Lucknow,T30,36-45,Male,36.2,Cheque,Verified
INV002225,2024-01-05,120844,SIP,2284,Punjab,Amritsar,B30,46-55,Male,86.2,Mandate,Verified
INV003251,2024-01-05,149324,Lumpsum,341468,Tamil Nadu,Coimbatore,B30,36-45,Female,52.4,Net Banking,Verified
INV003193,2024-01-05,119599,SIP,4260,Rajasthan,Jaipur,T30,36-45,Male,40.4,Net Banking,Verified
INV004998,2024-01-05,120844,Lumpsum,295114,Gujarat,Ahmedabad,T30,36-45,Male,24.2,Net Banking,Verified
INV004981,2024-01-05,149323,SIP,7677,Haryana,Faridabad,B30,18-25,Male,3.5,Net Banking,Verified
INV003075,2024-01-05,100025,SIP,8649,Delhi,Gurugram,T30,46-55,Male,83.5,Net Banking,Verified
INV001651,2024-01-05,149323,SIP,6844,Gujarat,Ahmedabad,T30,18-25,Male,4.1,UPI,Verified
INV004478,2024-01-05,101206,Redemption,308976,Delhi,New Delhi,T30,26-35,Male,13.8,Mandate,Verified
INV004743,2024-01-05,119092,SIP,15224,Maharashtra,Nashik,B30,36-45,Male,18.7,Mandate,Verified
INV003198,2024-01-05,120843,SIP,46712,Uttar Pradesh,Lucknow,T30,46-55,Female,37.0,Net Banking,Verified
INV003076,2024-01-05,120507,Redemption,197940,Haryana,Gurugram,T30,26-35,Male,20.2,UPI,Verified
INV003427,2024-01-05,118633,Redemption,193289,West Bengal,Kolkata,T30,18-25,Male,4.4,UPI,Verified
INV003505,2024-01-05,148568,Redemption,13457,West Bengal,Kolkata,T30,56+,Female,53.5,UPI,Verified
INV001811,2024-01-05,119552,Lumpsum,48636,Punjab,Amritsar,B30,18-25,Male,7.8,Net Banking,Verified
INV000762,2024-01-05,101208,Lumpsum,141489,Delhi,Gurugram,T30,36-45,Female,29.8,Net Banking,Verified
INV001930,2024-01-05,125497,SIP,1092,Tamil Nadu,Chennai,T30,26-35,Female,8.8,Mandate,Verified
INV000535,2024-01-05,118636,SIP,26387,Tamil Nadu,Coimbatore,B30,36-45,Male,18.7,Cheque,Verified
INV000642,2024-01-05,119092,Redemption,413094,Gujarat,Surat,T30,26-35,Male,15.6,Mandate,Verified
INV003641,2024-01-05,120505,SIP,6819,Telangana,Hyderabad,T30,26-35,Female,13.1,Net Banking,Verified
INV001027,2024-01-05,119552,Redemption,347503,West Bengal,Kolkata,T30,46-55,Female,62.7,Net Banking,Verified
INV000058,2024-01-05,120841,Lumpsum,248336,Maharashtra,Mumbai,T30,26-35,Male,19.9,Net Banking,Verified
INV004257,2024-01-05,119094,Redemption,301471,Telangana,Hyderabad,T30,36-45,Male,22.0,Mandate,Pending
INV004889,2024-01-05,149323,Lumpsum,330076,Rajasthan,Jaipur,T30,46-55,Male,34.5,Mandate,Verified
INV003063,2024-01-05,148569,SIP,869,Maharashtra,Mumbai,T30,36-45,Female,45.0,Net Banking,Verified
INV001269,2024-01-05,100033,Lumpsum,432672,Maharashtra,Mumbai,T30,26-35,Male,14.4,UPI,Pending
INV003937,2024-01-05,102885,Lumpsum,451983,Maharashtra,Nashik,B30,56+,Male,31.8,Net Banking,Verified
INV000786,2024-01-05,119095,SIP,1199,Madhya Pradesh,Bhopal,B30,26-35,Male,17.9,UPI,Verified
INV002567,2024-01-05,120842,SIP,9018,Madhya Pradesh,Indore,T30,36-45,Male,20.3,Cheque,Verified
INV004992,2024-01-05,101208,SIP,434,Rajasthan,Udaipur,B30,26-35,Male,11.1,Cheque,Verified
INV001636,2024-01-05,119094,SIP,8674,Rajasthan,Udaipur,B30,18-25,Male,6.0,Mandate,Verified
INV004902,2024-01-05,119552,Lumpsum,25230,Rajasthan,Jaipur,T30,18-25,Female,6.1,Mandate,Verified
INV002947,2024-01-05,148569,SIP,8881,Maharashtra,Nashik,B30,46-55,Male,73.3,UPI,Verified
INV003795,2024-01-05,101208,SIP,4746,West Bengal,Kolkata,T30,18-25,Male,7.6,Mandate,Verified
INV003216,2024-01-05,119551,Lumpsum,59528,Delhi,New Delhi,T30,36-45,Male,12.6,UPI,Verified
INV001629,2024-01-05,118634,Lumpsum,26213,Madhya Pradesh,Indore,T30,26-35,Male,15.0,Cheque,Verified
INV002611,2024-01-05,120507,Redemption,373343,West Bengal,Kolkata,T30,26-35,Male,21.5,Net Banking,Verified
INV004340,2024-01-05,102885,Redemption,151645,Karnataka,Mysore,B30,26-35,Male,17.9,Cheque,Verified
INV004096,2024-01-05,101207,SIP,44821,Tamil Nadu,Coimbatore,B30,36-45,Male,57.1,Net Banking,Verified
INV004291,2024-01-05,149323,Redemption,402785,Telangana,Hyderabad,T30,56+,Female,30.4,Net Banking,Verified
INV002154,2024-01-05,149324,Redemption,188124,Uttar Pradesh,Lucknow,T30,36-45,Male,40.5,Mandate,Verified
INV004414,2024-01-05,118635,Redemption,294110,Uttar Pradesh,Lucknow,T30,26-35,Male,6.6,Mandate,Verified
INV000854,2024-01-05,119093,SIP,2770,Karnataka,Bangalore,T30,46-55,Female,79.7,Mandate,Verified
INV001295,2024-01-05,119120,SIP,6736,Madhya Pradesh,Indore,T30,36-45,Male,30.8,Cheque,Verified
INV000461,2024-01-05,125498,SIP,10676,Punjab,Chandigarh,T30,36-45,Male,26.9,Net Banking,Pending
INV000065,2024-01-05,149322,Redemption,89612,Maharashtra,Mumbai,T30,46-55,Female,43.2,UPI,Verified
INV003211,2024-01-05,101206,Lumpsum,405816,Uttar Pradesh,Lucknow,T30,36-45,Male,55.1,Cheque,Verified
INV002530,2024-01-05,119093,SIP,13177,Telangana,Hyderabad,T30,36-45,Male,53.9,Cheque,Pending
INV004472,2024-01-05,120843,Lumpsum,331877,West Bengal,Kolkata,T30,26-35,Female,19.1,Net Banking,Verified
INV000791,2024-01-05,119598,SIP,13272,Madhya Pradesh,Bhopal,B30,26-35,Male,18.4,Mandate,Verified
INV000797,2024-01-05,118636,Redemption,372649,Rajasthan,Jaipur,T30,36-45,Female,53.7,Mandate,Verified
INV003744,2024-01-06,118632,Lumpsum,123594,Karnataka,Mysore,B30,18-25,Female,4.1,Net Banking,Verified
INV001492,2024-01-06,119552,SIP,2167,Tamil Nadu,Chennai,T30,26-35,Male,19.6,UPI,Verified
INV002796,2024-01-06,101207,Lumpsum,115644,Telangana,Hyderabad,T30,36-45,Male,48.8,UPI,Pending
INV001304,2024-01-06,125497,SIP,5514,Gujarat,Ahmedabad,T30,26-35,Male,21.8,Cheque,Pending
INV003998,2024-01-06,101208,SIP,11973,Telangana,Hyderabad,T30,26-35,Male,12.5,UPI,Verified
INV001058,2024-01-06,119598,Lumpsum,33691,Uttar Pradesh,Kanpur,B30,36-45,Male,28.2,Cheque,Verified
INV003636,2024-01-06,119552,SIP,2299,West Bengal,Kolkata,T30,46-55,Female,94.0,Net Banking,Verified
INV001630,2024-01-06,119093,SIP,27077,Telangana,Hyderabad,T30,36-45,Male,15.4,Net Banking,Verified
INV003991,2024-01-06,120504,SIP,3089,Tamil Nadu,Chennai,T30,26-35,Female,20.9,Mandate,Verified
INV000668,2024-01-06,101207,SIP,2570,Telangana,Hyderabad,T30,18-25,Male,4.8,Cheque,Verified
INV001848,2024-01-06,148569,SIP,16080,Punjab,Chandigarh,T30,26-35,Male,10.9,Cheque,Verified
INV003876,2024-01-06,100033,Redemption,237658,Rajasthan,Udaipur,B30,18-25,Male,5.6,Net Banking,Verified
INV003022,2024-01-06,101207,Lumpsum,445481,Telangana,Hyderabad,T30,46-55,Male,60.2,Mandate,Verified
INV002250,2024-01-06,102887,Lumpsum,554938,Telangana,Hyderabad,T30,36-45,Male,20.4,Mandate,Verified
INV004594,2024-01-06,149322,Lumpsum,119338,Haryana,Gurugram,T30,26-35,Female,9.8,Cheque,Verified
INV001283,2024-01-06,119599,Lumpsum,33527,Telangana,Hyderabad,T30,18-25,Male,4.6,Cheque,Pending
INV002835,2024-01-06,149322,SIP,5894,Haryana,Faridabad,B30,26-35,Male,11.2,Cheque,Verified
INV002776,2024-01-06,101207,SIP,989,Tamil Nadu,Coimbatore,B30,18-25,Male,5.8,Net Banking,Pending
INV003143,2024-01-06,120843,Lumpsum,249341,Karnataka,Mysore,B30,18-25,Female,5.9,Cheque,Verified
INV003696,2024-01-06,120504,Lumpsum,401559,Tamil Nadu,Coimbatore,B30,18-25,Female,4.0,Net Banking,Verified
INV000783,2024-01-06,148569,Lumpsum,60606,Gujarat,Ahmedabad,T30,46-55,Male,92.0,Cheque,Pending
INV000783,2024-01-06,100033,Lumpsum,330093,Gujarat,Ahmedabad,T30,46-55,Male,92.0,Cheque,Verified
INV003060,2024-01-06,120507,SIP,10941,Rajasthan,Jaipur,T30,56+,Female,16.6,Cheque,Verified
INV000974,2024-01-06,120506,SIP,6150,Maharashtra,Mumbai,T30,46-55,Male,88.6,UPI,Verified
INV000126,2024-01-06,101207,Lumpsum,151709,Maharashtra,Mumbai,T30,26-35,Male,19.4,Mandate,Pending
INV004134,2024-01-06,148569,SIP,3144,West Bengal,Kolkata,T30,36-45,Male,24.4,Mandate,Verified
INV001131,2024-01-06,120505,Lumpsum,513257,Tamil Nadu,Coimbatore,B30,36-45,Female,32.0,Mandate,Verified
INV004811,2024-01-06,120841,Redemption,39649,Punjab,Amritsar,B30,26-35,Female,9.4,UPI,Verified
INV003691,2024-01-06,118632,SIP,1128,Haryana,Faridabad,B30,18-25,Male,3.1,Net Banking,Verified
INV001902,2024-01-06,120843,SIP,2179,Punjab,Chandigarh,T30,46-55,Female,22.2,Net Banking,Verified
INV004230,2024-01-06,120841,Lumpsum,31627,Karnataka,Bangalore,T30,18-25,Female,7.4,Cheque,Verified
INV001923,2024-01-06,102886,SIP,1042,Gujarat,Surat,T30,18-25,Female,4.0,Mandate,Verified
INV002658,2024-01-06,120503,Lumpsum,41413,Madhya Pradesh,Indore,T30,26-35,Female,16.8,Net Banking,Verified
INV001953,2024-01-06,101208,Lumpsum,420171,Haryana,Faridabad,B30,46-55,Male,55.0,Net Banking,Verified
INV002565,2024-01-06,119599,Lumpsum,63809,Rajasthan,Jaipur,T30,26-35,Male,10.0,Mandate,Verified
INV001770,2024-01-06,118636,Lumpsum,138095,Telangana,Hyderabad,T30,18-25,Male,6.3,Cheque,Verified
INV000960,2024-01-06,120507,SIP,12641,West Bengal,Kolkata,T30,46-55,Male,90.6,Cheque,Pending
INV001924,2024-01-06,125497,SIP,2361,Karnataka,Bangalore,T30,18-25,Male,4.9,Net Banking,Verified
INV003097,2024-01-06,120842,SIP,9469,Punjab,Chandigarh,T30,26-35,Male,21.5,Net Banking,Verified
INV000166,2024-01-06,149324,SIP,2824,Telangana,Hyderabad,T30,26-35,Male,24.4,Mandate,Verified
INV001870,2024-01-06,118636,SIP,57785,Madhya Pradesh,Indore,T30,26-35,Male,19.3,UPI,Verified
INV004329,2024-01-06,102886,SIP,2439,Haryana,Gurugram,T30,18-25,Female,7.5,Net Banking,Verified
INV004832,2024-01-06,119551,Redemption,359828,Uttar Pradesh,Kanpur,B30,18-25,Male,3.8,Net Banking,Verified
INV001043,2024-01-06,149324,SIP,3166,Haryana,Gurugram,T30,18-25,Male,7.8,UPI,Verified
INV001656,2024-01-06,119120,Redemption,357463,Madhya Pradesh,Bhopal,B30,26-35,Male,19.4,Mandate,Verified
INV004412,2024-01-06,148568,SIP,2615,Punjab,Amritsar,B30,26-35,Female,21.6,UPI,Verified
INV003040,2024-01-06,148568,SIP,1616,Karnataka,Bangalore,T30,26-35,Female,15.3,Mandate,Verified
INV002034,2024-01-06,120842,SIP,28965,Uttar Pradesh,Lucknow,T30,26-35,Male,10.0,UPI,Verified
INV004185,2024-01-06,118633,SIP,2625,Tamil Nadu,Coimbatore,B30,46-55,Male,38.5,Cheque,Verified
INV000182,2024-01-06,120842,Redemption,309923,Tamil Nadu,Chennai,T30,36-45,Male,38.1,Net Banking,Verified
INV004497,2024-01-06,119120,SIP,42251,Rajasthan,Jaipur,T30,26-35,Female,13.3,UPI,Verified
INV000163,2024-01-06,100033,SIP,26952,Uttar Pradesh,Kanpur,B30,46-55,Male,70.4,Cheque,Verified
INV003894,2024-01-06,119552,Lumpsum,404974,Tamil Nadu,Coimbatore,B30,26-35,Male,14.9,Mandate,Verified
INV001720,2024-01-06,119094,Redemption,197973,Karnataka,Mysore,B30,36-45,Male,43.6,Mandate,Verified
INV000104,2024-01-06,149322,SIP,29462,Madhya Pradesh,Indore,T30,26-35,Male,8.1,Cheque,Pending
INV002548,2024-01-06,118632,SIP,59410,Haryana,Gurugram,T30,26-35,Male,21.3,UPI,Verified
INV002329,2024-01-06,120842,SIP,8132,Madhya Pradesh,Indore,T30,56+,Male,51.2,Cheque,Verified
INV003070,2024-01-06,119092,SIP,26490,West Bengal,Kolkata,T30,26-35,Male,23.7,Cheque,Verified
INV003564,2024-01-06,148569,SIP,53136,Telangana,Hyderabad,T30,18-25,Male,6.8,Mandate,Verified
INV000408,2024-01-07,120843,Redemption,118820,Punjab,Amritsar,B30,56+,Male,62.3,Net Banking,Verified
INV000231,2024-01-07,119095,Redemption,221924,Rajasthan,Udaipur,B30,26-35,Female,22.9,Cheque,Verified
INV000091,2024-01-07,101208,SIP,8317,Haryana,Gurugram,T30,26-35,Male,14.6,Net Banking,Verified
INV001735,2024-01-07,119552,SIP,16939,Maharashtra,Pune,T30,56+,Male,41.9,Net Banking,Verified
INV000894,2024-01-07,100033,Redemption,219820,Tamil Nadu,Coimbatore,B30,36-45,Female,32.0,Net Banking,Verified
INV000962,2024-01-07,120842,Lumpsum,422124,Punjab,Chandigarh,T30,26-35,Male,24.5,Cheque,Verified
INV001723,2024-01-07,119094,SIP,6112,Tamil Nadu,Chennai,T30,26-35,Male,14.2,Cheque,Verified
INV003085,2024-01-07,119092,Redemption,181536,Delhi,Gurugram,T30,36-45,Female,29.2,UPI,Verified
INV003325,2024-01-07,101206,SIP,2768,Haryana,Faridabad,B30,26-35,Male,17.3,Cheque,Verified
INV004132,2024-01-07,119094,Lumpsum,263193,Rajasthan,Jaipur,T30,18-25,Male,6.3,Net Banking,Verified
INV003322,2024-01-07,120506,SIP,4204,Rajasthan,Jaipur,T30,26-35,Male,22.7,Cheque,Verified
INV004841,2024-01-07,101207,SIP,592,West Bengal,Kolkata,T30,26-35,Male,21.4,Cheque,Verified
INV004119,2024-01-07,119551,Redemption,376569,Uttar Pradesh,Kanpur,B30,26-35,Female,13.0,UPI,Verified
INV001476,2024-01-07,119092,SIP,10756,Rajasthan,Jaipur,T30,36-45,Male,38.1,Cheque,Pending
INV000667,2024-01-07,101208,Lumpsum,390649,Telangana,Hyderabad,T30,26-35,Male,7.5,Mandate,Verified
INV001689,2024-01-07,120505,Lumpsum,473543,Haryana,Faridabad,B30,36-45,Male,40.4,Cheque,Verified
INV003422,2024-01-07,119598,SIP,17031,Uttar Pradesh,Lucknow,T30,26-35,Male,9.0,UPI,Verified
INV002471,2024-01-07,120844,SIP,1126,Punjab,Chandigarh,T30,18-25,Male,3.1,Net Banking,Verified
INV001274,2024-01-07,119092,Lumpsum,136990,Maharashtra,Mumbai,T30,36-45,Female,55.7,Mandate,Verified
INV004336,2024-01-07,120842,Lumpsum,117691,West Bengal,Kolkata,T30,46-55,Female,35.0,Cheque,Verified
INV001036,2024-01-07,149323,SIP,2621,Punjab,Chandigarh,T30,46-55,Female,40.5,Net Banking,Verified
INV001363,2024-01-07,118632,SIP,58920,Karnataka,Mysore,B30,56+,Male,29.4,UPI,Verified
INV000339,2024-01-07,120843,Lumpsum,133844,Uttar Pradesh,Kanpur,B30,26-35,Male,22.3,Net Banking,Verified
INV003377,2024-01-07,148567,Lumpsum,275934,Uttar Pradesh,Agra,B30,36-45,Male,53.9,Net Banking,Verified
INV002732,2024-01-07,120843,SIP,1047,Uttar Pradesh,Lucknow,T30,18-25,Male,4.5,UPI,Verified
INV000766,2024-01-07,148568,SIP,7948,Uttar Pradesh,Agra,B30,46-55,Male,88.1,Net Banking,Verified
INV004894,2024-01-07,120506,SIP,2960,Telangana,Hyderabad,T30,26-35,Female,21.0,UPI,Verified
INV000308,2024-01-07,119095,Redemption,15648,West Bengal,Kolkata,T30,36-45,Male,52.4,UPI,Verified
INV000307,2024-01-07,149323,Lumpsum,81645,Telangana,Hyderabad,T30,18-25,Male,7.8,Mandate,Verified
INV004258,2024-01-07,119552,Redemption,57695,Gujarat,Ahmedabad,T30,36-45,Male,56.6,Cheque,Verified
INV003343,2024-01-07,119095,Redemption,96619,Telangana,Hyderabad,T30,36-45,Male,26.0,Mandate,Verified
INV004639,2024-01-07,101208,Redemption,396767,Rajasthan,Jaipur,T30,18-25,Female,6.0,Cheque,Verified
INV001491,2024-01-07,149322,SIP,4575,Tamil Nadu,Chennai,T30,56+,Male,78.5,Mandate,Verified
INV001006,2024-01-07,101208,SIP,2104,Tamil Nadu,Coimbatore,B30,56+,Female,75.6,Net Banking,Verified
INV000288,2024-01-07,118634,SIP,55146,Telangana,Hyderabad,T30,26-35,Male,10.1,Cheque,Verified
INV003054,2024-01-07,120843,SIP,6158,Telangana,Hyderabad,T30,56+,Female,77.1,Cheque,Verified
INV004349,2024-01-07,119092,Lumpsum,416883,Haryana,Gurugram,T30,26-35,Female,9.3,UPI,Verified
INV003341,2024-01-07,149322,Lumpsum,76277,Rajasthan,Jaipur,T30,26-35,Male,23.0,Cheque,Verified
INV004754,2024-01-07,119552,SIP,4842,Telangana,Hyderabad,T30,36-45,Female,51.5,Net Banking,Verified
INV002870,2024-01-07,125498,Lumpsum,423490,Karnataka,Mysore,B30,26-35,Female,23.7,Net Banking,Verified
INV003411,2024-01-07,149324,SIP,2954,Tamil Nadu,Chennai,T30,26-35,Male,14.2,Net Banking,Verified
INV000155,2024-01-07,120506,Redemption,230658,Madhya Pradesh,Bhopal,B30,26-35,Female,17.4,Net Banking,Verified
INV000855,2024-01-07,101206,SIP,490,Maharashtra,Pune,T30,56+,Male,57.1,Cheque,Verified
INV004185,2024-01-07,101206,SIP,2462,Tamil Nadu,Coimbatore,B30,46-55,Male,38.5,Cheque,Verified
INV002834,2024-01-07,120841,Redemption,368938,West Bengal,Kolkata,T30,18-25,Male,6.9,Net Banking,Verified
INV004498,2024-01-07,119120,Redemption,253111,Punjab,Chandigarh,T30,26-35,Male,6.7,UPI,Verified
INV004008,2024-01-07,101208,SIP,471,Maharashtra,Nashik,B30,46-55,Male,17.2,UPI,Verified
INV001602,2024-01-07,100016,SIP,17107,West Bengal,Kolkata,T30,36-45,Male,27.0,Mandate,Verified
INV003319,2024-01-07,102886,SIP,4604,Punjab,Chandigarh,T30,26-35,Male,12.8,Mandate,Verified
INV001447,2024-01-07,120841,Redemption,75406,Madhya Pradesh,Indore,T30,26-35,Female,14.6,Mandate,Verified
INV002599,2024-01-07,149322,SIP,2827,Gujarat,Surat,T30,26-35,Male,11.4,Cheque,Verified
INV000032,2024-01-07,119120,Redemption,291165,Delhi,Noida,T30,36-45,Male,21.8,Cheque,Verified
INV002505,2024-01-07,120841,SIP,8163,Tamil Nadu,Coimbatore,B30,36-45,Female,21.1,UPI,Verified
INV000583,2024-01-07,119092,Redemption,344315,Punjab,Amritsar,B30,26-35,Male,8.7,Cheque,Verified
INV000476,2024-01-07,120505,SIP,9845,Gujarat,Surat,T30,46-55,Female,21.2,Mandate,Verified
INV004427,2024-01-07,100016,SIP,12756,Punjab,Amritsar,B30,36-45,Female,54.2,UPI,Verified
INV000540,2024-01-07,120843,Redemption,410824,Tamil Nadu,Coimbatore,B30,26-35,Female,10.4,Mandate,Verified
INV001961,2024-01-07,120503,SIP,2278,Delhi,Gurugram,T30,26-35,Male,23.4,Cheque,Verified
INV003279,2024-01-07,119120,SIP,14432,Rajasthan,Jaipur,T30,46-55,Female,19.4,Net Banking,Pending
INV002329,2024-01-07,120842,SIP,26835,Madhya Pradesh,Indore,T30,56+,Male,51.2,UPI,Verified
INV000542,2024-01-07,118632,SIP,2033,Haryana,Faridabad,B30,36-45,Male,20.3,Cheque,Verified
INV004576,2024-01-07,148569,Redemption,200234,Rajasthan,Jaipur,T30,46-55,Male,54.5,Net Banking,Verified
INV001311,2024-01-07,102887,SIP,553,Telangana,Hyderabad,T30,26-35,Male,20.9,Mandate,Verified
INV001327,2024-01-07,120842,SIP,5741,Delhi,New Delhi,T30,36-45,Male,31.2,UPI,Verified
INV002361,2024-01-08,101207,SIP,42978,Gujarat,Surat,T30,36-45,Male,59.3,Net Banking,Verified
INV004088,2024-01-08,118636,Lumpsum,225281,Tamil Nadu,Chennai,T30,36-45,Male,26.8,UPI,Verified
INV001581,2024-01-08,100025,Lumpsum,194939,Madhya Pradesh,Indore,T30,18-25,Female,5.7,Net Banking,Verified
INV004493,2024-01-08,119599,Redemption,115716,Tamil Nadu,Chennai,T30,36-45,Male,19.3,UPI,Verified
INV000309,2024-01-08,125498,SIP,2302,Delhi,Gurugram,T30,26-35,Male,18.1,Mandate,Verified
INV001696,2024-01-08,120507,SIP,2285,West Bengal,Kolkata,T30,56+,Female,55.8,Net Banking,Pending
INV002847,2024-01-08,120841,Redemption,255648,Haryana,Faridabad,B30,26-35,Male,13.4,Cheque,Verified
INV000074,2024-01-08,148567,SIP,2005,Rajasthan,Jaipur,T30,26-35,Female,8.4,UPI,Verified
INV004714,2024-01-08,100033,Lumpsum,337687,Madhya Pradesh,Bhopal,B30,36-45,Male,31.3,Cheque,Verified
INV003294,2024-01-08,118634,Redemption,249450,Madhya Pradesh,Bhopal,B30,26-35,Female,11.1,Mandate,Verified
INV004450,2024-01-08,100016,SIP,55566,Tamil Nadu,Coimbatore,B30,36-45,Male,16.7,Net Banking,Verified
INV003232,2024-01-08,120842,Redemption,423309,Maharashtra,Pune,T30,36-45,Female,30.9,Net Banking,Verified
INV001122,2024-01-08,148568,SIP,16130,Maharashtra,Mumbai,T30,46-55,Female,18.3,Cheque,Verified
INV004647,2024-01-08,100025,Lumpsum,218815,Madhya Pradesh,Indore,T30,36-45,Female,25.3,Cheque,Verified
INV001333,2024-01-08,100016,SIP,803,Haryana,Faridabad,B30,26-35,Female,19.0,Net Banking,Verified
INV001220,2024-01-08,119095,SIP,570,Punjab,Chandigarh,T30,36-45,Male,48.3,Cheque,Verified
INV004226,2024-01-08,118633,Redemption,88746,Punjab,Chandigarh,T30,18-25,Male,3.9,Net Banking,Verified
INV000081,2024-01-08,119095,Lumpsum,283811,Gujarat,Surat,T30,36-45,Male,31.0,Mandate,Verified
INV001021,2024-01-08,119093,SIP,20743,Maharashtra,Mumbai,T30,56+,Male,50.5,Mandate,Verified
INV000583,2024-01-08,120507,Lumpsum,278514,Punjab,Amritsar,B30,26-35,Male,8.7,Cheque,Verified
INV002679,2024-01-08,118636,Lumpsum,334718,Uttar Pradesh,Agra,B30,36-45,Male,33.8,Net Banking,Verified
INV003342,2024-01-08,119552,Redemption,189489,Tamil Nadu,Chennai,T30,56+,Male,32.8,UPI,Pending
INV002361,2024-01-08,102885,SIP,5081,Gujarat,Surat,T30,36-45,Male,59.3,Net Banking,Verified
INV001605,2024-01-08,120506,SIP,55254,Uttar Pradesh,Kanpur,B30,26-35,Female,12.4,Mandate,Verified
INV002796,2024-01-08,101207,SIP,917,Telangana,Hyderabad,T30,36-45,Male,48.8,Net Banking,Verified
INV000759,2024-01-08,148567,SIP,438,Gujarat,Ahmedabad,T30,26-35,Male,7.6,UPI,Verified
INV002932,2024-01-08,118634,SIP,2386,Haryana,Gurugram,T30,36-45,Female,28.4,Net Banking,Verified
INV000825,2024-01-08,125497,Lumpsum,342462,Madhya Pradesh,Bhopal,B30,18-25,Female,5.5,Cheque,Verified
INV000684,2024-01-08,120842,Redemption,117757,Rajasthan,Udaipur,B30,26-35,Male,10.4,UPI,Verified
INV001407,2024-01-08,149323,SIP,17925,Rajasthan,Udaipur,B30,26-35,Female,22.2,Cheque,Verified
INV000683,2024-01-08,148567,SIP,2362,Maharashtra,Mumbai,T30,26-35,Female,17.4,Net Banking,Verified
INV000399,2024-01-08,119094,SIP,1159,Karnataka,Bangalore,T30,26-35,Male,14.3,Net Banking,Verified
INV002232,2024-01-08,119552,SIP,17948,Karnataka,Bangalore,T30,26-35,Female,16.9,UPI,Verified
INV002549,2024-01-08,120506,SIP,1195,Delhi,New Delhi,T30,26-35,Male,12.5,Net Banking,Verified
INV003536,2024-01-08,118632,SIP,17568,Maharashtra,Nashik,B30,36-45,Male,36.9,UPI,Verified
INV001697,2024-01-08,120507,SIP,48897,Haryana,Gurugram,T30,18-25,Male,5.4,Mandate,Verified
INV001011,2024-01-08,100033,SIP,2227,Madhya Pradesh,Bhopal,B30,26-35,Male,14.4,Net Banking,Pending
INV001109,2024-01-08,102885,SIP,1652,Delhi,Noida,T30,26-35,Male,18.4,Net Banking,Verified
INV003978,2024-01-08,101207,SIP,25496,Telangana,Hyderabad,T30,26-35,Female,6.2,UPI,Verified
INV001747,2024-01-08,101207,Lumpsum,394469,Madhya Pradesh,Indore,T30,18-25,Female,3.8,UPI,Verified
INV004285,2024-01-08,120843,Lumpsum,154122,Punjab,Chandigarh,T30,26-35,Male,8.0,UPI,Verified
INV003161,2024-01-08,119599,Lumpsum,341506,Uttar Pradesh,Kanpur,B30,36-45,Female,30.2,Net Banking,Verified
INV001111,2024-01-08,101206,Redemption,150718,Delhi,Gurugram,T30,18-25,Male,7.8,Net Banking,Verified
INV000567,2024-01-08,120843,Lumpsum,329312,Delhi,New Delhi,T30,26-35,Male,9.1,Cheque,Verified
INV003713,2024-01-08,119551,SIP,2267,West Bengal,Kolkata,T30,36-45,Female,29.9,Net Banking,Verified
INV003902,2024-01-08,118636,Redemption,357460,Karnataka,Mysore,B30,26-35,Male,23.1,Mandate,Verified
INV000156,2024-01-08,125497,SIP,3302,Telangana,Hyderabad,T30,46-55,Male,29.1,UPI,Verified
INV000260,2024-01-08,149322,SIP,2582,Delhi,Gurugram,T30,18-25,Male,4.1,Mandate,Verified
INV001916,2024-01-08,100033,SIP,2612,Haryana,Gurugram,T30,26-35,Male,11.0,Cheque,Verified
INV003473,2024-01-08,120843,SIP,1197,Telangana,Hyderabad,T30,26-35,Male,16.5,UPI,Verified
INV003136,2024-01-08,125497,Lumpsum,21407,Haryana,Gurugram,T30,56+,Male,34.4,Cheque,Verified
INV001385,2024-01-08,119092,SIP,2097,Tamil Nadu,Chennai,T30,26-35,Male,13.7,Mandate,Verified
INV004833,2024-01-08,118635,Lumpsum,351348,Madhya Pradesh,Bhopal,B30,26-35,Female,16.5,Cheque,Verified
INV004983,2024-01-08,148569,Redemption,170231,Madhya Pradesh,Bhopal,B30,26-35,Male,20.6,Mandate,Verified
INV004887,2024-01-08,120503,Lumpsum,4541,Gujarat,Surat,T30,56+,Female,79.4,Mandate,Verified
INV004946,2024-01-08,120841,Redemption,186769,Gujarat,Surat,T30,26-35,Female,19.5,Net Banking,Verified
INV004609,2024-01-08,149322,Lumpsum,54390,Karnataka,Bangalore,T30,26-35,Female,10.3,UPI,Verified
INV004609,2024-01-08,120506,SIP,3263,Karnataka,Bangalore,T30,26-35,Female,10.3,Net Banking,Verified
INV002754,2024-01-08,120504,SIP,17836,Karnataka,Bangalore,T30,46-55,Male,82.6,Net Banking,Verified
INV003398,2024-01-08,149323,Lumpsum,325398,Karnataka,Bangalore,T30,36-45,Male,42.0,Cheque,Verified
INV004774,2024-01-08,120843,Lumpsum,357780,Tamil Nadu,Coimbatore,B30,36-45,Male,21.8,UPI,Verified
INV002951,2024-01-08,102886,Lumpsum,28656,Karnataka,Bangalore,T30,36-45,Male,58.6,Cheque,Verified
INV002523,2024-01-08,118634,Lumpsum,283929,Telangana,Hyderabad,T30,46-55,Female,57.2,Mandate,Verified
INV003957,2024-01-08,120841,SIP,4104,Delhi,Noida,T30,36-45,Male,30.9,Mandate,Verified
INV000833,2024-01-08,100025,SIP,2520,Maharashtra,Nashik,B30,18-25,Male,4.4,Mandate,Verified
INV004178,2024-01-08,120506,SIP,1991,Rajasthan,Jaipur,T30,26-35,Male,24.4,Net Banking,Verified
INV003133,2024-01-08,102886,Lumpsum,316291,West Bengal,Kolkata,T30,46-55,Male,72.8,Net Banking,Verified
INV000138,2024-01-09,119092,Lumpsum,183948,Telangana,Hyderabad,T30,26-35,Male,24.7,UPI,Verified
INV001105,2024-01-09,101206,Lumpsum,310210,West Bengal,Kolkata,T30,18-25,Female,3.4,UPI,Verified
INV000044,2024-01-09,125498,Lumpsum,308582,Karnataka,Mysore,B30,36-45,Male,34.9,Net Banking,Verified
INV004672,2024-01-09,102886,Lumpsum,443932,Rajasthan,Jaipur,T30,26-35,Male,23.9,Cheque,Pending
INV001287,2024-01-09,120506,SIP,4216,Telangana,Hyderabad,T30,36-45,Female,19.1,UPI,Verified
INV004852,2024-01-09,119092,SIP,498,Gujarat,Ahmedabad,T30,36-45,Male,35.1,Mandate,Verified
INV001881,2024-01-09,120505,SIP,29130,Telangana,Hyderabad,T30,26-35,Male,11.2,Net Banking,Verified
INV000608,2024-01-09,119092,SIP,14394,Haryana,Gurugram,T30,46-55,Male,83.5,Net Banking,Verified
INV002030,2024-01-09,119552,Redemption,508939,Madhya Pradesh,Bhopal,B30,36-45,Male,31.7,Net Banking,Verified
INV003171,2024-01-09,102885,SIP,8539,Rajasthan,Jaipur,T30,36-45,Female,16.3,Cheque,Verified
INV002101,2024-01-09,119599,SIP,1651,Uttar Pradesh,Lucknow,T30,26-35,Male,14.7,Net Banking,Verified
INV000818,2024-01-09,101206,Redemption,317854,Telangana,Hyderabad,T30,56+,Female,62.5,UPI,Verified
INV002951,2024-01-09,120503,Lumpsum,243569,Karnataka,Bangalore,T30,36-45,Male,58.6,Cheque,Verified
INV002490,2024-01-09,100016,SIP,6591,Gujarat,Surat,T30,36-45,Female,28.1,Cheque,Verified
INV002690,2024-01-09,100033,Redemption,240839,Karnataka,Mysore,B30,36-45,Male,58.0,Cheque,Verified
INV002168,2024-01-09,118632,SIP,9383,Rajasthan,Jaipur,T30,36-45,Male,34.9,Cheque,Verified
INV003544,2024-01-09,118635,SIP,28671,Delhi,Gurugram,T30,26-35,Male,11.7,Mandate,Verified
INV000463,2024-01-09,120844,SIP,451,Gujarat,Ahmedabad,T30,26-35,Male,8.9,Cheque,Verified
INV002958,2024-01-09,118636,Lumpsum,81990,Punjab,Amritsar,B30,26-35,Male,10.3,Mandate,Verified
INV002069,2024-01-09,100025,SIP,50812,West Bengal,Kolkata,T30,46-55,Male,59.0,Cheque,Verified
INV000167,2024-01-09,118632,SIP,4859,Gujarat,Ahmedabad,T30,56+,Male,55.3,Cheque,Verified
INV001579,2024-01-09,120843,SIP,2446,Karnataka,Bangalore,T30,46-55,Male,71.1,Net Banking,Verified
INV001692,2024-01-09,119599,SIP,4921,Rajasthan,Jaipur,T30,26-35,Male,11.7,Mandate,Verified
INV004080,2024-01-09,119120,Lumpsum,242739,Punjab,Amritsar,B30,26-35,Female,18.7,Mandate,Verified
INV004957,2024-01-09,102887,SIP,2190,Delhi,New Delhi,T30,36-45,Male,51.2,Net Banking,Verified
INV000293,2024-01-09,125497,SIP,17150,Karnataka,Mysore,B30,26-35,Female,19.3,UPI,Verified
INV000630,2024-01-09,118634,Redemption,364446,Uttar Pradesh,Kanpur,B30,26-35,Male,18.9,Net Banking,Verified
INV001765,2024-01-09,120841,Lumpsum,97105,Uttar Pradesh,Kanpur,B30,46-55,Male,95.2,Cheque,Verified
INV000578,2024-01-09,101207,Lumpsum,115684,Maharashtra,Nashik,B30,26-35,Male,10.9,UPI,Verified
INV000367,2024-01-09,148567,SIP,6893,Haryana,Gurugram,T30,36-45,Male,38.5,UPI,Verified
INV002223,2024-01-09,118632,SIP,14814,Karnataka,Bangalore,T30,36-45,Female,40.7,UPI,Verified
INV002520,2024-01-09,120503,Lumpsum,354499,Tamil Nadu,Chennai,T30,36-45,Male,48.9,Cheque,Verified
INV001410,2024-01-09,120507,Lumpsum,204366,Maharashtra,Mumbai,T30,46-55,Male,26.5,Net Banking,Verified
INV003815,2024-01-09,119598,Lumpsum,591598,Gujarat,Surat,T30,36-45,Male,38.7,UPI,Verified
INV001701,2024-01-09,102885,Redemption,49289,Karnataka,Mysore,B30,26-35,Female,24.4,Mandate,Verified
INV002950,2024-01-09,101208,Lumpsum,423091,Madhya Pradesh,Indore,T30,46-55,Female,37.4,UPI,Verified
INV004380,2024-01-09,120507,Redemption,413580,Gujarat,Surat,T30,36-45,Male,16.6,Mandate,Verified
INV000960,2024-01-09,120506,SIP,808,West Bengal,Kolkata,T30,46-55,Male,90.6,Net Banking,Verified
INV001259,2024-01-09,120506,Lumpsum,290394,Telangana,Hyderabad,T30,26-35,Female,10.6,Mandate,Verified
INV000432,2024-01-09,100016,Lumpsum,208366,Maharashtra,Pune,T30,18-25,Female,6.7,UPI,Verified
INV002107,2024-01-09,100033,SIP,24487,Telangana,Hyderabad,T30,26-35,Male,18.2,Cheque,Verified
INV000313,2024-01-09,119093,Lumpsum,92005,Tamil Nadu,Chennai,T30,18-25,Female,3.1,Mandate,Pending
INV002570,2024-01-09,149323,Lumpsum,497379,Punjab,Chandigarh,T30,36-45,Male,55.3,Mandate,Verified
INV004253,2024-01-09,120503,Lumpsum,307911,Rajasthan,Udaipur,B30,36-45,Male,42.3,UPI,Verified
INV003787,2024-01-09,118636,SIP,7284,Karnataka,Mysore,B30,46-55,Male,29.3,Net Banking,Verified
INV001013,2024-01-09,100025,SIP,10012,Telangana,Hyderabad,T30,36-45,Male,40.6,Cheque,Verified
INV001064,2024-01-09,102887,SIP,29058,West Bengal,Kolkata,T30,46-55,Male,67.9,Net Banking,Verified
INV002584,2024-01-09,119552,SIP,22012,Tamil Nadu,Chennai,T30,36-45,Female,40.0,Net Banking,Verified
INV004932,2024-01-09,120841,Lumpsum,352318,Tamil Nadu,Chennai,T30,26-35,Female,21.1,UPI,Verified
INV004058,2024-01-09,118632,SIP,2250,Tamil Nadu,Chennai,T30,26-35,Male,22.5,Mandate,Verified
INV001480,2024-01-09,148567,SIP,12372,West Bengal,Kolkata,T30,18-25,Male,3.1,Net Banking,Pending
INV003973,2024-01-09,149322,Redemption,180481,Rajasthan,Jaipur,T30,26-35,Male,11.4,Cheque,Verified
INV001228,2024-01-09,118632,Redemption,199032,Karnataka,Bangalore,T30,36-45,Female,29.8,Mandate,Pending
INV000659,2024-01-09,118636,SIP,409,Haryana,Faridabad,B30,26-35,Male,17.2,Cheque,Verified
INV001006,2024-01-09,120504,SIP,41669,Tamil Nadu,Coimbatore,B30,56+,Female,75.6,UPI,Verified
INV002772,2024-01-09,101207,SIP,4196,Haryana,Faridabad,B30,26-35,Male,14.7,Net Banking,Verified
INV004741,2024-01-09,120503,Lumpsum,312903,Telangana,Hyderabad,T30,26-35,Female,24.9,Cheque,Verified
INV000129,2024-01-09,148569,Lumpsum,172590,Punjab,Amritsar,B30,26-35,Female,21.4,UPI,Verified
INV004638,2024-01-09,118636,Lumpsum,429333,Delhi,New Delhi,T30,26-35,Male,6.3,Mandate,Verified
INV004513,2024-01-09,102885,SIP,2476,Karnataka,Mysore,B30,36-45,Female,16.9,Net Banking,Verified
INV002739,2024-01-09,125497,SIP,40730,Tamil Nadu,Chennai,T30,36-45,Female,20.6,Cheque,Verified
INV000082,2024-01-09,125497,SIP,2172,Rajasthan,Udaipur,B30,26-35,Female,19.6,Net Banking,Verified
INV000059,2024-01-10,148568,SIP,1764,Maharashtra,Nashik,B30,18-25,Male,5.2,Mandate,Verified
INV003485,2024-01-10,148569,Lumpsum,300613,Haryana,Gurugram,T30,36-45,Male,39.1,Net Banking,Verified
INV003974,2024-01-10,118636,SIP,14754,Maharashtra,Nashik,B30,46-55,Male,73.6,UPI,Verified
INV004441,2024-01-10,125498,SIP,2935,Uttar Pradesh,Lucknow,T30,26-35,Male,24.0,Cheque,Verified
INV001455,2024-01-10,100025,SIP,7465,Madhya Pradesh,Indore,T30,36-45,Male,26.8,UPI,Verified
INV001680,2024-01-10,120841,SIP,9658,Madhya Pradesh,Indore,T30,26-35,Male,22.8,Net Banking,Verified
INV003803,2024-01-10,101206,Lumpsum,127751,Rajasthan,Jaipur,T30,26-35,Male,10.8,UPI,Verified
INV002379,2024-01-10,119092,SIP,4723,Madhya Pradesh,Bhopal,B30,26-35,Male,15.6,Cheque,Verified
INV001680,2024-01-10,120503,Lumpsum,449350,Madhya Pradesh,Indore,T30,26-35,Male,22.8,Mandate,Verified
INV004717,2024-01-10,120841,Redemption,278427,Maharashtra,Nashik,B30,36-45,Female,12.6,Net Banking,Verified
INV004581,2024-01-10,101207,SIP,4666,Gujarat,Surat,T30,26-35,Male,14.7,Cheque,Verified
INV001398,2024-01-10,100025,SIP,982,Madhya Pradesh,Indore,T30,26-35,Female,18.4,Cheque,Verified
INV002335,2024-01-10,100033,SIP,588,Punjab,Amritsar,B30,26-35,Male,19.3,Cheque,Verified
INV004817,2024-01-10,149322,SIP,2330,Haryana,Faridabad,B30,26-35,Male,20.4,Cheque,Verified
INV004588,2024-01-10,118633,Lumpsum,262725,West Bengal,Kolkata,T30,46-55,Female,16.2,UPI,Verified
INV002790,2024-01-10,102886,Lumpsum,113021,Telangana,Hyderabad,T30,18-25,Male,4.8,Cheque,Verified
INV000009,2024-01-10,101207,Lumpsum,221876,Haryana,Gurugram,T30,26-35,Male,17.1,Cheque,Verified
INV001472,2024-01-10,102886,SIP,416,West Bengal,Kolkata,T30,18-25,Male,5.4,UPI,Verified
INV000047,2024-01-10,119094,SIP,14078,Haryana,Faridabad,B30,36-45,Male,23.6,Mandate,Verified
INV004290,2024-01-10,120843,SIP,2094,Gujarat,Ahmedabad,T30,46-55,Male,41.9,Net Banking,Verified
INV001778,2024-01-10,120843,SIP,13966,Maharashtra,Mumbai,T30,26-35,Male,9.7,Mandate,Pending
INV003267,2024-01-10,100016,SIP,8062,Rajasthan,Udaipur,B30,36-45,Male,29.9,Net Banking,Verified
INV001679,2024-01-10,118632,SIP,2146,Haryana,Faridabad,B30,36-45,Female,46.7,Mandate,Verified
INV003581,2024-01-10,102887,Lumpsum,25869,Tamil Nadu,Coimbatore,B30,56+,Male,15.3,Mandate,Verified
INV003801,2024-01-10,125497,SIP,8589,Punjab,Chandigarh,T30,26-35,Male,17.8,UPI,Pending
INV000360,2024-01-10,102887,Redemption,370882,Maharashtra,Mumbai,T30,36-45,Female,55.3,Net Banking,Verified
INV002935,2024-01-10,101208,Lumpsum,177507,Madhya Pradesh,Indore,T30,18-25,Male,5.6,Cheque,Verified
INV002416,2024-01-10,148569,Redemption,238540,Telangana,Hyderabad,T30,26-35,Female,15.2,Mandate,Pending
INV003321,2024-01-10,119551,SIP,4896,Karnataka,Bangalore,T30,46-55,Male,22.5,Net Banking,Verified
INV004914,2024-01-10,119598,SIP,9755,Karnataka,Mysore,B30,26-35,Female,13.4,UPI,Verified
INV004384,2024-01-10,119092,SIP,26601,Delhi,Noida,T30,26-35,Male,12.1,Mandate,Verified
INV004763,2024-01-10,102886,SIP,11399,Karnataka,Bangalore,T30,46-55,Female,19.6,UPI,Verified
INV003263,2024-01-10,119094,SIP,51128,Tamil Nadu,Chennai,T30,26-35,Female,12.5,Cheque,Verified
INV004253,2024-01-10,102885,SIP,5617,Rajasthan,Udaipur,B30,36-45,Male,42.3,Mandate,Verified
INV004958,2024-01-10,118634,SIP,13889,Maharashtra,Mumbai,T30,36-45,Male,20.9,Mandate,Verified
INV001709,2024-01-10,101206,SIP,2520,Delhi,New Delhi,T30,36-45,Male,55.9,Net Banking,Verified
INV001745,2024-01-10,101206,Lumpsum,313454,Madhya Pradesh,Indore,T30,18-25,Male,7.3,Mandate,Verified
INV004775,2024-01-10,125497,SIP,9483,Maharashtra,Mumbai,T30,18-25,Male,4.3,Net Banking,Verified
INV003328,2024-01-10,118632,SIP,14899,Karnataka,Mysore,B30,26-35,Female,14.2,Mandate,Verified
INV001981,2024-01-10,100033,Lumpsum,41523,Gujarat,Ahmedabad,T30,26-35,Male,19.4,UPI,Verified
INV000752,2024-01-10,100033,Redemption,181748,Punjab,Chandigarh,T30,46-55,Male,32.7,Mandate,Verified
INV004514,2024-01-10,102885,SIP,1657,Haryana,Faridabad,B30,46-55,Male,40.1,Cheque,Pending
INV002628,2024-01-10,148568,Lumpsum,348334,Uttar Pradesh,Agra,B30,26-35,Male,16.4,Mandate,Verified
INV004871,2024-01-10,118635,SIP,58929,Punjab,Chandigarh,T30,26-35,Male,9.2,Mandate,Verified
INV002070,2024-01-10,100025,SIP,7341,Telangana,Hyderabad,T30,36-45,Male,40.3,Net Banking,Verified
INV002099,2024-01-10,102885,Lumpsum,197684,Tamil Nadu,Chennai,T30,36-45,Female,34.9,Mandate,Verified
INV002510,2024-01-10,119598,SIP,12400,Karnataka,Mysore,B30,36-45,Male,32.6,Cheque,Verified
INV002679,2024-01-10,101208,SIP,9173,Uttar Pradesh,Agra,B30,36-45,Male,33.8,Net Banking,Verified
INV002403,2024-01-10,125497,SIP,1018,Maharashtra,Nashik,B30,18-25,Male,3.3,Mandate,Verified
INV003863,2024-01-10,149322,SIP,5867,Gujarat,Surat,T30,36-45,Male,13.9,Cheque,Verified
INV000056,2024-01-10,120506,SIP,7539,Haryana,Faridabad,B30,26-35,Female,22.5,Cheque,Verified
INV001873,2024-01-10,149323,SIP,1144,Telangana,Hyderabad,T30,36-45,Female,38.9,Cheque,Verified
INV001648,2024-01-10,119094,Redemption,364017,Telangana,Hyderabad,T30,46-55,Female,96.8,Mandate,Verified
INV004339,2024-01-10,101208,SIP,3544,Uttar Pradesh,Lucknow,T30,26-35,Female,7.3,Net Banking,Pending
INV001547,2024-01-10,120506,Redemption,332505,Tamil Nadu,Coimbatore,B30,36-45,Male,55.7,Cheque,Verified
INV003312,2024-01-10,118635,SIP,11376,Maharashtra,Mumbai,T30,26-35,Male,7.9,Mandate,Verified
INV002854,2024-01-10,102886,SIP,1616,Rajasthan,Jaipur,T30,26-35,Female,8.9,Net Banking,Verified
INV004434,2024-01-10,149323,Lumpsum,366713,Gujarat,Surat,T30,46-55,Male,17.7,Net Banking,Verified
INV000881,2024-01-10,120506,SIP,4740,Uttar Pradesh,Agra,B30,26-35,Male,17.1,Net Banking,Verified
INV000228,2024-01-10,149322,SIP,9199,Karnataka,Bangalore,T30,26-35,Male,7.2,Cheque,Verified
INV004924,2024-01-10,119598,SIP,881,Telangana,Hyderabad,T30,36-45,Male,16.1,UPI,Verified
INV001769,2024-01-10,119095,Lumpsum,422150,Punjab,Chandigarh,T30,18-25,Male,7.4,Cheque,Verified
INV003198,2024-01-10,149324,Lumpsum,191311,Uttar Pradesh,Lucknow,T30,46-55,Female,37.0,UPI,Verified
INV001765,2024-01-10,125498,Lumpsum,489627,Uttar Pradesh,Kanpur,B30,46-55,Male,95.2,UPI,Verified
INV004600,2024-01-10,119095,Redemption,272996,West Bengal,Kolkata,T30,46-55,Female,35.5,Cheque,Verified
INV001499,2024-01-10,119120,SIP,5264,Karnataka,Mysore,B30,26-35,Male,12.9,Cheque,Verified
INV004814,2024-01-10,101207,SIP,2133,Karnataka,Bangalore,T30,18-25,Female,7.8,Mandate,Verified
INV001885,2024-01-10,101206,Lumpsum,231186,Karnataka,Bangalore,T30,26-35,Male,18.8,Cheque,Verified
INV002700,2024-01-10,118632,SIP,1724,Tamil Nadu,Coimbatore,B30,26-35,Male,8.1,Cheque,Verified
INV000711,2024-01-10,119094,Lumpsum,536709,Karnataka,Bangalore,T30,56+,Male,28.3,Net Banking,Verified
INV002552,2024-01-10,119092,SIP,7826,Delhi,Gurugram,T30,36-45,Male,24.4,Mandate,Verified
INV002782,2024-01-10,100016,Lumpsum,346937,Punjab,Chandigarh,T30,18-25,Male,3.7,Cheque,Verified
INV001333,2024-01-10,148569,Lumpsum,78411,Haryana,Faridabad,B30,26-35,Female,19.0,Cheque,Pending
INV004431,2024-01-10,119599,Redemption,35842,Tamil Nadu,Coimbatore,B30,26-35,Male,19.8,UPI,Verified
INV002471,2024-01-10,119120,Lumpsum,80721,Punjab,Chandigarh,T30,18-25,Male,3.1,Mandate,Verified
INV000233,2024-01-10,120841,SIP,2177,Madhya Pradesh,Indore,T30,46-55,Male,16.3,Net Banking,Verified
INV004266,2024-01-10,120842,SIP,6545,Delhi,New Delhi,T30,36-45,Male,35.9,Net Banking,Verified
INV003385,2024-01-10,118635,SIP,550,Punjab,Amritsar,B30,56+,Female,65.9,Cheque,Verified
INV002635,2024-01-10,119093,Lumpsum,25827,Telangana,Hyderabad,T30,18-25,Male,3.8,Mandate,Verified
INV004038,2024-01-10,118636,Redemption,122534,Gujarat,Surat,T30,26-35,Female,24.6,UPI,Verified
INV000682,2024-01-10,118632,Lumpsum,423276,Delhi,New Delhi,T30,56+,Female,69.2,Net Banking,Verified
INV003964,2024-01-10,148567,SIP,43989,Punjab,Chandigarh,T30,26-35,Male,16.7,Cheque,Pending
INV004172,2024-01-10,148569,SIP,42093,Madhya Pradesh,Indore,T30,26-35,Male,18.5,Net Banking,Verified
INV002831,2024-01-10,100016,Lumpsum,344971,Telangana,Hyderabad,T30,56+,Female,78.0,Net Banking,Verified
INV003403,2024-01-11,120841,Redemption,344953,Madhya Pradesh,Bhopal,B30,18-25,Male,6.3,Cheque,Verified
INV003218,2024-01-11,120504,SIP,45656,Tamil Nadu,Chennai,T30,18-25,Male,6.0,UPI,Verified
INV001467,2024-01-11,120504,SIP,459,Punjab,Chandigarh,T30,36-45,Male,32.5,Net Banking,Verified
INV004018,2024-01-11,101208,Redemption,478549,Punjab,Chandigarh,T30,56+,Male,47.9,Mandate,Verified
INV000813,2024-01-11,120844,SIP,20378,Telangana,Hyderabad,T30,46-55,Male,38.7,Net Banking,Verified
INV002281,2024-01-11,118636,SIP,17267,Uttar Pradesh,Lucknow,T30,18-25,Female,3.1,Net Banking,Verified
INV004749,2024-01-11,119093,SIP,506,Karnataka,Bangalore,T30,56+,Male,45.5,Mandate,Verified
INV003539,2024-01-11,118633,Lumpsum,489498,Rajasthan,Udaipur,B30,56+,Female,54.9,Net Banking,Verified
INV002495,2024-01-11,118632,SIP,8365,Maharashtra,Nashik,B30,26-35,Male,6.6,UPI,Verified
INV001419,2024-01-11,120506,SIP,1165,Delhi,New Delhi,T30,26-35,Male,7.1,Cheque,Verified
INV001673,2024-01-11,149323,SIP,8715,West Bengal,Kolkata,T30,26-35,Male,23.0,UPI,Verified
INV000263,2024-01-11,100033,SIP,5323,Madhya Pradesh,Bhopal,B30,56+,Male,21.8,Mandate,Verified
INV004270,2024-01-11,101206,Lumpsum,52867,Rajasthan,Udaipur,B30,18-25,Male,5.7,Mandate,Verified
INV003492,2024-01-11,148569,Redemption,350981,Gujarat,Ahmedabad,T30,36-45,Male,35.2,Mandate,Verified
INV000989,2024-01-11,120843,SIP,14264,Gujarat,Surat,T30,36-45,Male,16.1,UPI,Pending
INV000755,2024-01-11,118634,Lumpsum,248873,Uttar Pradesh,Agra,B30,26-35,Female,13.1,Net Banking,Verified
INV003144,2024-01-11,120844,SIP,7683,Haryana,Gurugram,T30,36-45,Female,38.0,UPI,Verified
INV004961,2024-01-11,148569,Redemption,366253,West Bengal,Kolkata,T30,36-45,Male,15.0,UPI,Verified
INV004719,2024-01-11,119599,SIP,6744,Haryana,Gurugram,T30,46-55,Male,86.8,Net Banking,Verified
INV000142,2024-01-11,149324,Lumpsum,145769,Uttar Pradesh,Lucknow,T30,26-35,Male,13.2,Cheque,Verified
INV004223,2024-01-11,148569,SIP,412,Uttar Pradesh,Agra,B30,36-45,Female,49.3,Net Banking,Pending
INV002140,2024-01-11,118632,SIP,4177,Tamil Nadu,Chennai,T30,26-35,Male,15.4,Cheque,Verified
INV003537,2024-01-11,100033,Lumpsum,131820,Punjab,Amritsar,B30,18-25,Male,3.7,Net Banking,Verified
INV001854,2024-01-11,149322,Lumpsum,490229,Uttar Pradesh,Kanpur,B30,46-55,Male,67.3,Net Banking,Verified
INV004135,2024-01-11,149323,SIP,2477,Tamil Nadu,Coimbatore,B30,26-35,Female,18.7,UPI,Verified
INV003423,2024-01-11,149324,SIP,6139,Delhi,Noida,T30,18-25,Female,3.2,Net Banking,Pending
INV004510,2024-01-11,120504,SIP,9343,Haryana,Gurugram,T30,56+,Male,71.8,Net Banking,Verified
INV004344,2024-01-11,148569,Redemption,360347,Haryana,Faridabad,B30,26-35,Male,13.5,Net Banking,Verified
INV000532,2024-01-11,101207,Redemption,31942,Madhya Pradesh,Bhopal,B30,26-35,Male,9.0,Cheque,Verified
INV000214,2024-01-11,120505,SIP,2346,Madhya Pradesh,Indore,T30,26-35,Female,20.7,Net Banking,Verified
INV003181,2024-01-11,149324,SIP,5882,Karnataka,Bangalore,T30,18-25,Female,3.9,Cheque,Verified
INV003736,2024-01-11,148568,SIP,25566,Karnataka,Mysore,B30,18-25,Male,4.9,UPI,Verified
INV003742,2024-01-11,119120,SIP,17737,Tamil Nadu,Chennai,T30,56+,Female,53.9,UPI,Verified
INV000703,2024-01-11,125498,SIP,7759,Delhi,New Delhi,T30,26-35,Male,15.4,UPI,Verified
INV004353,2024-01-11,118635,Lumpsum,222986,Uttar Pradesh,Agra,B30,56+,Male,31.2,Cheque,Verified
INV001106,2024-01-11,125497,SIP,9669,Tamil Nadu,Chennai,T30,26-35,Male,13.1,Mandate,Verified
INV002176,2024-01-11,119092,Lumpsum,400583,Haryana,Faridabad,B30,56+,Male,32.0,Mandate,Verified
INV001047,2024-01-11,149322,Lumpsum,475917,Tamil Nadu,Chennai,T30,56+,Female,78.8,Cheque,Verified
INV004388,2024-01-11,102885,Lumpsum,116845,Gujarat,Surat,T30,26-35,Female,10.3,Net Banking,Verified
INV002885,2024-01-11,125497,Lumpsum,45105,Delhi,Gurugram,T30,26-35,Male,23.4,Mandate,Verified
INV000566,2024-01-11,120506,Lumpsum,10380,Uttar Pradesh,Agra,B30,36-45,Male,18.2,Cheque,Verified
INV002131,2024-01-11,120843,SIP,539,Madhya Pradesh,Bhopal,B30,46-55,Male,75.1,Mandate,Verified
INV002344,2024-01-11,119095,Lumpsum,28178,Punjab,Chandigarh,T30,46-55,Female,92.9,Mandate,Verified
INV001863,2024-01-11,120503,Lumpsum,385999,Rajasthan,Jaipur,T30,36-45,Male,24.2,UPI,Verified
INV003797,2024-01-11,119552,Lumpsum,208518,Madhya Pradesh,Indore,T30,26-35,Male,6.6,Net Banking,Verified
INV003352,2024-01-11,102885,SIP,8444,Maharashtra,Mumbai,T30,36-45,Male,59.3,UPI,Verified
INV003229,2024-01-11,119551,Redemption,44755,Maharashtra,Mumbai,T30,46-55,Female,64.4,Net Banking,Verified
INV001744,2024-01-11,119552,SIP,3510,Karnataka,Mysore,B30,26-35,Male,15.9,Cheque,Verified
INV001066,2024-01-11,100033,Lumpsum,205518,Haryana,Gurugram,T30,26-35,Male,23.2,Cheque,Verified
INV000171,2024-01-11,149324,SIP,525,Delhi,Noida,T30,18-25,Female,6.2,Mandate,Verified
INV003602,2024-01-11,149322,SIP,501,Maharashtra,Nashik,B30,46-55,Male,75.4,Mandate,Verified
INV002545,2024-01-11,120504,Redemption,386932,Haryana,Faridabad,B30,36-45,Male,31.5,Net Banking,Verified
INV001865,2024-01-11,149323,SIP,3474,Telangana,Hyderabad,T30,18-25,Female,4.3,Mandate,Verified
INV000543,2024-01-11,148568,SIP,16243,Haryana,Gurugram,T30,36-45,Male,45.4,Cheque,Verified
INV000649,2024-01-11,119095,SIP,5468,Tamil Nadu,Chennai,T30,36-45,Male,27.3,Mandate,Verified
INV003683,2024-01-11,119094,SIP,46894,Telangana,Hyderabad,T30,26-35,Female,21.0,Cheque,Verified
INV003167,2024-01-11,148568,SIP,7559,Telangana,Hyderabad,T30,26-35,Male,19.8,UPI,Verified
INV003961,2024-01-11,120506,SIP,2361,Rajasthan,Udaipur,B30,46-55,Male,39.6,Net Banking,Verified
INV000360,2024-01-11,120842,SIP,886,Maharashtra,Mumbai,T30,36-45,Female,55.3,Net Banking,Verified
INV002594,2024-01-11,102887,Redemption,346681,Haryana,Gurugram,T30,26-35,Male,23.7,Net Banking,Pending
INV002010,2024-01-11,100025,SIP,17634,Uttar Pradesh,Agra,B30,56+,Male,11.6,UPI,Verified
INV003168,2024-01-11,149323,SIP,2306,Uttar Pradesh,Lucknow,T30,18-25,Male,5.1,Cheque,Verified
INV001170,2024-01-11,149323,Redemption,376526,Karnataka,Mysore,B30,36-45,Male,34.6,Mandate,Verified
INV004939,2024-01-11,120504,Lumpsum,567295,Punjab,Amritsar,B30,18-25,Male,4.7,Mandate,Verified
INV000540,2024-01-11,100033,Redemption,370304,Tamil Nadu,Coimbatore,B30,26-35,Female,10.4,Mandate,Verified
INV002090,2024-01-11,120505,Lumpsum,97909,Maharashtra,Mumbai,T30,26-35,Male,23.7,Cheque,Verified
INV001205,2024-01-11,119092,Lumpsum,271412,Madhya Pradesh,Bhopal,B30,26-35,Male,24.1,Cheque,Verified
INV004308,2024-01-11,120505,SIP,2508,Gujarat,Surat,T30,26-35,Female,11.1,Mandate,Verified
INV002621,2024-01-11,120507,Redemption,65881,Uttar Pradesh,Agra,B30,26-35,Female,22.6,Cheque,Verified
INV000413,2024-01-11,120506,Lumpsum,445536,Haryana,Gurugram,T30,36-45,Female,49.8,UPI,Verified
INV004363,2024-01-11,149323,Lumpsum,445758,Delhi,Noida,T30,26-35,Male,20.5,Mandate,Verified
INV001539,2024-01-12,149323,SIP,4714,Madhya Pradesh,Indore,T30,36-45,Male,32.1,Mandate,Verified
INV000414,2024-01-12,119092,SIP,10281,Tamil Nadu,Chennai,T30,36-45,Male,21.9,Net Banking,Verified
INV002716,2024-01-12,119092,SIP,2347,Tamil Nadu,Chennai,T30,56+,Female,47.4,Mandate,Pending
INV003865,2024-01-12,100025,SIP,463,Gujarat,Ahmedabad,T30,18-25,Female,3.3,Mandate,Verified
INV000813,2024-01-12,120843,SIP,3598,Telangana,Hyderabad,T30,46-55,Male,38.7,Mandate,Verified
INV002613,2024-01-12,125497,Lumpsum,53948,Karnataka,Bangalore,T30,46-55,Female,44.3,Mandate,Verified
INV002045,2024-01-12,118632,Redemption,118396,Rajasthan,Jaipur,T30,18-25,Female,3.8,Net Banking,Pending
INV003454,2024-01-12,120843,SIP,7944,Telangana,Hyderabad,T30,26-35,Male,18.3,Cheque,Verified
INV004850,2024-01-12,119092,SIP,48595,Madhya Pradesh,Bhopal,B30,56+,Male,34.8,Cheque,Verified
INV004342,2024-01-12,118635,SIP,2186,Tamil Nadu,Coimbatore,B30,46-55,Female,22.1,Net Banking,Verified
INV001538,2024-01-12,118636,SIP,2181,Madhya Pradesh,Bhopal,B30,18-25,Female,3.1,Mandate,Verified
INV002401,2024-01-12,125498,SIP,3471,West Bengal,Kolkata,T30,26-35,Male,20.9,UPI,Verified
INV002243,2024-01-12,101207,SIP,599,Tamil Nadu,Coimbatore,B30,26-35,Male,7.8,Mandate,Verified
INV004544,2024-01-12,101206,Lumpsum,311066,Maharashtra,Mumbai,T30,36-45,Male,52.1,Mandate,Verified
INV000895,2024-01-12,149324,Lumpsum,441094,Rajasthan,Udaipur,B30,26-35,Male,19.5,UPI,Pending
INV004704,2024-01-12,120842,Lumpsum,392506,Delhi,New Delhi,T30,26-35,Male,23.1,Net Banking,Verified
INV000220,2024-01-12,125498,SIP,8058,Uttar Pradesh,Lucknow,T30,36-45,Male,48.1,Cheque,Verified
INV002759,2024-01-12,125498,Lumpsum,394961,Delhi,Noida,T30,36-45,Male,44.6,Net Banking,Verified
INV003542,2024-01-12,120505,Redemption,360525,Telangana,Hyderabad,T30,26-35,Male,10.0,UPI,Verified
INV001375,2024-01-12,100033,Lumpsum,186485,Haryana,Gurugram,T30,18-25,Male,6.3,Mandate,Verified
INV001983,2024-01-12,119093,SIP,1638,West Bengal,Kolkata,T30,36-45,Male,30.6,UPI,Verified
INV003386,2024-01-12,102885,Lumpsum,289354,Haryana,Faridabad,B30,26-35,Male,16.8,UPI,Verified
INV003210,2024-01-12,102886,SIP,456,Haryana,Faridabad,B30,36-45,Female,23.1,Mandate,Verified
INV000150,2024-01-12,148567,Lumpsum,77550,Karnataka,Mysore,B30,18-25,Male,3.5,Mandate,Verified
INV000487,2024-01-12,120503,SIP,7304,Telangana,Hyderabad,T30,36-45,Male,41.7,Net Banking,Verified
INV003160,2024-01-12,119120,Lumpsum,286436,Delhi,Gurugram,T30,26-35,Male,24.9,Mandate,Verified
INV003222,2024-01-12,120842,SIP,3343,Punjab,Amritsar,B30,56+,Female,11.7,Cheque,Pending
INV000988,2024-01-12,119093,Lumpsum,259605,Rajasthan,Jaipur,T30,36-45,Male,28.7,Cheque,Verified
INV003860,2024-01-12,119599,Lumpsum,138013,Punjab,Chandigarh,T30,26-35,Male,20.4,Net Banking,Verified
INV003057,2024-01-12,100016,Redemption,280673,Punjab,Chandigarh,T30,18-25,Male,6.4,Cheque,Verified
INV000534,2024-01-12,148567,SIP,7393,Punjab,Amritsar,B30,36-45,Male,16.8,Cheque,Verified
INV004069,2024-01-12,118636,Lumpsum,391259,Delhi,Noida,T30,26-35,Male,21.8,Net Banking,Verified
INV003733,2024-01-12,119552,SIP,2731,Telangana,Hyderabad,T30,26-35,Male,12.6,Mandate,Verified
INV004831,2024-01-12,120504,SIP,13581,Maharashtra,Mumbai,T30,18-25,Female,5.9,Net Banking,Verified
INV000682,2024-01-12,119599,Redemption,374425,Delhi,New Delhi,T30,56+,Female,69.2,Net Banking,Verified
INV001822,2024-01-12,148567,Lumpsum,200359,Gujarat,Ahmedabad,T30,36-45,Male,59.6,Mandate,Verified
INV000840,2024-01-12,120506,Lumpsum,245323,Punjab,Chandigarh,T30,26-35,Male,15.3,Cheque,Verified
INV002798,2024-01-12,120503,SIP,41288,Tamil Nadu,Coimbatore,B30,26-35,Female,24.5,Mandate,Verified
INV004401,2024-01-12,148569,SIP,1676,Rajasthan,Udaipur,B30,26-35,Male,22.6,Cheque,Verified
INV000631,2024-01-12,119551,Redemption,317359,Delhi,Noida,T30,36-45,Female,48.6,Cheque,Verified
INV002786,2024-01-12,118635,SIP,1976,Tamil Nadu,Coimbatore,B30,26-35,Female,13.3,UPI,Verified
INV000290,2024-01-12,118634,Redemption,147815,Punjab,Chandigarh,T30,26-35,Male,17.9,UPI,Verified
INV003103,2024-01-12,118633,SIP,2069,Tamil Nadu,Coimbatore,B30,36-45,Female,55.8,Mandate,Verified
INV000175,2024-01-12,119598,Lumpsum,96132,Karnataka,Bangalore,T30,26-35,Male,17.3,Cheque,Verified
INV000522,2024-01-12,118634,SIP,1098,Punjab,Chandigarh,T30,26-35,Female,10.8,Mandate,Verified
INV004005,2024-01-12,149324,Redemption,166360,West Bengal,Kolkata,T30,26-35,Male,11.0,UPI,Verified
INV001466,2024-01-12,102887,Lumpsum,309222,Delhi,Noida,T30,46-55,Female,20.3,UPI,Verified
INV003771,2024-01-12,119094,SIP,1816,Telangana,Hyderabad,T30,46-55,Male,47.6,Net Banking,Verified
INV000175,2024-01-12,120503,SIP,884,Karnataka,Bangalore,T30,26-35,Male,17.3,Mandate,Verified
INV003702,2024-01-13,119120,SIP,12766,Madhya Pradesh,Bhopal,B30,36-45,Male,53.2,UPI,Verified
INV001418,2024-01-13,119095,Lumpsum,288021,Delhi,Noida,T30,36-45,Male,39.2,Cheque,Verified
INV004632,2024-01-13,148569,SIP,537,Punjab,Chandigarh,T30,26-35,Male,18.0,Cheque,Verified
INV002681,2024-01-13,119095,SIP,848,Maharashtra,Nashik,B30,18-25,Female,7.2,Net Banking,Verified
INV001404,2024-01-13,125497,Lumpsum,284280,West Bengal,Kolkata,T30,46-55,Male,56.2,UPI,Verified
INV000808,2024-01-13,120842,SIP,8878,Punjab,Chandigarh,T30,36-45,Male,34.9,Mandate,Verified
INV001433,2024-01-13,149324,Lumpsum,308296,West Bengal,Kolkata,T30,26-35,Male,10.9,UPI,Verified
INV000673,2024-01-13,118634,SIP,2086,Maharashtra,Nashik,B30,36-45,Male,47.4,Cheque,Verified
INV004739,2024-01-13,102886,Lumpsum,413324,Delhi,Gurugram,T30,18-25,Male,3.2,Mandate,Verified
INV001232,2024-01-13,125498,SIP,2795,Uttar Pradesh,Agra,B30,46-55,Female,29.8,UPI,Verified
INV004621,2024-01-13,125497,SIP,2699,Punjab,Amritsar,B30,36-45,Female,16.9,Mandate,Verified
INV002986,2024-01-13,120844,SIP,946,Punjab,Amritsar,B30,26-35,Male,11.9,Mandate,Verified
INV003670,2024-01-13,119551,SIP,47799,Punjab,Chandigarh,T30,36-45,Male,38.4,Mandate,Pending
INV001717,2024-01-13,102886,Redemption,353014,Karnataka,Mysore,B30,26-35,Male,23.2,Mandate,Verified
INV000683,2024-01-13,120842,SIP,456,Maharashtra,Mumbai,T30,26-35,Female,17.4,Mandate,Verified
INV002497,2024-01-13,120841,SIP,13159,Telangana,Hyderabad,T30,26-35,Female,13.0,Cheque,Verified
INV000701,2024-01-13,125497,SIP,2663,West Bengal,Kolkata,T30,36-45,Female,55.6,Cheque,Verified
INV001020,2024-01-13,101206,Lumpsum,223108,Maharashtra,Mumbai,T30,26-35,Female,13.5,Mandate,Verified
INV004856,2024-01-13,120507,Lumpsum,318735,Maharashtra,Mumbai,T30,36-45,Male,54.3,UPI,Verified
INV004328,2024-01-13,100033,SIP,7396,Telangana,Hyderabad,T30,26-35,Female,12.8,Cheque,Verified
INV004653,2024-01-13,119093,Redemption,308702,Rajasthan,Jaipur,T30,46-55,Female,32.2,Net Banking,Verified
INV003158,2024-01-13,118633,Redemption,487726,Karnataka,Mysore,B30,26-35,Male,21.1,Net Banking,Verified
INV003652,2024-01-13,118634,SIP,545,Punjab,Chandigarh,T30,26-35,Female,16.9,Net Banking,Verified
INV000977,2024-01-13,120842,SIP,2283,Karnataka,Mysore,B30,56+,Male,22.5,Cheque,Verified
INV004761,2024-01-13,120507,SIP,2604,Madhya Pradesh,Indore,T30,26-35,Male,21.4,Cheque,Verified
INV002217,2024-01-13,120507,SIP,2031,Tamil Nadu,Coimbatore,B30,18-25,Male,7.0,Cheque,Verified
INV000415,2024-01-13,119095,Lumpsum,119316,Maharashtra,Pune,T30,36-45,Female,20.3,UPI,Verified
INV002909,2024-01-13,119552,SIP,2388,Rajasthan,Udaipur,B30,36-45,Male,44.1,Cheque,Verified
INV002080,2024-01-13,148569,SIP,55735,Tamil Nadu,Coimbatore,B30,26-35,Male,21.3,Cheque,Pending
INV004292,2024-01-13,120504,Redemption,152985,Uttar Pradesh,Kanpur,B30,26-35,Male,13.0,UPI,Verified
INV004534,2024-01-13,120843,SIP,11918,Maharashtra,Nashik,B30,26-35,Male,8.8,UPI,Verified
INV003262,2024-01-13,125497,SIP,5578,Telangana,Hyderabad,T30,46-55,Male,80.2,Mandate,Verified
INV002202,2024-01-13,101207,SIP,1991,Madhya Pradesh,Indore,T30,18-25,Female,7.1,UPI,Verified
INV003146,2024-01-13,100025,Lumpsum,399994,Rajasthan,Udaipur,B30,26-35,Male,20.2,Net Banking,Verified
INV000638,2024-01-13,119551,SIP,6539,Rajasthan,Udaipur,B30,26-35,Male,12.7,Cheque,Verified
INV003373,2024-01-13,125498,Redemption,443338,Gujarat,Surat,T30,56+,Male,62.9,UPI,Verified
INV002434,2024-01-13,119120,SIP,13191,Uttar Pradesh,Agra,B30,26-35,Male,13.8,Mandate,Verified
INV000552,2024-01-13,102887,Redemption,102052,Uttar Pradesh,Lucknow,T30,36-45,Female,35.8,Mandate,Verified
INV004230,2024-01-13,102885,Redemption,125315,Karnataka,Bangalore,T30,18-25,Female,7.4,Mandate,Verified
INV000223,2024-01-13,120842,SIP,11719,West Bengal,Kolkata,T30,26-35,Male,6.3,Mandate,Verified
INV000082,2024-01-13,120504,SIP,3380,Rajasthan,Udaipur,B30,26-35,Female,19.6,UPI,Pending
INV000820,2024-01-13,119599,SIP,43813,Telangana,Hyderabad,T30,36-45,Male,50.2,Mandate,Verified
INV004959,2024-01-13,118636,Lumpsum,432325,Delhi,New Delhi,T30,18-25,Female,5.8,Net Banking,Verified
INV002262,2024-01-13,119598,SIP,3375,Rajasthan,Udaipur,B30,26-35,Male,8.2,Net Banking,Verified
INV002554,2024-01-13,101206,SIP,1047,Madhya Pradesh,Bhopal,B30,18-25,Male,5.4,Cheque,Verified
INV000599,2024-01-13,100016,SIP,49737,Gujarat,Ahmedabad,T30,36-45,Male,24.0,Mandate,Verified
INV003065,2024-01-13,119093,Lumpsum,425066,Uttar Pradesh,Kanpur,B30,46-55,Male,27.9,Cheque,Verified
INV003698,2024-01-13,125498,SIP,5091,Madhya Pradesh,Bhopal,B30,36-45,Female,41.5,Net Banking,Verified
INV000327,2024-01-13,120507,SIP,2881,Uttar Pradesh,Kanpur,B30,26-35,Male,9.2,UPI,Verified
INV001528,2024-01-13,119599,SIP,40754,Telangana,Hyderabad,T30,26-35,Female,20.7,UPI,Verified
INV004790,2024-01-13,120841,SIP,545,Tamil Nadu,Coimbatore,B30,18-25,Male,3.4,Mandate,Verified
INV004169,2024-01-13,102885,SIP,48618,Rajasthan,Udaipur,B30,26-35,Female,20.4,Cheque,Verified
INV003312,2024-01-13,100016,Lumpsum,247986,Maharashtra,Mumbai,T30,26-35,Male,7.9,UPI,Verified
INV004223,2024-01-13,120844,Lumpsum,190795,Uttar Pradesh,Agra,B30,36-45,Female,49.3,UPI,Verified
INV003906,2024-01-13,148568,SIP,1087,Haryana,Faridabad,B30,36-45,Male,39.7,UPI,Verified
INV003573,2024-01-14,119551,Redemption,280396,Gujarat,Surat,T30,36-45,Male,51.8,Cheque,Verified
INV000490,2024-01-14,148568,SIP,2309,Delhi,New Delhi,T30,26-35,Male,10.0,Cheque,Verified
INV002746,2024-01-14,118632,SIP,435,Delhi,Noida,T30,26-35,Male,23.2,Mandate,Verified
INV000546,2024-01-14,119120,SIP,4842,Karnataka,Mysore,B30,26-35,Male,9.5,UPI,Verified
INV002942,2024-01-14,120842,SIP,2920,Delhi,Noida,T30,36-45,Male,27.8,Cheque,Verified
INV000253,2024-01-14,118632,Lumpsum,380067,Delhi,New Delhi,T30,26-35,Female,7.2,Mandate,Verified
INV002942,2024-01-14,119095,Lumpsum,43056,Delhi,Noida,T30,36-45,Male,27.8,UPI,Verified
INV000854,2024-01-14,118633,SIP,59780,Karnataka,Bangalore,T30,46-55,Female,79.7,Cheque,Verified
INV003475,2024-01-14,118633,SIP,401,Telangana,Hyderabad,T30,26-35,Male,20.7,Net Banking,Verified
INV001246,2024-01-14,119598,SIP,8465,Rajasthan,Jaipur,T30,46-55,Male,51.2,Cheque,Verified
INV000261,2024-01-14,102885,SIP,9649,Gujarat,Ahmedabad,T30,18-25,Male,3.5,UPI,Verified
INV004539,2024-01-14,125498,Lumpsum,172640,Haryana,Faridabad,B30,26-35,Male,18.0,Cheque,Verified
INV003620,2024-01-14,125497,SIP,2718,Uttar Pradesh,Kanpur,B30,36-45,Female,15.7,Net Banking,Pending
INV001690,2024-01-14,119093,SIP,20315,Rajasthan,Jaipur,T30,36-45,Male,27.6,Cheque,Verified
INV002256,2024-01-14,101206,SIP,44525,Rajasthan,Jaipur,T30,46-55,Male,49.6,UPI,Verified
INV002142,2024-01-14,120503,Lumpsum,377263,Tamil Nadu,Chennai,T30,18-25,Male,3.6,Net Banking,Verified
INV001252,2024-01-14,148569,Redemption,53866,Rajasthan,Jaipur,T30,26-35,Male,16.0,Mandate,Verified
INV004548,2024-01-14,148568,SIP,55894,Delhi,Noida,T30,36-45,Female,58.1,Cheque,Verified
INV002843,2024-01-14,120844,Redemption,130159,Haryana,Faridabad,B30,26-35,Male,11.8,Cheque,Verified
INV001397,2024-01-14,125497,Lumpsum,416815,Delhi,New Delhi,T30,26-35,Male,20.8,Cheque,Verified
INV001926,2024-01-14,102885,SIP,3256,Uttar Pradesh,Agra,B30,46-55,Female,26.9,Mandate,Verified
INV002500,2024-01-14,102885,Lumpsum,276324,Delhi,New Delhi,T30,26-35,Male,14.7,Net Banking,Verified
INV004877,2024-01-14,125497,SIP,4003,Karnataka,Mysore,B30,26-35,Male,18.0,UPI,Verified
INV003399,2024-01-14,101208,Redemption,479186,Telangana,Hyderabad,T30,26-35,Female,16.0,UPI,Verified
INV000908,2024-01-14,120505,SIP,27787,Karnataka,Mysore,B30,26-35,Male,11.3,Mandate,Verified
INV000211,2024-01-14,119095,Lumpsum,171856,Punjab,Chandigarh,T30,26-35,Male,17.0,Net Banking,Verified
INV000210,2024-01-14,120842,SIP,16400,Rajasthan,Jaipur,T30,26-35,Male,9.1,UPI,Verified
INV004495,2024-01-14,118635,Redemption,115605,Punjab,Amritsar,B30,36-45,Female,24.4,Mandate,Verified
INV002911,2024-01-14,120506,Lumpsum,315721,Gujarat,Surat,T30,26-35,Male,24.1,Mandate,Verified
INV004482,2024-01-14,119120,Lumpsum,261875,Uttar Pradesh,Kanpur,B30,18-25,Female,6.8,Net Banking,Verified
INV003766,2024-01-14,119552,Lumpsum,225256,West Bengal,Kolkata,T30,36-45,Male,52.3,Cheque,Verified
INV000189,2024-01-14,119120,SIP,8241,Uttar Pradesh,Lucknow,T30,36-45,Male,47.3,Net Banking,Verified
INV000293,2024-01-14,100033,SIP,25238,Karnataka,Mysore,B30,26-35,Female,19.3,Net Banking,Verified
INV001977,2024-01-14,101207,Redemption,340055,Punjab,Amritsar,B30,18-25,Female,3.3,Mandate,Verified
INV003304,2024-01-14,120841,SIP,3545,Telangana,Hyderabad,T30,18-25,Female,4.8,Net Banking,Verified
INV003951,2024-01-14,125497,SIP,3100,Uttar Pradesh,Lucknow,T30,18-25,Male,7.8,Cheque,Verified
INV004961,2024-01-14,119092,SIP,5075,West Bengal,Kolkata,T30,36-45,Male,15.0,Mandate,Pending
INV003366,2024-01-14,148568,Lumpsum,485715,Madhya Pradesh,Bhopal,B30,18-25,Male,3.3,Mandate,Verified
INV001806,2024-01-14,149324,SIP,29074,Telangana,Hyderabad,T30,36-45,Male,32.6,Cheque,Verified
INV001530,2024-01-14,149324,SIP,4062,Telangana,Hyderabad,T30,26-35,Male,21.0,Mandate,Verified
INV003946,2024-01-14,120504,SIP,10932,Karnataka,Mysore,B30,26-35,Female,9.2,UPI,Pending
INV003810,2024-01-14,102885,Redemption,441808,Maharashtra,Nashik,B30,26-35,Male,24.7,Net Banking,Verified
INV004030,2024-01-14,120842,Lumpsum,54035,Uttar Pradesh,Lucknow,T30,18-25,Female,4.4,Net Banking,Verified
INV000757,2024-01-14,148567,SIP,9443,Madhya Pradesh,Indore,T30,36-45,Male,25.4,Cheque,Verified
INV000471,2024-01-14,101206,Lumpsum,398977,West Bengal,Kolkata,T30,18-25,Male,4.2,UPI,Verified
INV002714,2024-01-14,120503,Lumpsum,237833,West Bengal,Kolkata,T30,46-55,Male,65.7,Mandate,Pending
INV003865,2024-01-14,102887,SIP,3448,Gujarat,Ahmedabad,T30,18-25,Female,3.3,Mandate,Verified
INV001972,2024-01-14,100025,SIP,1125,Uttar Pradesh,Kanpur,B30,18-25,Male,4.6,Mandate,Verified
INV003208,2024-01-14,119120,SIP,470,Madhya Pradesh,Bhopal,B30,46-55,Male,80.0,Net Banking,Verified
INV002868,2024-01-14,148568,Redemption,257574,Gujarat,Ahmedabad,T30,26-35,Female,24.7,UPI,Verified
INV004014,2024-01-14,119599,SIP,8772,Telangana,Hyderabad,T30,56+,Female,27.2,Mandate,Verified
INV001852,2024-01-14,120505,SIP,2315,Telangana,Hyderabad,T30,26-35,Male,21.7,Net Banking,Verified
INV002003,2024-01-14,125498,Redemption,157057,Delhi,New Delhi,T30,26-35,Female,20.1,Net Banking,Verified
INV002003,2024-01-14,120503,Redemption,271129,Delhi,New Delhi,T30,26-35,Female,20.1,Net Banking,Verified
INV003189,2024-01-14,120503,Lumpsum,82411,Tamil Nadu,Chennai,T30,36-45,Female,44.6,Net Banking,Verified
INV001536,2024-01-14,100033,SIP,24928,Karnataka,Mysore,B30,26-35,Male,17.9,UPI,Verified
INV002187,2024-01-14,102885,Lumpsum,400717,Tamil Nadu,Chennai,T30,36-45,Male,15.0,Net Banking,Verified
INV001300,2024-01-14,100016,Lumpsum,453082,Uttar Pradesh,Agra,B30,36-45,Female,53.8,Cheque,Verified
INV003797,2024-01-14,119598,Lumpsum,379407,Madhya Pradesh,Indore,T30,26-35,Male,6.6,Mandate,Verified
INV004924,2024-01-14,100016,SIP,5272,Telangana,Hyderabad,T30,36-45,Male,16.1,UPI,Verified
INV001055,2024-01-14,119092,SIP,1834,Haryana,Gurugram,T30,26-35,Female,17.6,Mandate,Verified
INV001985,2024-01-14,120506,Redemption,25673,Gujarat,Surat,T30,36-45,Male,46.6,Cheque,Verified
INV001365,2024-01-14,101208,Redemption,392668,Tamil Nadu,Coimbatore,B30,36-45,Male,25.3,Net Banking,Verified
INV000443,2024-01-14,100033,SIP,7828,Punjab,Chandigarh,T30,26-35,Male,18.7,Mandate,Verified
INV004593,2024-01-14,125497,Lumpsum,343193,Punjab,Amritsar,B30,26-35,Male,13.7,Cheque,Verified
INV001651,2024-01-14,119551,Redemption,6684,Gujarat,Ahmedabad,T30,18-25,Male,4.1,Net Banking,Verified
INV003811,2024-01-14,120843,SIP,54067,Gujarat,Surat,T30,46-55,Female,83.6,Net Banking,Verified
INV000607,2024-01-14,100033,SIP,3331,Rajasthan,Jaipur,T30,56+,Male,33.9,Mandate,Verified
INV003354,2024-01-14,120504,SIP,54121,Punjab,Chandigarh,T30,46-55,Male,48.5,Net Banking,Verified
INV000793,2024-01-14,101206,SIP,6759,West Bengal,Kolkata,T30,26-35,Female,8.4,UPI,Verified
INV004254,2024-01-14,119093,Lumpsum,336976,Madhya Pradesh,Bhopal,B30,36-45,Male,58.3,UPI,Verified
INV000786,2024-01-14,101206,SIP,4447,Madhya Pradesh,Bhopal,B30,26-35,Male,17.9,Mandate,Verified
INV001631,2024-01-15,120844,Lumpsum,138775,Haryana,Faridabad,B30,36-45,Male,55.9,Cheque,Verified
INV004318,2024-01-15,120504,SIP,9085,Tamil Nadu,Coimbatore,B30,56+,Female,54.7,Mandate,Verified
INV004378,2024-01-15,118632,SIP,7498,Tamil Nadu,Chennai,T30,26-35,Female,23.2,Net Banking,Verified
INV002348,2024-01-15,120842,Redemption,271794,Uttar Pradesh,Agra,B30,26-35,Male,13.4,Net Banking,Verified
INV001557,2024-01-15,119120,Lumpsum,11887,Haryana,Gurugram,T30,26-35,Female,10.5,UPI,Pending
INV002911,2024-01-15,149322,SIP,1736,Gujarat,Surat,T30,26-35,Male,24.1,Cheque,Verified
INV004319,2024-01-15,102887,SIP,2853,Gujarat,Surat,T30,18-25,Male,3.9,Cheque,Verified
INV004549,2024-01-15,149323,SIP,2373,Tamil Nadu,Chennai,T30,36-45,Male,40.7,Mandate,Verified
INV001846,2024-01-15,102886,Lumpsum,329051,Uttar Pradesh,Kanpur,B30,56+,Male,72.3,Mandate,Verified
INV003604,2024-01-15,120841,SIP,2242,Punjab,Chandigarh,T30,18-25,Female,7.4,UPI,Verified
INV000261,2024-01-15,119552,Redemption,489019,Gujarat,Ahmedabad,T30,18-25,Male,3.5,UPI,Verified
INV002143,2024-01-15,120844,SIP,2685,Uttar Pradesh,Lucknow,T30,26-35,Male,11.8,Cheque,Verified
INV002232,2024-01-15,120844,Redemption,261477,Karnataka,Bangalore,T30,26-35,Female,16.9,Cheque,Verified
INV002412,2024-01-15,118633,SIP,8181,Karnataka,Bangalore,T30,26-35,Male,11.4,Cheque,Verified
INV003420,2024-01-15,118634,SIP,22016,Haryana,Faridabad,B30,36-45,Male,47.2,Mandate,Verified
INV001322,2024-01-15,125497,SIP,1994,Uttar Pradesh,Lucknow,T30,26-35,Female,10.5,Cheque,Verified
INV002863,2024-01-15,120507,SIP,2630,Rajasthan,Udaipur,B30,36-45,Female,49.8,Cheque,Verified
INV003732,2024-01-15,120841,SIP,11385,West Bengal,Kolkata,T30,36-45,Male,56.1,Cheque,Verified
INV001036,2024-01-15,120506,Lumpsum,344823,Punjab,Chandigarh,T30,46-55,Female,40.5,Net Banking,Verified
INV002034,2024-01-15,148569,SIP,29964,Uttar Pradesh,Lucknow,T30,26-35,Male,10.0,Mandate,Verified
INV003739,2024-01-15,118633,Lumpsum,190275,Gujarat,Surat,T30,46-55,Female,81.0,Cheque,Verified
INV002420,2024-01-15,149324,SIP,2750,Karnataka,Mysore,B30,26-35,Female,6.4,Mandate,Verified
INV003598,2024-01-15,148567,SIP,1892,Delhi,Gurugram,T30,26-35,Female,12.7,UPI,Verified
INV002718,2024-01-15,119095,SIP,1626,Telangana,Hyderabad,T30,36-45,Male,15.6,Mandate,Verified
INV000322,2024-01-15,119599,SIP,6786,Rajasthan,Jaipur,T30,18-25,Male,5.9,Mandate,Verified
INV004467,2024-01-15,120505,SIP,9943,Tamil Nadu,Chennai,T30,46-55,Male,52.4,Cheque,Pending
INV004496,2024-01-15,119598,SIP,2220,Madhya Pradesh,Indore,T30,18-25,Female,6.3,UPI,Verified
INV004912,2024-01-15,100016,Redemption,227454,West Bengal,Kolkata,T30,18-25,Male,6.4,Mandate,Verified
INV000006,2024-01-15,149323,Lumpsum,325595,Madhya Pradesh,Bhopal,B30,46-55,Female,43.0,Cheque,Verified
INV001969,2024-01-15,102887,SIP,408,Uttar Pradesh,Kanpur,B30,26-35,Male,9.7,Cheque,Verified
INV000729,2024-01-15,102886,SIP,22497,Telangana,Hyderabad,T30,36-45,Male,36.5,UPI,Verified
INV003166,2024-01-15,102885,SIP,14626,Karnataka,Bangalore,T30,26-35,Female,7.1,UPI,Verified
INV002851,2024-01-15,120506,SIP,2709,Tamil Nadu,Coimbatore,B30,26-35,Male,16.0,Cheque,Verified
INV004616,2024-01-15,100025,Lumpsum,147660,West Bengal,Kolkata,T30,26-35,Female,18.1,Net Banking,Verified
INV001800,2024-01-15,100033,SIP,2331,Tamil Nadu,Chennai,T30,26-35,Female,12.8,Net Banking,Verified
INV001599,2024-01-15,100033,SIP,1945,Haryana,Faridabad,B30,36-45,Female,31.0,Mandate,Verified
INV002773,2024-01-15,101206,SIP,43036,Karnataka,Mysore,B30,36-45,Female,28.0,UPI,Verified
INV004151,2024-01-15,120506,Lumpsum,417730,Karnataka,Mysore,B30,26-35,Male,21.6,Mandate,Pending
INV000286,2024-01-15,100025,SIP,1940,Madhya Pradesh,Indore,T30,26-35,Female,9.8,Cheque,Verified
INV003688,2024-01-15,118633,Lumpsum,18336,Telangana,Hyderabad,T30,56+,Male,12.1,Cheque,Pending
INV004095,2024-01-15,118635,SIP,2697,Karnataka,Mysore,B30,26-35,Female,14.6,Cheque,Verified
INV001728,2024-01-15,119094,SIP,5645,Karnataka,Bangalore,T30,26-35,Male,17.0,Mandate,Verified
INV000961,2024-01-15,120506,SIP,5061,Rajasthan,Udaipur,B30,36-45,Male,17.2,Cheque,Verified
INV003219,2024-01-15,119120,Redemption,389517,Maharashtra,Pune,T30,46-55,Male,57.8,UPI,Verified
INV002805,2024-01-15,120504,Redemption,63924,Maharashtra,Mumbai,T30,26-35,Female,14.5,UPI,Verified
INV002174,2024-01-15,118635,SIP,11878,Gujarat,Ahmedabad,T30,36-45,Male,25.1,UPI,Verified
INV002932,2024-01-15,118634,Redemption,380616,Haryana,Gurugram,T30,36-45,Female,28.4,Cheque,Verified
INV004064,2024-01-15,119551,SIP,823,Uttar Pradesh,Lucknow,T30,26-35,Male,16.1,Mandate,Verified
INV003771,2024-01-15,149324,SIP,45650,Telangana,Hyderabad,T30,46-55,Male,47.6,Cheque,Verified
INV004066,2024-01-15,148567,SIP,6184,Gujarat,Surat,T30,46-55,Male,30.8,UPI,Verified
INV001376,2024-01-15,120844,SIP,25358,Gujarat,Surat,T30,26-35,Male,15.8,Net Banking,Verified
INV004971,2024-01-15,119551,SIP,5682,Telangana,Hyderabad,T30,26-35,Male,21.3,Cheque,Verified
INV004887,2024-01-15,148568,Lumpsum,471491,Gujarat,Surat,T30,56+,Female,79.4,Cheque,Verified
INV000405,2024-01-15,120504,SIP,2197,Karnataka,Mysore,B30,56+,Female,8.6,UPI,Pending
INV002510,2024-01-15,119552,SIP,59928,Karnataka,Mysore,B30,36-45,Male,32.6,UPI,Verified
INV004854,2024-01-15,119095,SIP,1633,Rajasthan,Udaipur,B30,18-25,Female,3.5,Cheque,Verified
INV000761,2024-01-15,148568,Lumpsum,250576,Rajasthan,Udaipur,B30,18-25,Female,7.5,Mandate,Verified
INV001023,2024-01-15,148567,SIP,2009,Gujarat,Ahmedabad,T30,36-45,Male,27.1,Mandate,Verified
INV003912,2024-01-15,148568,SIP,5222,West Bengal,Kolkata,T30,26-35,Male,8.5,Mandate,Pending
INV000814,2024-01-15,118632,SIP,2470,Delhi,New Delhi,T30,26-35,Male,17.8,Net Banking,Verified
INV001534,2024-01-16,148567,Redemption,519314,Tamil Nadu,Coimbatore,B30,36-45,Male,26.5,Cheque,Verified
INV004997,2024-01-16,101207,Redemption,312957,Tamil Nadu,Coimbatore,B30,36-45,Female,54.3,UPI,Verified
INV004605,2024-01-16,120507,Lumpsum,436022,Maharashtra,Nashik,B30,36-45,Male,17.8,Net Banking,Verified
INV002441,2024-01-16,149323,SIP,2580,Punjab,Chandigarh,T30,26-35,Male,19.6,Mandate,Verified
INV002151,2024-01-16,119551,SIP,12463,Rajasthan,Jaipur,T30,26-35,Female,18.1,Net Banking,Verified
INV004490,2024-01-16,120505,SIP,8074,Madhya Pradesh,Indore,T30,18-25,Female,3.9,UPI,Pending
INV001912,2024-01-16,101208,SIP,2105,Haryana,Gurugram,T30,26-35,Male,10.4,UPI,Verified
INV003475,2024-01-16,120506,SIP,1638,Telangana,Hyderabad,T30,26-35,Male,20.7,Cheque,Verified
INV004467,2024-01-16,119095,Redemption,353750,Tamil Nadu,Chennai,T30,46-55,Male,52.4,UPI,Pending
INV001433,2024-01-16,148569,Lumpsum,139261,West Bengal,Kolkata,T30,26-35,Male,10.9,Mandate,Verified
INV004983,2024-01-16,100016,SIP,25883,Madhya Pradesh,Bhopal,B30,26-35,Male,20.6,UPI,Verified
INV000177,2024-01-16,100025,SIP,8389,Rajasthan,Jaipur,T30,26-35,Male,17.6,Net Banking,Verified
INV001721,2024-01-16,120841,Redemption,468986,Punjab,Amritsar,B30,26-35,Male,10.8,UPI,Verified
INV000523,2024-01-16,101206,Redemption,51499,West Bengal,Kolkata,T30,36-45,Male,13.1,Net Banking,Verified
INV001867,2024-01-16,120841,SIP,3231,Rajasthan,Jaipur,T30,26-35,Male,22.1,Mandate,Verified
INV003105,2024-01-16,125498,Redemption,70650,Rajasthan,Jaipur,T30,18-25,Female,6.0,UPI,Verified
INV000718,2024-01-16,101207,SIP,1056,Delhi,Gurugram,T30,26-35,Male,10.8,Cheque,Verified
INV000864,2024-01-16,125498,SIP,1725,Tamil Nadu,Chennai,T30,26-35,Female,24.9,Mandate,Verified
INV001783,2024-01-16,119599,SIP,44734,Madhya Pradesh,Bhopal,B30,36-45,Female,52.6,Mandate,Verified
INV004052,2024-01-16,118636,SIP,12607,Uttar Pradesh,Agra,B30,26-35,Female,15.5,UPI,Verified
INV002236,2024-01-16,148568,SIP,2336,Delhi,New Delhi,T30,26-35,Male,21.6,UPI,Verified
INV004916,2024-01-16,120843,SIP,11029,Haryana,Faridabad,B30,26-35,Male,12.5,Net Banking,Verified
INV003673,2024-01-16,101207,SIP,1072,Maharashtra,Mumbai,T30,26-35,Male,23.5,Mandate,Verified
INV002206,2024-01-16,125497,Lumpsum,324696,Tamil Nadu,Chennai,T30,18-25,Male,7.7,UPI,Verified
INV002420,2024-01-16,119095,Lumpsum,232210,Karnataka,Mysore,B30,26-35,Female,6.4,Mandate,Pending
INV002752,2024-01-16,120843,Lumpsum,32885,Rajasthan,Udaipur,B30,26-35,Male,20.1,Net Banking,Verified
INV001859,2024-01-16,118633,SIP,26735,Maharashtra,Nashik,B30,36-45,Male,32.2,Mandate,Verified
INV000200,2024-01-16,119092,SIP,2131,Rajasthan,Udaipur,B30,18-25,Male,4.0,Mandate,Verified
INV002596,2024-01-16,119551,Lumpsum,264928,Maharashtra,Pune,T30,26-35,Male,16.2,UPI,Verified
INV003066,2024-01-16,102887,SIP,1174,Madhya Pradesh,Indore,T30,26-35,Male,20.4,UPI,Verified
INV002633,2024-01-16,100025,Lumpsum,421984,Karnataka,Bangalore,T30,26-35,Female,8.1,Net Banking,Verified
INV000421,2024-01-16,120503,Lumpsum,208513,Tamil Nadu,Chennai,T30,36-45,Male,31.9,UPI,Verified
INV004972,2024-01-16,101208,Lumpsum,400361,Uttar Pradesh,Lucknow,T30,18-25,Male,4.0,Cheque,Verified
INV000612,2024-01-16,118633,SIP,56380,Punjab,Amritsar,B30,18-25,Male,6.3,Cheque,Verified
INV004695,2024-01-16,120506,Redemption,137179,Gujarat,Ahmedabad,T30,26-35,Female,14.3,Net Banking,Verified
INV000829,2024-01-16,148569,SIP,1884,West Bengal,Kolkata,T30,26-35,Female,23.1,Net Banking,Verified
INV002143,2024-01-16,119120,Lumpsum,97403,Uttar Pradesh,Lucknow,T30,26-35,Male,11.8,UPI,Pending
INV004446,2024-01-16,118636,Lumpsum,75970,West Bengal,Kolkata,T30,26-35,Male,14.8,UPI,Verified
INV000324,2024-01-16,102887,Lumpsum,29241,West Bengal,Kolkata,T30,26-35,Male,8.0,UPI,Verified
INV002038,2024-01-16,148569,SIP,2602,Madhya Pradesh,Bhopal,B30,26-35,Male,20.6,Cheque,Verified
INV003325,2024-01-16,119599,Lumpsum,28481,Haryana,Faridabad,B30,26-35,Male,17.3,Cheque,Verified
INV003675,2024-01-16,102885,Lumpsum,154530,West Bengal,Kolkata,T30,56+,Male,63.9,Cheque,Verified
INV001198,2024-01-16,120844,Redemption,481961,Maharashtra,Mumbai,T30,26-35,Female,20.4,Mandate,Pending
INV004426,2024-01-16,118633,SIP,430,Rajasthan,Jaipur,T30,26-35,Male,10.4,Mandate,Verified
INV000418,2024-01-16,120503,SIP,57926,Rajasthan,Jaipur,T30,26-35,Female,13.6,Cheque,Verified
INV004701,2024-01-16,119551,Redemption,53070,Haryana,Gurugram,T30,26-35,Male,7.3,Mandate,Verified
INV004069,2024-01-16,120504,SIP,426,Delhi,Noida,T30,26-35,Male,21.8,Mandate,Verified
INV000992,2024-01-16,148568,SIP,2726,Tamil Nadu,Coimbatore,B30,46-55,Female,83.5,Net Banking,Verified
INV001883,2024-01-16,119092,SIP,1754,Maharashtra,Pune,T30,46-55,Male,69.3,Mandate,Verified
INV002551,2024-01-16,118636,SIP,8963,West Bengal,Kolkata,T30,18-25,Female,5.9,Net Banking,Verified
INV003888,2024-01-16,149323,Lumpsum,269108,Telangana,Hyderabad,T30,56+,Female,8.6,UPI,Verified
INV003978,2024-01-16,119092,SIP,891,Telangana,Hyderabad,T30,26-35,Female,6.2,UPI,Verified
INV003077,2024-01-16,119120,Redemption,158057,Tamil Nadu,Coimbatore,B30,18-25,Female,4.6,Net Banking,Pending
INV003193,2024-01-17,100033,SIP,8630,Rajasthan,Jaipur,T30,36-45,Male,40.4,Net Banking,Verified
INV002735,2024-01-17,119093,Lumpsum,413752,Tamil Nadu,Coimbatore,B30,18-25,Female,7.6,Mandate,Verified
INV003652,2024-01-17,100033,SIP,2070,Punjab,Chandigarh,T30,26-35,Female,16.9,UPI,Verified
INV004231,2024-01-17,119092,Redemption,402802,West Bengal,Kolkata,T30,56+,Male,17.5,UPI,Pending
INV001494,2024-01-17,100016,SIP,2714,Madhya Pradesh,Indore,T30,18-25,Male,5.7,Cheque,Verified
INV001045,2024-01-17,120506,Lumpsum,471797,Punjab,Chandigarh,T30,36-45,Female,45.5,UPI,Verified
INV003531,2024-01-17,101207,SIP,17302,Delhi,Gurugram,T30,36-45,Male,41.9,Net Banking,Verified
INV004281,2024-01-17,120843,SIP,3335,Rajasthan,Jaipur,T30,26-35,Female,15.9,Cheque,Verified
INV003231,2024-01-17,118634,SIP,1106,Haryana,Gurugram,T30,26-35,Male,9.1,Cheque,Verified
INV004630,2024-01-17,120504,SIP,26756,Madhya Pradesh,Bhopal,B30,26-35,Female,6.3,Mandate,Verified
INV004704,2024-01-17,149323,SIP,589,Delhi,New Delhi,T30,26-35,Male,23.1,UPI,Verified
INV001612,2024-01-17,118636,Lumpsum,177998,Haryana,Gurugram,T30,26-35,Female,12.0,Cheque,Verified
INV004848,2024-01-17,119552,SIP,596,Haryana,Gurugram,T30,26-35,Male,15.6,UPI,Verified
INV002400,2024-01-17,100025,Lumpsum,360777,Punjab,Chandigarh,T30,36-45,Male,15.5,Net Banking,Verified
INV001385,2024-01-17,119598,Lumpsum,180728,Tamil Nadu,Chennai,T30,26-35,Male,13.7,Mandate,Verified
INV003221,2024-01-17,101207,SIP,17257,Karnataka,Mysore,B30,26-35,Male,15.8,Net Banking,Verified
INV003574,2024-01-17,120506,Redemption,462002,Haryana,Faridabad,B30,46-55,Male,48.4,Cheque,Verified
INV000891,2024-01-17,120506,Lumpsum,107578,Gujarat,Surat,T30,26-35,Male,20.9,UPI,Verified
INV001463,2024-01-17,101206,SIP,5632,Maharashtra,Nashik,B30,36-45,Male,54.5,UPI,Verified
INV003552,2024-01-17,120503,Lumpsum,270675,Gujarat,Surat,T30,26-35,Male,17.0,Net Banking,Verified
INV001156,2024-01-17,120844,Lumpsum,42654,Madhya Pradesh,Indore,T30,56+,Female,58.8,Mandate,Verified
INV003757,2024-01-17,100025,SIP,23229,Uttar Pradesh,Agra,B30,18-25,Male,3.7,UPI,Verified
INV004791,2024-01-17,102886,Lumpsum,11792,Telangana,Hyderabad,T30,18-25,Female,4.6,UPI,Verified
INV000706,2024-01-17,148567,Lumpsum,194240,Telangana,Hyderabad,T30,26-35,Female,7.3,UPI,Verified
INV002472,2024-01-17,102885,SIP,2055,Maharashtra,Mumbai,T30,26-35,Female,19.1,Net Banking,Verified
INV000440,2024-01-17,118635,SIP,4455,Uttar Pradesh,Agra,B30,18-25,Male,6.7,UPI,Verified
INV002395,2024-01-17,118636,SIP,12212,West Bengal,Kolkata,T30,26-35,Male,13.0,Mandate,Verified
INV003691,2024-01-17,120842,Redemption,274289,Haryana,Faridabad,B30,18-25,Male,3.1,Mandate,Verified
INV000768,2024-01-17,118632,SIP,489,Delhi,Noida,T30,56+,Male,12.2,Cheque,Verified
INV003227,2024-01-17,120507,SIP,986,Maharashtra,Mumbai,T30,36-45,Male,41.8,Net Banking,Verified
INV001300,2024-01-17,119094,SIP,550,Uttar Pradesh,Agra,B30,36-45,Female,53.8,Cheque,Verified
INV002736,2024-01-17,100025,SIP,12423,Karnataka,Mysore,B30,18-25,Female,6.2,Cheque,Verified
INV000287,2024-01-17,118632,SIP,8910,Uttar Pradesh,Kanpur,B30,56+,Female,15.9,UPI,Verified
INV000201,2024-01-17,120507,SIP,3570,Madhya Pradesh,Indore,T30,46-55,Male,87.0,Mandate,Verified
INV002238,2024-01-17,102886,SIP,6843,Gujarat,Surat,T30,36-45,Male,58.3,UPI,Verified
INV003329,2024-01-17,102886,SIP,1021,Madhya Pradesh,Indore,T30,56+,Male,25.2,UPI,Verified
INV003410,2024-01-17,100033,SIP,2017,Madhya Pradesh,Indore,T30,26-35,Male,7.7,Cheque,Verified
INV004633,2024-01-17,101207,Redemption,48527,Telangana,Hyderabad,T30,18-25,Female,4.9,Net Banking,Verified
INV000303,2024-01-17,149324,Lumpsum,174144,West Bengal,Kolkata,T30,18-25,Female,5.0,Net Banking,Verified
INV003920,2024-01-17,119552,SIP,29333,Punjab,Chandigarh,T30,26-35,Male,20.3,Net Banking,Verified
INV001411,2024-01-17,120843,Lumpsum,260319,Delhi,Gurugram,T30,26-35,Female,7.1,UPI,Verified
INV003693,2024-01-17,101206,SIP,10863,Madhya Pradesh,Bhopal,B30,36-45,Male,25.2,Cheque,Verified
INV000510,2024-01-17,149322,SIP,22582,West Bengal,Kolkata,T30,46-55,Male,55.0,Cheque,Verified
INV000019,2024-01-17,101207,SIP,10386,Gujarat,Ahmedabad,T30,18-25,Female,5.1,Net Banking,Verified
INV003058,2024-01-17,120503,SIP,21710,Karnataka,Mysore,B30,36-45,Male,46.2,Mandate,Verified
INV004421,2024-01-17,118632,SIP,3198,Punjab,Amritsar,B30,26-35,Male,20.5,Cheque,Verified
INV000988,2024-01-17,118634,Lumpsum,555388,Rajasthan,Jaipur,T30,36-45,Male,28.7,Mandate,Verified
INV000517,2024-01-17,119092,SIP,2166,Punjab,Amritsar,B30,36-45,Female,31.8,Mandate,Verified
INV000019,2024-01-17,119598,Lumpsum,180938,Gujarat,Ahmedabad,T30,18-25,Female,5.1,Mandate,Verified
INV001415,2024-01-17,119598,SIP,13730,Haryana,Gurugram,T30,56+,Male,33.1,Net Banking,Verified
INV003579,2024-01-17,120507,Redemption,295544,West Bengal,Kolkata,T30,18-25,Male,4.6,Cheque,Verified
INV000030,2024-01-17,119094,Lumpsum,571973,Delhi,Noida,T30,18-25,Female,5.1,Net Banking,Verified
INV004285,2024-01-17,101207,SIP,4983,Punjab,Chandigarh,T30,26-35,Male,8.0,Mandate,Verified
INV004677,2024-01-18,118634,SIP,44380,Punjab,Amritsar,B30,26-35,Male,6.2,Net Banking,Pending
INV000585,2024-01-18,148568,Lumpsum,36431,Telangana,Hyderabad,T30,46-55,Female,47.0,UPI,Verified
INV004116,2024-01-18,148567,SIP,2385,Gujarat,Ahmedabad,T30,36-45,Male,59.4,Net Banking,Verified
INV002493,2024-01-18,148569,SIP,925,Maharashtra,Mumbai,T30,56+,Female,27.1,Cheque,Verified
INV003480,2024-01-18,148569,SIP,3382,Madhya Pradesh,Bhopal,B30,26-35,Male,24.4,Cheque,Verified
INV000483,2024-01-18,119599,SIP,54925,Haryana,Gurugram,T30,18-25,Male,7.7,Mandate,Verified
INV002883,2024-01-18,119551,SIP,59410,West Bengal,Kolkata,T30,26-35,Female,12.5,Cheque,Verified
INV002306,2024-01-18,149324,SIP,404,Tamil Nadu,Chennai,T30,18-25,Male,3.4,Cheque,Verified
INV000215,2024-01-18,148567,SIP,2655,Maharashtra,Nashik,B30,26-35,Female,18.3,Mandate,Verified
INV003798,2024-01-18,119092,SIP,5461,Karnataka,Bangalore,T30,36-45,Male,53.9,UPI,Verified
INV000380,2024-01-18,148567,SIP,4959,Haryana,Gurugram,T30,56+,Male,24.2,Net Banking,Verified
INV003869,2024-01-18,100025,SIP,1793,Maharashtra,Mumbai,T30,18-25,Male,5.0,UPI,Verified
INV001098,2024-01-18,120506,Redemption,230310,Tamil Nadu,Coimbatore,B30,36-45,Male,57.1,UPI,Verified
INV002527,2024-01-18,125497,SIP,486,Telangana,Hyderabad,T30,18-25,Male,6.8,Net Banking,Verified
INV003033,2024-01-18,101206,Lumpsum,198398,Gujarat,Ahmedabad,T30,36-45,Male,17.3,Mandate,Verified
INV004397,2024-01-18,101206,Lumpsum,210482,Maharashtra,Nashik,B30,18-25,Male,7.5,UPI,Verified
INV004110,2024-01-18,100016,Lumpsum,127792,West Bengal,Kolkata,T30,18-25,Male,5.5,Mandate,Verified
INV004539,2024-01-18,125497,Lumpsum,295583,Haryana,Faridabad,B30,26-35,Male,18.0,Net Banking,Verified
INV004601,2024-01-18,148567,Redemption,340135,Tamil Nadu,Chennai,T30,46-55,Male,54.6,UPI,Verified
INV002772,2024-01-18,120506,SIP,9856,Haryana,Faridabad,B30,26-35,Male,14.7,Mandate,Verified
INV001237,2024-01-18,100016,SIP,2463,West Bengal,Kolkata,T30,26-35,Male,19.1,UPI,Verified
INV001581,2024-01-18,119120,Lumpsum,297847,Madhya Pradesh,Indore,T30,18-25,Female,5.7,UPI,Verified
INV004140,2024-01-18,149322,SIP,425,Punjab,Amritsar,B30,46-55,Female,41.6,Cheque,Verified
INV002965,2024-01-18,120506,Lumpsum,275352,Delhi,Gurugram,T30,46-55,Male,58.5,Mandate,Verified
INV002727,2024-01-18,125497,Redemption,299947,Madhya Pradesh,Bhopal,B30,26-35,Female,6.3,Net Banking,Verified
INV000694,2024-01-18,118636,Lumpsum,560851,Rajasthan,Jaipur,T30,46-55,Male,50.6,Cheque,Verified
INV004602,2024-01-18,119094,SIP,21809,Delhi,Noida,T30,26-35,Female,9.4,UPI,Verified
INV004391,2024-01-18,118636,SIP,13159,Maharashtra,Mumbai,T30,26-35,Female,23.3,Net Banking,Pending
INV000026,2024-01-18,102886,SIP,22997,West Bengal,Kolkata,T30,36-45,Male,29.5,Mandate,Verified
INV001251,2024-01-18,119120,Redemption,117286,Punjab,Chandigarh,T30,26-35,Female,11.7,Cheque,Pending
INV000390,2024-01-18,118634,Lumpsum,93834,Karnataka,Bangalore,T30,26-35,Male,24.9,Mandate,Verified
INV001570,2024-01-18,101208,Lumpsum,328011,Maharashtra,Pune,T30,26-35,Male,16.0,Net Banking,Verified
INV003200,2024-01-18,148569,Redemption,282034,Punjab,Chandigarh,T30,46-55,Male,61.2,UPI,Verified
INV002873,2024-01-18,119551,SIP,2185,Haryana,Gurugram,T30,18-25,Male,5.9,Mandate,Verified
INV003016,2024-01-18,148567,SIP,2174,Madhya Pradesh,Bhopal,B30,26-35,Male,12.7,Net Banking,Verified
INV000246,2024-01-18,120841,SIP,41302,Tamil Nadu,Chennai,T30,26-35,Male,19.7,Net Banking,Verified
INV004744,2024-01-18,119120,Lumpsum,69463,Telangana,Hyderabad,T30,26-35,Female,16.0,Net Banking,Verified
INV004750,2024-01-18,125497,SIP,5108,Madhya Pradesh,Bhopal,B30,26-35,Female,13.9,Cheque,Verified
INV004718,2024-01-18,120841,SIP,25148,Delhi,New Delhi,T30,56+,Male,52.4,Mandate,Verified
INV000371,2024-01-18,118636,SIP,8712,Uttar Pradesh,Agra,B30,26-35,Male,14.6,Net Banking,Verified
INV001868,2024-01-18,119093,SIP,2001,Tamil Nadu,Coimbatore,B30,26-35,Male,17.3,Cheque,Verified
INV004132,2024-01-18,120504,SIP,1992,Rajasthan,Jaipur,T30,18-25,Male,6.3,Net Banking,Verified
INV002763,2024-01-18,102886,SIP,6188,Gujarat,Ahmedabad,T30,18-25,Female,3.5,Net Banking,Verified
INV003781,2024-01-18,102886,Lumpsum,386823,Tamil Nadu,Coimbatore,B30,26-35,Male,15.8,UPI,Verified
INV000841,2024-01-18,120842,Lumpsum,176285,Maharashtra,Mumbai,T30,36-45,Male,56.5,Cheque,Verified
INV004524,2024-01-18,149323,Lumpsum,453038,Gujarat,Surat,T30,18-25,Male,4.3,UPI,Verified
INV000517,2024-01-18,120844,SIP,25861,Punjab,Amritsar,B30,36-45,Female,31.8,UPI,Verified
INV000270,2024-01-18,101208,Redemption,411208,Maharashtra,Mumbai,T30,18-25,Male,7.6,Net Banking,Verified
INV004916,2024-01-18,125498,SIP,27811,Haryana,Faridabad,B30,26-35,Male,12.5,Cheque,Pending
INV002870,2024-01-18,148568,SIP,16953,Karnataka,Mysore,B30,26-35,Female,23.7,UPI,Pending
INV004656,2024-01-18,149324,SIP,8136,Haryana,Gurugram,T30,18-25,Male,4.7,UPI,Verified
INV004463,2024-01-18,102886,SIP,488,Karnataka,Bangalore,T30,26-35,Female,16.1,Net Banking,Verified
INV002750,2024-01-18,120507,Lumpsum,61079,Madhya Pradesh,Bhopal,B30,36-45,Male,41.8,Net Banking,Verified
INV003421,2024-01-18,100025,Lumpsum,284946,Telangana,Hyderabad,T30,26-35,Male,12.4,Net Banking,Pending
INV002668,2024-01-18,118632,SIP,49709,Delhi,Gurugram,T30,26-35,Male,9.8,Mandate,Verified
INV003398,2024-01-18,102887,Redemption,340063,Karnataka,Bangalore,T30,36-45,Male,42.0,Mandate,Pending
INV002883,2024-01-18,120505,Redemption,181729,West Bengal,Kolkata,T30,26-35,Female,12.5,Mandate,Verified
INV003236,2024-01-18,101207,SIP,3422,Madhya Pradesh,Bhopal,B30,18-25,Male,3.4,UPI,Verified
INV000857,2024-01-18,149322,Lumpsum,558718,Gujarat,Ahmedabad,T30,26-35,Female,23.6,Cheque,Verified
INV004090,2024-01-18,118632,Redemption,227578,Tamil Nadu,Coimbatore,B30,36-45,Female,28.6,Cheque,Verified
INV004299,2024-01-18,101206,Redemption,344565,Telangana,Hyderabad,T30,26-35,Female,23.1,Net Banking,Verified
INV004274,2024-01-18,101206,Redemption,241195,Rajasthan,Udaipur,B30,26-35,Male,20.4,Net Banking,Verified
INV003741,2024-01-18,119092,SIP,1911,Madhya Pradesh,Bhopal,B30,36-45,Male,30.3,Mandate,Verified
INV001424,2024-01-18,118634,SIP,15478,Haryana,Gurugram,T30,26-35,Male,18.9,Mandate,Verified
INV002882,2024-01-18,120841,Lumpsum,342269,Gujarat,Ahmedabad,T30,36-45,Male,52.7,Cheque,Verified
INV001155,2024-01-18,102887,Lumpsum,302636,Telangana,Hyderabad,T30,26-35,Female,16.7,Mandate,Verified
INV003673,2024-01-18,119120,Lumpsum,133704,Maharashtra,Mumbai,T30,26-35,Male,23.5,UPI,Verified
INV001555,2024-01-18,100025,Lumpsum,447644,Punjab,Amritsar,B30,26-35,Male,14.2,UPI,Verified
INV002585,2024-01-18,120503,Redemption,356888,Uttar Pradesh,Lucknow,T30,18-25,Male,3.2,Mandate,Verified
INV001325,2024-01-18,118636,SIP,42258,Rajasthan,Udaipur,B30,18-25,Male,4.4,Cheque,Verified
INV004220,2024-01-18,125498,SIP,8064,Uttar Pradesh,Agra,B30,26-35,Female,15.1,Cheque,Verified
INV000236,2024-01-18,102886,SIP,44437,Karnataka,Bangalore,T30,36-45,Male,26.2,Net Banking,Verified
INV000191,2024-01-18,102885,Redemption,213268,Karnataka,Bangalore,T30,26-35,Male,23.1,Mandate,Verified
INV004999,2024-01-19,100016,Lumpsum,190109,Telangana,Hyderabad,T30,26-35,Male,24.8,Mandate,Verified
INV001534,2024-01-19,125497,SIP,507,Tamil Nadu,Coimbatore,B30,36-45,Male,26.5,Cheque,Verified
INV000063,2024-01-19,102885,SIP,1192,Uttar Pradesh,Agra,B30,46-55,Male,88.9,UPI,Verified
INV001402,2024-01-19,120504,Lumpsum,122648,Tamil Nadu,Chennai,T30,26-35,Male,15.2,UPI,Verified
INV001070,2024-01-19,125497,SIP,2652,Tamil Nadu,Coimbatore,B30,26-35,Male,11.9,Cheque,Verified
INV004629,2024-01-19,149324,SIP,10331,Karnataka,Bangalore,T30,18-25,Female,4.9,Mandate,Verified
INV001068,2024-01-19,119092,Lumpsum,219861,West Bengal,Kolkata,T30,26-35,Male,6.1,UPI,Verified
INV004127,2024-01-19,120843,Redemption,170513,Madhya Pradesh,Indore,T30,36-45,Female,27.3,UPI,Verified
INV001169,2024-01-19,102887,SIP,41236,Haryana,Gurugram,T30,36-45,Female,12.5,Mandate,Verified
INV000429,2024-01-19,120841,Redemption,67514,Gujarat,Surat,T30,36-45,Female,41.7,Net Banking,Verified
INV004051,2024-01-19,119551,SIP,25725,Rajasthan,Udaipur,B30,36-45,Female,28.8,Net Banking,Verified
INV002850,2024-01-19,101207,Lumpsum,345921,Uttar Pradesh,Lucknow,T30,46-55,Male,76.5,UPI,Verified
INV003838,2024-01-19,119092,Redemption,432267,Gujarat,Surat,T30,18-25,Female,5.1,Mandate,Pending
INV000549,2024-01-19,120505,SIP,4839,Tamil Nadu,Coimbatore,B30,46-55,Female,59.6,Cheque,Verified
INV004845,2024-01-19,149324,Lumpsum,217541,West Bengal,Kolkata,T30,18-25,Male,7.5,Mandate,Verified
INV004497,2024-01-19,120503,Lumpsum,267823,Rajasthan,Jaipur,T30,26-35,Female,13.3,Cheque,Verified
INV003985,2024-01-19,120503,SIP,3246,Tamil Nadu,Coimbatore,B30,18-25,Male,4.3,Mandate,Verified
INV003234,2024-01-19,125498,SIP,21791,Telangana,Hyderabad,T30,26-35,Male,13.5,UPI,Verified
INV003021,2024-01-19,125497,SIP,1972,Telangana,Hyderabad,T30,56+,Female,65.0,Net Banking,Pending
INV001641,2024-01-19,125498,SIP,44624,Haryana,Faridabad,B30,26-35,Male,15.4,Net Banking,Verified
INV003974,2024-01-19,120506,SIP,2472,Maharashtra,Nashik,B30,46-55,Male,73.6,UPI,Verified
INV000197,2024-01-19,148567,Lumpsum,218747,Maharashtra,Mumbai,T30,18-25,Male,6.9,Cheque,Verified
INV003632,2024-01-19,119120,Redemption,384611,Punjab,Chandigarh,T30,36-45,Female,43.2,Net Banking,Verified
INV003909,2024-01-19,119551,SIP,6574,Haryana,Gurugram,T30,46-55,Male,29.1,Net Banking,Verified
INV000720,2024-01-19,149322,SIP,4233,Gujarat,Ahmedabad,T30,18-25,Female,5.8,Net Banking,Verified
INV004081,2024-01-19,118635,SIP,919,Karnataka,Bangalore,T30,46-55,Female,43.8,UPI,Verified
INV003258,2024-01-19,118635,Lumpsum,382685,Rajasthan,Udaipur,B30,26-35,Male,14.7,Net Banking,Verified
INV001043,2024-01-19,120503,Lumpsum,169307,Haryana,Gurugram,T30,18-25,Male,7.8,Mandate,Verified
INV002657,2024-01-19,125497,SIP,5392,Punjab,Amritsar,B30,36-45,Male,50.0,Net Banking,Verified
INV001748,2024-01-19,119598,SIP,2187,Gujarat,Ahmedabad,T30,36-45,Female,16.2,Mandate,Verified
INV000824,2024-01-19,118634,SIP,593,Haryana,Gurugram,T30,36-45,Male,53.9,Net Banking,Verified
INV000994,2024-01-19,148569,Lumpsum,471278,Maharashtra,Pune,T30,26-35,Female,6.1,UPI,Verified
INV004308,2024-01-19,119551,SIP,4720,Gujarat,Surat,T30,26-35,Female,11.1,Mandate,Verified
INV000733,2024-01-19,119552,SIP,22962,Uttar Pradesh,Lucknow,T30,18-25,Male,3.9,Net Banking,Verified
INV001189,2024-01-19,120844,SIP,24132,Maharashtra,Nashik,B30,56+,Male,70.1,UPI,Verified
INV003662,2024-01-19,118635,SIP,4303,Rajasthan,Jaipur,T30,18-25,Male,5.7,Cheque,Verified
INV003767,2024-01-19,120506,SIP,953,Madhya Pradesh,Bhopal,B30,36-45,Female,13.6,Cheque,Verified
INV000346,2024-01-19,120507,Lumpsum,218210,Haryana,Faridabad,B30,26-35,Male,22.0,UPI,Verified
INV004678,2024-01-19,119599,Redemption,145348,West Bengal,Kolkata,T30,36-45,Female,15.3,Net Banking,Verified
INV003717,2024-01-19,102886,Lumpsum,104110,Tamil Nadu,Coimbatore,B30,26-35,Female,20.8,Cheque,Verified
INV002139,2024-01-19,119598,SIP,2190,Haryana,Gurugram,T30,36-45,Female,28.6,Mandate,Verified
INV003291,2024-01-19,120503,SIP,3531,Gujarat,Surat,T30,36-45,Male,47.1,UPI,Verified
INV001313,2024-01-19,149324,SIP,7398,Gujarat,Surat,T30,36-45,Male,20.3,Cheque,Verified
INV002373,2024-01-19,118636,SIP,28042,Maharashtra,Pune,T30,36-45,Male,56.3,Net Banking,Verified
INV003673,2024-01-19,118636,Redemption,15062,Maharashtra,Mumbai,T30,26-35,Male,23.5,Cheque,Verified
INV001680,2024-01-19,102885,SIP,9776,Madhya Pradesh,Indore,T30,26-35,Male,22.8,Cheque,Verified
INV001154,2024-01-19,119599,SIP,42655,Delhi,Noida,T30,36-45,Female,34.8,Net Banking,Verified
INV003215,2024-01-19,120505,SIP,8910,Gujarat,Surat,T30,26-35,Female,20.9,Mandate,Verified
INV001060,2024-01-19,120843,SIP,6191,Telangana,Hyderabad,T30,36-45,Male,29.0,UPI,Pending
INV004408,2024-01-19,101208,SIP,420,Punjab,Amritsar,B30,26-35,Male,23.5,Cheque,Pending
INV000704,2024-01-19,119598,SIP,1975,Gujarat,Ahmedabad,T30,18-25,Male,4.5,Net Banking,Verified
INV004725,2024-01-19,148568,SIP,6650,Gujarat,Ahmedabad,T30,18-25,Male,4.7,UPI,Verified
INV001242,2024-01-19,148567,SIP,1049,Tamil Nadu,Chennai,T30,36-45,Male,57.8,Cheque,Verified
INV002783,2024-01-19,120507,Redemption,282913,West Bengal,Kolkata,T30,26-35,Male,7.0,Mandate,Verified
INV003511,2024-01-19,119551,SIP,14753,Haryana,Gurugram,T30,46-55,Male,36.8,Net Banking,Verified
INV001428,2024-01-19,119552,Lumpsum,311248,Delhi,New Delhi,T30,26-35,Male,17.8,Cheque,Pending
INV002476,2024-01-19,149322,SIP,2470,Telangana,Hyderabad,T30,36-45,Female,58.6,Cheque,Verified
INV002319,2024-01-19,118633,SIP,13221,Karnataka,Mysore,B30,26-35,Male,8.7,UPI,Verified
INV004875,2024-01-19,120507,Redemption,276200,West Bengal,Kolkata,T30,26-35,Male,25.0,Net Banking,Verified
INV001023,2024-01-19,125498,SIP,8071,Gujarat,Ahmedabad,T30,36-45,Male,27.1,Mandate,Verified
INV000778,2024-01-19,119092,Redemption,40021,Haryana,Faridabad,B30,26-35,Male,16.9,Cheque,Verified
INV003383,2024-01-19,119094,SIP,11765,Karnataka,Mysore,B30,18-25,Male,4.6,Mandate,Pending
INV004089,2024-01-19,101207,Lumpsum,114831,Haryana,Gurugram,T30,36-45,Female,15.2,Mandate,Verified
INV000393,2024-01-19,100025,Lumpsum,394362,Maharashtra,Mumbai,T30,36-45,Male,53.1,Net Banking,Verified
INV002706,2024-01-20,119092,Lumpsum,337669,Haryana,Faridabad,B30,46-55,Female,22.8,Net Banking,Pending
INV004737,2024-01-20,118634,SIP,5179,Madhya Pradesh,Indore,T30,46-55,Male,98.4,Cheque,Pending
INV003776,2024-01-20,120507,SIP,17316,Punjab,Amritsar,B30,26-35,Male,22.7,Mandate,Verified
INV000544,2024-01-20,101206,SIP,21648,Madhya Pradesh,Bhopal,B30,18-25,Male,3.6,Cheque,Verified
INV004561,2024-01-20,101208,SIP,6341,Haryana,Faridabad,B30,26-35,Male,18.8,Mandate,Verified
INV002500,2024-01-20,149324,SIP,25042,Delhi,New Delhi,T30,26-35,Male,14.7,Net Banking,Verified
INV001882,2024-01-20,119598,Lumpsum,470885,Rajasthan,Udaipur,B30,26-35,Male,22.9,Cheque,Verified
INV000422,2024-01-20,118636,SIP,4429,Punjab,Amritsar,B30,46-55,Male,94.1,UPI,Pending
INV001903,2024-01-20,119093,SIP,15127,Delhi,New Delhi,T30,26-35,Female,8.8,Mandate,Verified
INV003123,2024-01-20,119551,SIP,4518,Haryana,Faridabad,B30,36-45,Male,36.2,UPI,Verified
INV000413,2024-01-20,119120,SIP,3176,Haryana,Gurugram,T30,36-45,Female,49.8,Net Banking,Verified
INV002940,2024-01-20,118636,Redemption,347064,Haryana,Faridabad,B30,26-35,Male,18.3,Cheque,Verified
INV004414,2024-01-20,149324,SIP,10650,Uttar Pradesh,Lucknow,T30,26-35,Male,6.6,Net Banking,Verified
INV004142,2024-01-20,119551,Redemption,127871,West Bengal,Kolkata,T30,26-35,Male,12.0,UPI,Verified
INV002733,2024-01-20,101207,Lumpsum,505706,Punjab,Chandigarh,T30,26-35,Male,19.0,Cheque,Verified
INV000374,2024-01-20,119599,SIP,11655,West Bengal,Kolkata,T30,18-25,Female,4.1,UPI,Verified
INV000299,2024-01-20,119094,Lumpsum,271542,Delhi,Noida,T30,26-35,Male,24.4,UPI,Verified
INV004787,2024-01-20,148568,Redemption,259691,Haryana,Faridabad,B30,26-35,Male,8.2,UPI,Verified
INV002362,2024-01-20,120504,Lumpsum,391995,Delhi,New Delhi,T30,26-35,Male,22.3,Cheque,Verified
INV000405,2024-01-20,119552,Redemption,237811,Karnataka,Mysore,B30,56+,Female,8.6,Net Banking,Verified
INV003439,2024-01-20,149324,SIP,8648,West Bengal,Kolkata,T30,18-25,Female,3.9,Cheque,Verified
INV002941,2024-01-20,118636,SIP,29077,Rajasthan,Udaipur,B30,36-45,Female,59.2,Mandate,Verified
INV000567,2024-01-20,100016,Redemption,151782,Delhi,New Delhi,T30,26-35,Male,9.1,Net Banking,Verified
INV001819,2024-01-20,119552,SIP,6343,West Bengal,Kolkata,T30,26-35,Male,11.9,Mandate,Verified
INV003113,2024-01-20,119093,SIP,6483,Rajasthan,Jaipur,T30,26-35,Male,22.0,Net Banking,Verified
INV000252,2024-01-20,125498,Redemption,515151,Gujarat,Surat,T30,46-55,Female,24.4,Mandate,Verified
INV003415,2024-01-20,148568,SIP,8206,Gujarat,Surat,T30,46-55,Male,96.6,Mandate,Verified
INV003328,2024-01-20,119120,Lumpsum,303017,Karnataka,Mysore,B30,26-35,Female,14.2,Cheque,Pending
INV000651,2024-01-20,119552,SIP,12573,Delhi,New Delhi,T30,18-25,Male,6.0,Net Banking,Verified
INV003411,2024-01-20,119095,Lumpsum,52372,Tamil Nadu,Chennai,T30,26-35,Male,14.2,Mandate,Verified
INV002697,2024-01-20,149323,SIP,511,West Bengal,Kolkata,T30,26-35,Male,14.1,Cheque,Pending
INV002685,2024-01-20,119093,SIP,51489,Madhya Pradesh,Bhopal,B30,18-25,Male,3.7,Net Banking,Verified
INV000458,2024-01-20,119095,Lumpsum,343114,Rajasthan,Udaipur,B30,56+,Male,18.9,Net Banking,Verified
INV002366,2024-01-20,119092,Redemption,165229,Telangana,Hyderabad,T30,26-35,Female,20.4,Net Banking,Verified
INV004684,2024-01-20,118635,SIP,12906,Tamil Nadu,Chennai,T30,26-35,Male,22.0,Mandate,Verified
INV001899,2024-01-20,120506,SIP,578,Gujarat,Ahmedabad,T30,26-35,Male,7.6,Mandate,Pending
INV000832,2024-01-20,149322,SIP,6694,Karnataka,Bangalore,T30,36-45,Male,36.6,UPI,Verified
INV002195,2024-01-20,118636,Redemption,16534,Telangana,Hyderabad,T30,26-35,Male,24.5,Net Banking,Verified
INV003061,2024-01-20,102885,Lumpsum,317573,Uttar Pradesh,Lucknow,T30,26-35,Female,11.9,Mandate,Verified
INV001048,2024-01-20,119094,Lumpsum,260931,Delhi,New Delhi,T30,46-55,Male,46.6,UPI,Verified
INV002585,2024-01-20,120505,Lumpsum,265554,Uttar Pradesh,Lucknow,T30,18-25,Male,3.2,Mandate,Verified
INV003674,2024-01-20,102886,Redemption,279015,Uttar Pradesh,Kanpur,B30,36-45,Male,32.8,UPI,Verified
INV002996,2024-01-20,120507,Lumpsum,427873,Madhya Pradesh,Bhopal,B30,26-35,Male,20.7,Net Banking,Pending
INV000049,2024-01-20,119094,SIP,13494,Maharashtra,Nashik,B30,36-45,Male,23.8,Cheque,Verified
INV004030,2024-01-20,120504,SIP,2252,Uttar Pradesh,Lucknow,T30,18-25,Female,4.4,Mandate,Verified
INV003847,2024-01-20,125497,Redemption,66045,Telangana,Hyderabad,T30,26-35,Male,19.7,Mandate,Verified
INV004970,2024-01-20,102886,Lumpsum,41075,Maharashtra,Nashik,B30,36-45,Female,27.6,Net Banking,Verified
INV002134,2024-01-20,119552,SIP,5099,Rajasthan,Udaipur,B30,26-35,Male,24.8,Mandate,Verified
INV003047,2024-01-20,118636,Lumpsum,317302,Maharashtra,Mumbai,T30,46-55,Male,40.0,Cheque,Verified
INV004899,2024-01-20,120842,SIP,1081,Delhi,New Delhi,T30,36-45,Male,39.4,Net Banking,Verified
INV004896,2024-01-20,149324,Lumpsum,251783,Uttar Pradesh,Agra,B30,18-25,Female,3.5,Mandate,Verified
INV003023,2024-01-20,118633,SIP,872,Gujarat,Ahmedabad,T30,26-35,Female,13.6,Cheque,Verified
INV002823,2024-01-20,118633,SIP,53710,Telangana,Hyderabad,T30,26-35,Male,21.5,Net Banking,Verified
INV003509,2024-01-20,149323,SIP,6149,Haryana,Gurugram,T30,36-45,Male,14.5,Mandate,Verified
INV003047,2024-01-20,148568,SIP,4437,Maharashtra,Mumbai,T30,46-55,Male,40.0,Mandate,Verified
INV001175,2024-01-20,119120,SIP,21148,Punjab,Chandigarh,T30,36-45,Male,33.5,Cheque,Verified
INV000134,2024-01-20,119552,SIP,13078,Punjab,Chandigarh,T30,36-45,Female,50.2,Mandate,Verified
INV003565,2024-01-20,119095,SIP,2454,Gujarat,Surat,T30,26-35,Male,12.0,Net Banking,Verified
INV002826,2024-01-20,119095,SIP,543,Haryana,Gurugram,T30,26-35,Male,20.5,Mandate,Pending
INV004096,2024-01-20,149323,SIP,25101,Tamil Nadu,Coimbatore,B30,36-45,Male,57.1,Cheque,Pending
INV000074,2024-01-20,120504,SIP,7798,Rajasthan,Jaipur,T30,26-35,Female,8.4,Mandate,Pending
INV004911,2024-01-20,149324,SIP,47812,West Bengal,Kolkata,T30,26-35,Female,9.4,UPI,Verified
INV001594,2024-01-20,119095,SIP,3533,Madhya Pradesh,Bhopal,B30,26-35,Male,13.9,Cheque,Verified
INV004079,2024-01-21,120843,SIP,432,Karnataka,Bangalore,T30,36-45,Female,57.2,Net Banking,Verified
INV003396,2024-01-21,119599,SIP,2810,Karnataka,Mysore,B30,26-35,Male,23.4,Net Banking,Verified
INV004066,2024-01-21,120841,SIP,15405,Gujarat,Surat,T30,46-55,Male,30.8,Net Banking,Verified
INV001131,2024-01-21,119551,SIP,445,Tamil Nadu,Coimbatore,B30,36-45,Female,32.0,UPI,Verified
INV002681,2024-01-21,100025,SIP,8884,Maharashtra,Nashik,B30,18-25,Female,7.2,UPI,Verified
INV000371,2024-01-21,119120,SIP,5416,Uttar Pradesh,Agra,B30,26-35,Male,14.6,Cheque,Pending
INV001717,2024-01-21,120505,Lumpsum,351527,Karnataka,Mysore,B30,26-35,Male,23.2,UPI,Verified
INV000799,2024-01-21,125497,SIP,3274,Madhya Pradesh,Indore,T30,18-25,Male,4.6,Net Banking,Verified
INV004497,2024-01-21,118635,Redemption,453909,Rajasthan,Jaipur,T30,26-35,Female,13.3,Mandate,Verified
INV000369,2024-01-21,102886,Lumpsum,69084,Delhi,Gurugram,T30,26-35,Male,20.7,UPI,Verified
INV003675,2024-01-21,119598,SIP,5637,West Bengal,Kolkata,T30,56+,Male,63.9,Net Banking,Verified
INV004109,2024-01-21,120503,Lumpsum,160487,Uttar Pradesh,Lucknow,T30,56+,Female,59.8,UPI,Verified
INV004281,2024-01-21,120507,Lumpsum,78516,Rajasthan,Jaipur,T30,26-35,Female,15.9,Net Banking,Verified
INV000269,2024-01-21,119552,SIP,4719,Punjab,Amritsar,B30,46-55,Male,47.3,Cheque,Verified
INV003288,2024-01-21,102886,SIP,45897,Punjab,Chandigarh,T30,56+,Male,57.9,Cheque,Pending
INV000289,2024-01-21,101206,SIP,3127,Delhi,Gurugram,T30,36-45,Male,54.2,Net Banking,Verified
INV003820,2024-01-21,100033,SIP,894,Tamil Nadu,Chennai,T30,56+,Male,61.2,Mandate,Verified
INV003962,2024-01-21,118635,SIP,26088,Haryana,Gurugram,T30,26-35,Male,20.4,Cheque,Pending
INV004450,2024-01-21,119551,SIP,8560,Tamil Nadu,Coimbatore,B30,36-45,Male,16.7,UPI,Verified
INV004216,2024-01-21,119598,SIP,7627,Karnataka,Bangalore,T30,26-35,Male,8.3,Net Banking,Verified
INV003042,2024-01-21,119599,Redemption,478639,Tamil Nadu,Coimbatore,B30,46-55,Male,23.5,Net Banking,Pending
INV004784,2024-01-21,120507,Redemption,233850,Uttar Pradesh,Lucknow,T30,26-35,Female,15.8,Cheque,Verified
INV001354,2024-01-21,118632,Lumpsum,139599,Tamil Nadu,Coimbatore,B30,18-25,Male,7.0,Mandate,Verified
INV003169,2024-01-21,119092,Lumpsum,310274,Telangana,Hyderabad,T30,26-35,Female,11.2,Mandate,Verified
INV004688,2024-01-21,118632,SIP,1191,West Bengal,Kolkata,T30,26-35,Male,20.7,Net Banking,Verified
INV003614,2024-01-21,100016,Lumpsum,415889,Maharashtra,Mumbai,T30,26-35,Male,13.3,Cheque,Verified
INV002031,2024-01-21,102887,SIP,9353,Madhya Pradesh,Indore,T30,46-55,Male,24.3,UPI,Verified
INV003940,2024-01-21,120506,SIP,8683,West Bengal,Kolkata,T30,36-45,Male,21.6,Cheque,Verified
INV001809,2024-01-21,148568,SIP,5393,Telangana,Hyderabad,T30,46-55,Male,80.5,UPI,Verified
INV004672,2024-01-21,120507,SIP,55878,Rajasthan,Jaipur,T30,26-35,Male,23.9,Mandate,Verified
INV004041,2024-01-21,119551,Redemption,117403,Telangana,Hyderabad,T30,36-45,Male,51.1,UPI,Verified
INV001631,2024-01-21,125498,Lumpsum,78235,Haryana,Faridabad,B30,36-45,Male,55.9,Cheque,Verified
INV002729,2024-01-21,101207,SIP,14776,Uttar Pradesh,Kanpur,B30,26-35,Female,15.4,UPI,Verified
INV000019,2024-01-21,100016,SIP,4135,Gujarat,Ahmedabad,T30,18-25,Female,5.1,Cheque,Verified
INV002827,2024-01-21,119551,Redemption,241812,Karnataka,Mysore,B30,36-45,Female,58.1,Net Banking,Verified
INV004565,2024-01-21,120505,SIP,8085,Gujarat,Surat,T30,26-35,Male,9.2,UPI,Verified
INV004473,2024-01-21,119120,SIP,29361,Karnataka,Mysore,B30,18-25,Male,5.6,Net Banking,Verified
INV003539,2024-01-21,102887,SIP,2552,Rajasthan,Udaipur,B30,56+,Female,54.9,Cheque,Verified
INV001457,2024-01-21,119093,SIP,1011,Gujarat,Ahmedabad,T30,26-35,Male,17.7,Cheque,Verified
INV002055,2024-01-21,125498,SIP,877,Punjab,Amritsar,B30,26-35,Male,18.7,UPI,Verified
INV004661,2024-01-21,100033,SIP,2120,Maharashtra,Nashik,B30,26-35,Male,9.8,Cheque,Verified
INV001772,2024-01-21,102887,SIP,17912,Telangana,Hyderabad,T30,36-45,Male,31.2,UPI,Verified
INV003749,2024-01-21,101208,Lumpsum,256164,Delhi,New Delhi,T30,36-45,Female,25.6,Mandate,Verified
INV001468,2024-01-21,120505,SIP,1982,Tamil Nadu,Chennai,T30,26-35,Female,19.4,Net Banking,Verified
INV003936,2024-01-21,101208,SIP,46005,Punjab,Chandigarh,T30,36-45,Male,19.8,Cheque,Verified
INV000606,2024-01-21,102886,Lumpsum,505322,Karnataka,Mysore,B30,18-25,Male,7.8,Cheque,Verified
INV003604,2024-01-21,148567,SIP,2760,Punjab,Chandigarh,T30,18-25,Female,7.4,Mandate,Verified
INV002257,2024-01-21,125498,Redemption,199340,West Bengal,Kolkata,T30,26-35,Male,9.8,Net Banking,Pending
INV001515,2024-01-21,118635,SIP,402,Tamil Nadu,Coimbatore,B30,18-25,Male,7.4,Cheque,Verified
INV001950,2024-01-21,148567,Lumpsum,87114,Maharashtra,Pune,T30,26-35,Female,6.0,UPI,Verified
INV000511,2024-01-21,119120,SIP,14534,Punjab,Chandigarh,T30,46-55,Male,88.7,UPI,Verified
INV004065,2024-01-21,149324,SIP,45064,Tamil Nadu,Chennai,T30,26-35,Male,6.1,UPI,Pending
INV004175,2024-01-22,101206,SIP,1095,Tamil Nadu,Coimbatore,B30,36-45,Female,51.8,Mandate,Verified
INV000853,2024-01-22,120844,SIP,4899,Punjab,Chandigarh,T30,26-35,Female,8.0,Net Banking,Verified
INV002107,2024-01-22,102886,SIP,2314,Telangana,Hyderabad,T30,26-35,Male,18.2,Cheque,Verified
INV003212,2024-01-22,120842,SIP,6289,West Bengal,Kolkata,T30,26-35,Male,17.2,Net Banking,Verified
INV004017,2024-01-22,118632,Lumpsum,350234,West Bengal,Kolkata,T30,36-45,Male,36.7,Cheque,Verified
INV003153,2024-01-22,119598,Lumpsum,274956,Madhya Pradesh,Indore,T30,36-45,Female,20.5,Cheque,Verified
INV001999,2024-01-22,119120,Lumpsum,483516,Rajasthan,Udaipur,B30,18-25,Male,5.8,Net Banking,Verified
INV000627,2024-01-22,120503,Lumpsum,226010,Delhi,Noida,T30,36-45,Female,49.8,Cheque,Verified
INV000482,2024-01-22,118632,Redemption,301021,Maharashtra,Mumbai,T30,26-35,Male,7.6,Mandate,Verified
INV002967,2024-01-22,118635,SIP,8047,Karnataka,Mysore,B30,18-25,Female,4.7,Net Banking,Verified
INV002912,2024-01-22,149323,SIP,7839,Maharashtra,Mumbai,T30,26-35,Female,23.6,Mandate,Verified
INV001118,2024-01-22,148568,SIP,17281,Haryana,Gurugram,T30,18-25,Male,6.7,Cheque,Verified
INV003480,2024-01-22,118632,SIP,17157,Madhya Pradesh,Bhopal,B30,26-35,Male,24.4,UPI,Verified
INV001457,2024-01-22,118633,Redemption,38841,Gujarat,Ahmedabad,T30,26-35,Male,17.7,UPI,Verified
INV002509,2024-01-22,100033,Redemption,229514,Maharashtra,Mumbai,T30,36-45,Female,19.9,Net Banking,Pending
INV000811,2024-01-22,120503,SIP,15579,Haryana,Faridabad,B30,36-45,Female,34.5,Cheque,Pending
INV001013,2024-01-22,119551,SIP,2141,Telangana,Hyderabad,T30,36-45,Male,40.6,Net Banking,Verified
INV004143,2024-01-22,120505,SIP,7378,Gujarat,Ahmedabad,T30,18-25,Male,7.4,UPI,Verified
INV002399,2024-01-22,102885,Redemption,157245,Gujarat,Ahmedabad,T30,46-55,Female,34.7,Net Banking,Pending
INV000011,2024-01-22,101207,SIP,2641,West Bengal,Kolkata,T30,26-35,Male,9.6,UPI,Verified
INV000280,2024-01-22,100016,SIP,2946,Punjab,Amritsar,B30,26-35,Female,22.9,UPI,Verified
INV001560,2024-01-22,100016,SIP,4414,Punjab,Amritsar,B30,26-35,Male,22.5,Mandate,Verified
INV002278,2024-01-22,101207,SIP,3325,Uttar Pradesh,Agra,B30,46-55,Female,88.6,Cheque,Verified
INV002138,2024-01-22,101208,SIP,439,Karnataka,Bangalore,T30,46-55,Female,78.2,Mandate,Pending
INV001662,2024-01-22,149322,SIP,3576,Delhi,Gurugram,T30,36-45,Male,45.6,Net Banking,Verified
INV004467,2024-01-22,148569,SIP,21886,Tamil Nadu,Chennai,T30,46-55,Male,52.4,Net Banking,Verified
INV004297,2024-01-22,118632,Redemption,485090,Karnataka,Bangalore,T30,36-45,Female,19.5,Net Banking,Verified
INV003102,2024-01-22,100033,Redemption,144648,Maharashtra,Pune,T30,18-25,Male,4.3,Cheque,Verified
INV003912,2024-01-22,148567,SIP,2803,West Bengal,Kolkata,T30,26-35,Male,8.5,Mandate,Verified
INV000387,2024-01-22,102885,SIP,3465,Gujarat,Surat,T30,36-45,Male,53.8,Cheque,Verified
INV003026,2024-01-22,149324,Lumpsum,311050,Madhya Pradesh,Bhopal,B30,36-45,Female,25.7,UPI,Pending
INV004759,2024-01-22,101208,SIP,1847,Gujarat,Ahmedabad,T30,36-45,Female,13.8,UPI,Verified
INV003791,2024-01-22,125498,Redemption,160410,Tamil Nadu,Coimbatore,B30,46-55,Male,77.4,Mandate,Verified
INV004971,2024-01-22,125497,Lumpsum,399810,Telangana,Hyderabad,T30,26-35,Male,21.3,UPI,Verified
INV001972,2024-01-22,100016,SIP,4566,Uttar Pradesh,Kanpur,B30,18-25,Male,4.6,Cheque,Verified
INV000881,2024-01-22,120507,SIP,932,Uttar Pradesh,Agra,B30,26-35,Male,17.1,Mandate,Verified
INV003997,2024-01-22,101208,Lumpsum,168365,Telangana,Hyderabad,T30,36-45,Male,48.3,Cheque,Verified
INV001538,2024-01-22,118634,Lumpsum,131112,Madhya Pradesh,Bhopal,B30,18-25,Female,3.1,Mandate,Verified
INV004692,2024-01-22,119093,SIP,1646,Madhya Pradesh,Bhopal,B30,26-35,Male,11.6,Cheque,Verified
INV004203,2024-01-22,101206,SIP,8689,Madhya Pradesh,Indore,T30,18-25,Male,7.9,UPI,Verified
INV004497,2024-01-22,118634,Redemption,157191,Rajasthan,Jaipur,T30,26-35,Female,13.3,Mandate,Verified
INV000634,2024-01-22,118635,SIP,7085,Karnataka,Bangalore,T30,26-35,Female,22.7,Mandate,Verified
INV003755,2024-01-22,119093,SIP,45395,Punjab,Chandigarh,T30,46-55,Male,42.7,Cheque,Verified
INV004790,2024-01-22,119094,SIP,2075,Tamil Nadu,Coimbatore,B30,18-25,Male,3.4,Cheque,Verified
INV002931,2024-01-22,119092,Redemption,433606,Tamil Nadu,Coimbatore,B30,56+,Female,32.4,Mandate,Verified
INV001422,2024-01-22,119095,SIP,1862,Punjab,Amritsar,B30,36-45,Male,38.6,Mandate,Verified
INV004835,2024-01-22,119551,Redemption,340023,Maharashtra,Nashik,B30,56+,Male,12.9,UPI,Verified
INV000268,2024-01-22,102885,SIP,14053,Haryana,Gurugram,T30,18-25,Female,4.7,Cheque,Verified
INV002867,2024-01-22,119092,Lumpsum,17958,West Bengal,Kolkata,T30,18-25,Male,5.0,Mandate,Verified
INV003649,2024-01-22,120842,SIP,56228,Haryana,Gurugram,T30,46-55,Female,79.9,Net Banking,Verified
INV001379,2024-01-22,120841,Lumpsum,418303,Punjab,Amritsar,B30,56+,Female,74.3,Net Banking,Verified
INV003112,2024-01-22,119093,SIP,2632,Maharashtra,Pune,T30,26-35,Female,8.5,Cheque,Verified
INV002191,2024-01-22,149324,Lumpsum,25647,West Bengal,Kolkata,T30,26-35,Male,9.0,Mandate,Verified
INV000429,2024-01-22,148567,SIP,58970,Gujarat,Surat,T30,36-45,Female,41.7,Cheque,Verified
INV003224,2024-01-22,101206,SIP,2394,Punjab,Amritsar,B30,26-35,Male,16.0,Net Banking,Verified
INV001375,2024-01-22,120843,Lumpsum,45742,Haryana,Gurugram,T30,18-25,Male,6.3,Cheque,Verified
INV002039,2024-01-22,100025,SIP,17406,Madhya Pradesh,Bhopal,B30,46-55,Male,17.3,Net Banking,Verified
INV004636,2024-01-22,102885,Redemption,115286,Uttar Pradesh,Kanpur,B30,18-25,Female,5.0,Cheque,Verified
INV000430,2024-01-22,149323,Redemption,146934,Punjab,Amritsar,B30,18-25,Male,3.3,UPI,Verified
INV002824,2024-01-22,119094,Lumpsum,74855,Rajasthan,Jaipur,T30,56+,Male,42.5,Cheque,Verified
INV004811,2024-01-23,102887,Lumpsum,91483,Punjab,Amritsar,B30,26-35,Female,9.4,Cheque,Verified
INV004102,2024-01-23,119095,Redemption,128707,Tamil Nadu,Coimbatore,B30,26-35,Female,6.6,Mandate,Verified
INV002927,2024-01-23,102886,Lumpsum,22511,Punjab,Amritsar,B30,56+,Male,29.1,Net Banking,Verified
INV002622,2024-01-23,120506,Redemption,476484,Karnataka,Mysore,B30,18-25,Female,4.0,Net Banking,Pending
INV004140,2024-01-23,118636,SIP,563,Punjab,Amritsar,B30,46-55,Female,41.6,Cheque,Pending
INV001594,2024-01-23,125498,Lumpsum,219039,Madhya Pradesh,Bhopal,B30,26-35,Male,13.9,Mandate,Verified
INV003408,2024-01-23,119598,Lumpsum,206566,West Bengal,Kolkata,T30,18-25,Male,6.1,Mandate,Verified
INV004401,2024-01-23,148567,SIP,23254,Rajasthan,Udaipur,B30,26-35,Male,22.6,Net Banking,Pending
INV001364,2024-01-23,148568,Lumpsum,85818,Delhi,Gurugram,T30,26-35,Male,11.6,Mandate,Verified
INV002558,2024-01-23,101206,SIP,6571,Haryana,Faridabad,B30,26-35,Female,9.1,Net Banking,Verified
INV000089,2024-01-23,102886,Redemption,349945,Maharashtra,Mumbai,T30,26-35,Female,11.2,UPI,Verified
INV002047,2024-01-23,120843,SIP,4200,Tamil Nadu,Coimbatore,B30,26-35,Female,19.5,Cheque,Verified
INV001161,2024-01-23,119598,SIP,5577,Uttar Pradesh,Kanpur,B30,26-35,Male,13.4,Cheque,Verified
INV001828,2024-01-23,119120,SIP,8923,Gujarat,Surat,T30,36-45,Male,27.7,Mandate,Verified
INV000622,2024-01-23,102887,SIP,2863,Haryana,Faridabad,B30,26-35,Male,18.0,Cheque,Verified
INV001064,2024-01-23,120506,SIP,3034,West Bengal,Kolkata,T30,46-55,Male,67.9,Cheque,Verified
INV000474,2024-01-23,148569,SIP,5660,Madhya Pradesh,Bhopal,B30,46-55,Male,83.3,Mandate,Verified
INV002399,2024-01-23,119551,Lumpsum,135401,Gujarat,Ahmedabad,T30,46-55,Female,34.7,Net Banking,Verified
INV004647,2024-01-23,101208,SIP,9207,Madhya Pradesh,Indore,T30,36-45,Female,25.3,UPI,Verified
INV004932,2024-01-23,101206,SIP,846,Tamil Nadu,Chennai,T30,26-35,Female,21.1,UPI,Verified
INV003653,2024-01-23,101208,Redemption,329938,Punjab,Amritsar,B30,18-25,Female,3.8,Mandate,Verified
INV000758,2024-01-23,119599,SIP,5484,Delhi,New Delhi,T30,56+,Male,61.5,Net Banking,Verified
INV000449,2024-01-23,119095,Lumpsum,270582,Haryana,Faridabad,B30,18-25,Male,6.8,UPI,Verified
INV003435,2024-01-23,102885,Lumpsum,199871,Maharashtra,Nashik,B30,26-35,Female,17.8,Net Banking,Verified
INV003428,2024-01-23,149324,Redemption,83564,Tamil Nadu,Coimbatore,B30,26-35,Female,22.8,UPI,Verified
INV004988,2024-01-23,120506,SIP,5536,Delhi,Noida,T30,56+,Male,69.6,Net Banking,Verified
INV001473,2024-01-23,120844,SIP,41716,Delhi,Gurugram,T30,36-45,Male,29.1,UPI,Pending
INV000475,2024-01-23,120504,SIP,2739,West Bengal,Kolkata,T30,56+,Female,49.7,Cheque,Verified
INV003279,2024-01-23,118633,SIP,42431,Rajasthan,Jaipur,T30,46-55,Female,19.4,UPI,Verified
INV001370,2024-01-23,118634,SIP,28826,Tamil Nadu,Coimbatore,B30,26-35,Male,7.5,Cheque,Verified
INV002170,2024-01-23,118635,SIP,429,Delhi,New Delhi,T30,26-35,Female,14.7,Mandate,Pending
INV000633,2024-01-23,100016,SIP,14085,Karnataka,Bangalore,T30,46-55,Male,69.2,Mandate,Verified
INV001315,2024-01-23,119120,Lumpsum,529130,Telangana,Hyderabad,T30,46-55,Female,32.9,Mandate,Verified
INV004014,2024-01-23,148569,SIP,460,Telangana,Hyderabad,T30,56+,Female,27.2,Mandate,Verified
INV000723,2024-01-23,120841,SIP,8912,Madhya Pradesh,Indore,T30,46-55,Female,31.4,Cheque,Verified
INV001676,2024-01-23,120503,Redemption,111609,Haryana,Faridabad,B30,56+,Female,30.9,Net Banking,Verified
INV004544,2024-01-23,120507,SIP,5622,Maharashtra,Mumbai,T30,36-45,Male,52.1,UPI,Verified
INV001425,2024-01-23,101207,SIP,1194,Uttar Pradesh,Agra,B30,26-35,Male,16.8,Net Banking,Verified
INV000862,2024-01-23,102887,Redemption,204267,Uttar Pradesh,Agra,B30,26-35,Female,24.4,Cheque,Verified
INV001691,2024-01-23,125498,Redemption,224953,Maharashtra,Mumbai,T30,26-35,Male,10.3,Net Banking,Verified
INV004460,2024-01-23,120504,SIP,3003,Haryana,Gurugram,T30,26-35,Male,24.7,Mandate,Verified
INV000654,2024-01-23,125498,Lumpsum,11463,Rajasthan,Udaipur,B30,18-25,Female,7.9,Mandate,Verified
INV000331,2024-01-23,119092,SIP,22367,Madhya Pradesh,Indore,T30,36-45,Male,15.5,UPI,Verified
INV004007,2024-01-23,119095,SIP,13110,Delhi,New Delhi,T30,18-25,Female,4.5,UPI,Verified
INV002166,2024-01-23,118636,SIP,7276,Haryana,Gurugram,T30,36-45,Male,33.3,Mandate,Verified
INV001048,2024-01-23,100016,Redemption,479131,Delhi,New Delhi,T30,46-55,Male,46.6,Net Banking,Verified
INV001496,2024-01-23,148569,Redemption,515736,West Bengal,Kolkata,T30,18-25,Male,4.5,Net Banking,Verified
INV003528,2024-01-23,120842,SIP,496,Madhya Pradesh,Bhopal,B30,18-25,Female,3.6,UPI,Verified
INV004634,2024-01-23,125498,SIP,839,Tamil Nadu,Chennai,T30,26-35,Male,15.1,Mandate,Verified
INV003078,2024-01-23,120503,Redemption,422119,Haryana,Gurugram,T30,36-45,Male,57.5,Cheque,Verified
INV004232,2024-01-23,119095,SIP,15237,Tamil Nadu,Chennai,T30,26-35,Male,19.0,UPI,Verified
INV003454,2024-01-23,149322,Lumpsum,157601,Telangana,Hyderabad,T30,26-35,Male,18.3,Cheque,Verified
INV001883,2024-01-23,101207,Lumpsum,97346,Maharashtra,Pune,T30,46-55,Male,69.3,Cheque,Verified
INV003089,2024-01-23,125497,SIP,42807,Uttar Pradesh,Agra,B30,26-35,Male,14.1,UPI,Verified
INV002038,2024-01-23,148568,SIP,16776,Madhya Pradesh,Bhopal,B30,26-35,Male,20.6,Net Banking,Verified
INV002396,2024-01-23,148567,Lumpsum,351689,Rajasthan,Udaipur,B30,18-25,Female,3.6,Cheque,Verified
INV000586,2024-01-23,119095,SIP,56709,West Bengal,Kolkata,T30,36-45,Male,43.8,Mandate,Verified
INV004509,2024-01-23,148567,SIP,959,Uttar Pradesh,Lucknow,T30,26-35,Female,20.3,Mandate,Verified
INV002769,2024-01-23,102887,SIP,8846,Maharashtra,Pune,T30,18-25,Female,4.5,UPI,Verified
INV002355,2024-01-23,120841,Lumpsum,404849,Rajasthan,Jaipur,T30,26-35,Female,23.7,Mandate,Verified
INV003250,2024-01-24,148568,Lumpsum,464852,Gujarat,Ahmedabad,T30,26-35,Male,11.3,Net Banking,Verified
INV004498,2024-01-24,119599,Redemption,112908,Punjab,Chandigarh,T30,26-35,Male,6.7,UPI,Verified
INV002869,2024-01-24,119093,Lumpsum,136551,Haryana,Faridabad,B30,26-35,Male,19.9,Net Banking,Verified
INV002984,2024-01-24,102886,SIP,17603,Delhi,Gurugram,T30,26-35,Male,18.1,Mandate,Verified
INV004744,2024-01-24,119095,Lumpsum,422507,Telangana,Hyderabad,T30,26-35,Female,16.0,UPI,Verified
INV003830,2024-01-24,148568,SIP,1749,Punjab,Amritsar,B30,26-35,Male,17.6,Mandate,Verified
INV002350,2024-01-24,101208,SIP,1058,Tamil Nadu,Chennai,T30,26-35,Male,23.0,Net Banking,Verified
INV001254,2024-01-24,148567,Redemption,517595,Punjab,Chandigarh,T30,26-35,Male,20.5,Mandate,Verified
INV004174,2024-01-24,125498,SIP,2683,Rajasthan,Udaipur,B30,18-25,Male,4.7,Cheque,Pending
INV000892,2024-01-24,102887,Lumpsum,267443,Gujarat,Ahmedabad,T30,36-45,Male,26.4,UPI,Verified
INV003782,2024-01-24,119551,Redemption,153765,Tamil Nadu,Chennai,T30,36-45,Male,44.5,Net Banking,Verified
INV003646,2024-01-24,120506,Lumpsum,470605,Telangana,Hyderabad,T30,36-45,Male,55.2,Net Banking,Verified
INV003642,2024-01-24,118636,SIP,16431,Haryana,Faridabad,B30,18-25,Male,3.1,Net Banking,Verified
INV002671,2024-01-24,100025,Lumpsum,132637,Madhya Pradesh,Indore,T30,18-25,Male,6.3,Mandate,Pending
INV002656,2024-01-24,118632,Lumpsum,492516,Tamil Nadu,Coimbatore,B30,26-35,Male,9.6,Net Banking,Verified
INV004079,2024-01-24,118632,SIP,1191,Karnataka,Bangalore,T30,36-45,Female,57.2,Cheque,Verified
INV002152,2024-01-24,149322,Lumpsum,482035,Tamil Nadu,Coimbatore,B30,46-55,Male,69.8,UPI,Verified
INV000432,2024-01-24,118632,Lumpsum,75729,Maharashtra,Pune,T30,18-25,Female,6.7,Mandate,Verified
INV000523,2024-01-24,125498,Redemption,88006,West Bengal,Kolkata,T30,36-45,Male,13.1,UPI,Pending
INV000230,2024-01-24,120842,SIP,2706,Haryana,Faridabad,B30,18-25,Male,3.3,Net Banking,Verified
INV004454,2024-01-24,120506,SIP,16483,West Bengal,Kolkata,T30,36-45,Male,37.4,Cheque,Verified
INV002886,2024-01-24,118632,SIP,6246,Tamil Nadu,Chennai,T30,18-25,Female,7.1,Cheque,Pending
INV004095,2024-01-24,119094,Lumpsum,141877,Karnataka,Mysore,B30,26-35,Female,14.6,Net Banking,Verified
INV003546,2024-01-24,148567,Lumpsum,303277,West Bengal,Kolkata,T30,36-45,Male,16.2,Net Banking,Verified
INV003599,2024-01-24,148569,SIP,2771,Madhya Pradesh,Indore,T30,46-55,Male,43.2,Cheque,Verified
INV000182,2024-01-24,118633,Redemption,110609,Tamil Nadu,Chennai,T30,36-45,Male,38.1,Net Banking,Verified
INV004959,2024-01-24,101206,SIP,423,Delhi,New Delhi,T30,18-25,Female,5.8,Mandate,Verified
INV002396,2024-01-24,100016,Lumpsum,334855,Rajasthan,Udaipur,B30,18-25,Female,3.6,UPI,Verified
INV002731,2024-01-24,148567,Redemption,277784,Rajasthan,Udaipur,B30,26-35,Male,6.9,Net Banking,Verified
INV001093,2024-01-24,118635,Redemption,524834,West Bengal,Kolkata,T30,46-55,Female,65.2,Cheque,Verified
INV001385,2024-01-24,119552,Lumpsum,151188,Tamil Nadu,Chennai,T30,26-35,Male,13.7,UPI,Verified
INV003936,2024-01-24,100033,SIP,2642,Punjab,Chandigarh,T30,36-45,Male,19.8,Mandate,Verified
INV002133,2024-01-24,102886,Lumpsum,259738,Rajasthan,Udaipur,B30,26-35,Male,23.0,Net Banking,Verified
INV001274,2024-01-24,148569,Lumpsum,308652,Maharashtra,Mumbai,T30,36-45,Female,55.7,Mandate,Verified
INV004985,2024-01-24,119599,SIP,48967,Madhya Pradesh,Indore,T30,56+,Female,79.4,Net Banking,Verified
INV001753,2024-01-24,100025,Lumpsum,479438,Rajasthan,Jaipur,T30,26-35,Male,10.0,Mandate,Verified
INV003125,2024-01-24,125498,Lumpsum,406866,Punjab,Chandigarh,T30,36-45,Female,30.8,Mandate,Pending
INV004278,2024-01-24,119551,SIP,418,Punjab,Chandigarh,T30,26-35,Male,21.8,Net Banking,Verified
INV002789,2024-01-24,120505,Redemption,35333,Madhya Pradesh,Bhopal,B30,26-35,Female,7.8,Cheque,Verified
INV001143,2024-01-24,119093,SIP,42172,Delhi,Noida,T30,26-35,Male,10.7,Net Banking,Verified
INV000372,2024-01-24,118636,Redemption,353398,Gujarat,Surat,T30,36-45,Male,12.4,Cheque,Verified
INV002111,2024-01-24,119093,SIP,2934,Telangana,Hyderabad,T30,36-45,Female,29.2,Net Banking,Pending
INV003458,2024-01-24,120843,Redemption,211296,Gujarat,Surat,T30,36-45,Male,21.3,Cheque,Verified
INV004132,2024-01-24,118636,SIP,23099,Rajasthan,Jaipur,T30,18-25,Male,6.3,UPI,Verified
INV002953,2024-01-24,102887,SIP,59709,Tamil Nadu,Coimbatore,B30,46-55,Male,62.4,UPI,Verified
INV004019,2024-01-24,119094,Lumpsum,500387,Tamil Nadu,Chennai,T30,26-35,Male,20.9,Cheque,Verified
INV000135,2024-01-24,119093,SIP,11447,Punjab,Amritsar,B30,18-25,Male,5.7,Mandate,Verified
INV004631,2024-01-24,119092,Redemption,189601,Tamil Nadu,Chennai,T30,36-45,Female,20.2,Cheque,Verified
INV000811,2024-01-24,119120,Lumpsum,230031,Haryana,Faridabad,B30,36-45,Female,34.5,UPI,Verified
INV000445,2024-01-24,120842,SIP,7868,Madhya Pradesh,Bhopal,B30,26-35,Female,24.7,Cheque,Pending
INV000396,2024-01-24,102887,SIP,28013,Rajasthan,Jaipur,T30,46-55,Male,38.5,Cheque,Verified
INV002736,2024-01-24,119552,SIP,471,Karnataka,Mysore,B30,18-25,Female,6.2,Mandate,Verified
INV000622,2024-01-24,101208,SIP,2855,Haryana,Faridabad,B30,26-35,Male,18.0,Mandate,Verified
INV004866,2024-01-24,125498,SIP,850,Madhya Pradesh,Bhopal,B30,36-45,Male,14.6,Net Banking,Verified
INV004785,2024-01-24,101207,Lumpsum,506870,Punjab,Amritsar,B30,26-35,Female,14.5,Net Banking,Verified
INV001060,2024-01-24,149323,SIP,56309,Telangana,Hyderabad,T30,36-45,Male,29.0,Cheque,Verified
INV002449,2024-01-24,120505,SIP,3307,Punjab,Amritsar,B30,46-55,Male,78.3,Net Banking,Verified
INV003340,2024-01-24,119093,Lumpsum,217063,Madhya Pradesh,Indore,T30,26-35,Male,22.5,Mandate,Verified
INV001317,2024-01-24,119095,SIP,4466,Punjab,Chandigarh,T30,26-35,Female,8.9,UPI,Verified
INV000243,2024-01-25,119095,SIP,6247,Punjab,Chandigarh,T30,26-35,Male,21.5,Cheque,Verified
INV003179,2024-01-25,119093,SIP,490,Rajasthan,Jaipur,T30,36-45,Male,53.3,Mandate,Verified
INV003996,2024-01-25,119094,SIP,12204,Karnataka,Bangalore,T30,36-45,Female,39.8,UPI,Verified
INV004493,2024-01-25,118635,SIP,983,Tamil Nadu,Chennai,T30,36-45,Male,19.3,Mandate,Verified
INV000309,2024-01-25,120503,SIP,14779,Delhi,Gurugram,T30,26-35,Male,18.1,Net Banking,Verified
INV004288,2024-01-25,120503,SIP,8266,Punjab,Amritsar,B30,18-25,Female,6.1,Mandate,Pending
INV003604,2024-01-25,100016,Redemption,182854,Punjab,Chandigarh,T30,18-25,Female,7.4,Cheque,Verified
INV004173,2024-01-25,119552,Redemption,389767,West Bengal,Kolkata,T30,26-35,Male,16.9,Cheque,Verified
INV002422,2024-01-25,101206,SIP,1797,Tamil Nadu,Chennai,T30,36-45,Male,20.5,Net Banking,Verified
INV003301,2024-01-25,120503,SIP,12668,Rajasthan,Udaipur,B30,26-35,Male,14.2,Net Banking,Verified
INV000259,2024-01-25,118633,SIP,528,Tamil Nadu,Coimbatore,B30,36-45,Male,17.2,UPI,Verified
INV003409,2024-01-25,148568,Redemption,145696,Karnataka,Mysore,B30,46-55,Male,44.2,UPI,Verified
INV004721,2024-01-25,120503,Redemption,78719,Delhi,New Delhi,T30,26-35,Female,18.9,Net Banking,Verified
INV003684,2024-01-25,149324,SIP,3465,Karnataka,Bangalore,T30,36-45,Male,42.9,Mandate,Verified
INV000786,2024-01-25,101208,SIP,10619,Madhya Pradesh,Bhopal,B30,26-35,Male,17.9,Net Banking,Verified
INV004066,2024-01-25,100025,SIP,1074,Gujarat,Surat,T30,46-55,Male,30.8,Cheque,Verified
INV003386,2024-01-25,148569,SIP,2698,Haryana,Faridabad,B30,26-35,Male,16.8,Cheque,Verified
INV002040,2024-01-25,118635,Redemption,109784,Karnataka,Mysore,B30,36-45,Female,49.1,Net Banking,Verified
INV004962,2024-01-25,125498,Lumpsum,398497,Uttar Pradesh,Agra,B30,18-25,Male,6.7,UPI,Verified
INV003815,2024-01-25,100033,Lumpsum,38967,Gujarat,Surat,T30,36-45,Male,38.7,Mandate,Verified
INV002828,2024-01-25,148567,Redemption,21180,West Bengal,Kolkata,T30,26-35,Male,21.8,Mandate,Verified
INV000311,2024-01-25,148569,SIP,27492,Punjab,Amritsar,B30,36-45,Male,29.2,UPI,Verified
INV000706,2024-01-25,120841,Lumpsum,441011,Telangana,Hyderabad,T30,26-35,Female,7.3,Net Banking,Verified
INV001823,2024-01-25,120841,SIP,2360,Tamil Nadu,Coimbatore,B30,26-35,Male,17.1,Cheque,Verified
INV000747,2024-01-25,120844,SIP,10963,West Bengal,Kolkata,T30,36-45,Female,40.3,Mandate,Verified
INV002260,2024-01-25,119552,SIP,5492,Telangana,Hyderabad,T30,26-35,Female,10.1,UPI,Verified
INV000429,2024-01-25,148567,SIP,1121,Gujarat,Surat,T30,36-45,Female,41.7,Net Banking,Verified
INV004798,2024-01-25,101207,SIP,5963,Madhya Pradesh,Bhopal,B30,26-35,Male,8.4,Cheque,Verified
INV004754,2024-01-25,120844,SIP,503,Telangana,Hyderabad,T30,36-45,Female,51.5,Net Banking,Verified
INV002483,2024-01-25,125497,SIP,2696,Delhi,New Delhi,T30,46-55,Female,60.8,Cheque,Verified
INV003242,2024-01-25,149322,Lumpsum,470915,Punjab,Chandigarh,T30,26-35,Female,18.1,Cheque,Verified
INV004738,2024-01-25,120506,SIP,475,Uttar Pradesh,Kanpur,B30,56+,Female,52.6,Net Banking,Verified
INV002239,2024-01-25,118633,SIP,7055,Gujarat,Surat,T30,26-35,Male,8.9,Cheque,Verified
INV003223,2024-01-25,101207,SIP,2294,Tamil Nadu,Coimbatore,B30,26-35,Male,15.4,Cheque,Verified
INV003559,2024-01-25,148569,SIP,43917,Uttar Pradesh,Kanpur,B30,26-35,Female,9.4,Net Banking,Verified
INV000476,2024-01-25,102887,SIP,41038,Gujarat,Surat,T30,46-55,Female,21.2,Net Banking,Verified
INV000252,2024-01-25,120505,SIP,17425,Gujarat,Surat,T30,46-55,Female,24.4,Cheque,Verified
INV003083,2024-01-25,119095,SIP,7405,Madhya Pradesh,Bhopal,B30,56+,Female,41.3,UPI,Pending
INV000915,2024-01-25,118636,SIP,2225,West Bengal,Kolkata,T30,36-45,Male,55.9,Net Banking,Verified
INV002806,2024-01-25,120843,SIP,3046,Rajasthan,Jaipur,T30,46-55,Male,24.2,Mandate,Verified
INV001723,2024-01-25,119093,SIP,17184,Tamil Nadu,Chennai,T30,26-35,Male,14.2,UPI,Verified
INV000394,2024-01-25,120504,SIP,2911,Maharashtra,Mumbai,T30,26-35,Male,12.2,UPI,Verified
INV000651,2024-01-25,102886,SIP,1082,Delhi,New Delhi,T30,18-25,Male,6.0,UPI,Verified
INV000770,2024-01-25,149323,Lumpsum,324102,Maharashtra,Mumbai,T30,36-45,Male,43.0,UPI,Verified
INV004845,2024-01-25,101208,SIP,53628,West Bengal,Kolkata,T30,18-25,Male,7.5,Net Banking,Verified
INV000335,2024-01-25,119092,SIP,1734,Maharashtra,Mumbai,T30,26-35,Male,11.6,Cheque,Verified
INV000265,2024-01-25,100033,SIP,1705,Madhya Pradesh,Bhopal,B30,36-45,Male,14.1,Cheque,Verified
INV004174,2024-01-25,149322,Lumpsum,132383,Rajasthan,Udaipur,B30,18-25,Male,4.7,Net Banking,Verified
INV002711,2024-01-26,120507,SIP,3069,Haryana,Gurugram,T30,26-35,Male,12.4,Net Banking,Verified
INV001555,2024-01-26,148569,SIP,13965,Punjab,Amritsar,B30,26-35,Male,14.2,Mandate,Verified
INV000395,2024-01-26,120507,Redemption,154602,Delhi,Noida,T30,18-25,Male,3.4,UPI,Verified
INV001744,2024-01-26,120505,Lumpsum,156561,Karnataka,Mysore,B30,26-35,Male,15.9,Cheque,Verified
INV000487,2024-01-26,119095,SIP,53335,Telangana,Hyderabad,T30,36-45,Male,41.7,UPI,Verified
INV002372,2024-01-26,118635,SIP,8529,Maharashtra,Pune,T30,36-45,Female,28.6,Net Banking,Verified
INV003686,2024-01-26,101208,SIP,2321,Gujarat,Surat,T30,18-25,Male,3.8,Cheque,Verified
INV004197,2024-01-26,148567,Lumpsum,374235,Maharashtra,Pune,T30,46-55,Male,62.9,Mandate,Verified
INV001871,2024-01-26,120842,SIP,4432,Delhi,Gurugram,T30,56+,Male,13.9,Net Banking,Verified
INV002154,2024-01-26,120841,SIP,2365,Uttar Pradesh,Lucknow,T30,36-45,Male,40.5,Cheque,Verified
INV004786,2024-01-26,101208,SIP,12066,Rajasthan,Udaipur,B30,26-35,Male,10.3,UPI,Verified
INV000485,2024-01-26,118632,Lumpsum,183633,Rajasthan,Jaipur,T30,26-35,Male,19.5,UPI,Verified
INV004661,2024-01-26,101207,Lumpsum,331169,Maharashtra,Nashik,B30,26-35,Male,9.8,Net Banking,Verified
INV004372,2024-01-26,149323,Redemption,114582,Haryana,Faridabad,B30,26-35,Female,22.9,Cheque,Verified
INV002762,2024-01-26,120505,SIP,3247,Rajasthan,Udaipur,B30,26-35,Female,21.9,Net Banking,Verified
INV002334,2024-01-26,118633,SIP,5428,Gujarat,Surat,T30,56+,Male,40.4,Cheque,Verified
INV001049,2024-01-26,119120,Lumpsum,151452,Madhya Pradesh,Indore,T30,36-45,Female,52.5,UPI,Verified
INV001400,2024-01-26,120844,SIP,8971,Tamil Nadu,Coimbatore,B30,36-45,Male,36.5,Net Banking,Verified
INV001489,2024-01-26,101207,SIP,52816,Delhi,Gurugram,T30,36-45,Female,16.5,Mandate,Verified
INV001351,2024-01-26,120841,SIP,13117,Uttar Pradesh,Kanpur,B30,26-35,Male,8.5,Mandate,Verified
INV001478,2024-01-26,101208,SIP,10509,Maharashtra,Mumbai,T30,36-45,Male,24.2,Net Banking,Verified
INV003835,2024-01-26,119092,SIP,40135,Delhi,Noida,T30,36-45,Female,58.3,Net Banking,Verified
INV000539,2024-01-26,120506,SIP,4536,Haryana,Faridabad,B30,26-35,Female,13.4,Net Banking,Verified
INV004066,2024-01-26,119092,SIP,1083,Gujarat,Surat,T30,46-55,Male,30.8,UPI,Verified
INV000950,2024-01-26,119552,Redemption,289825,Punjab,Amritsar,B30,36-45,Male,33.1,Mandate,Verified
INV001578,2024-01-26,120841,Lumpsum,138366,Punjab,Amritsar,B30,26-35,Female,19.6,Mandate,Verified
INV002452,2024-01-26,119092,Lumpsum,248376,Uttar Pradesh,Kanpur,B30,18-25,Male,5.1,Mandate,Verified
INV002734,2024-01-26,120841,SIP,6614,Haryana,Faridabad,B30,26-35,Female,15.8,Net Banking,Verified
INV003045,2024-01-26,119120,Redemption,305711,Telangana,Hyderabad,T30,26-35,Male,12.2,UPI,Verified
INV002648,2024-01-26,120843,Lumpsum,280561,Punjab,Chandigarh,T30,36-45,Male,57.1,Net Banking,Pending
INV003836,2024-01-26,120843,SIP,9750,Karnataka,Bangalore,T30,36-45,Male,12.4,UPI,Verified
INV004546,2024-01-26,119093,SIP,4878,Karnataka,Mysore,B30,36-45,Male,28.4,Net Banking,Verified
INV000497,2024-01-26,119092,Redemption,240155,Madhya Pradesh,Bhopal,B30,36-45,Male,45.7,Mandate,Verified
INV003173,2024-01-26,100016,SIP,2205,Gujarat,Surat,T30,18-25,Male,7.1,Mandate,Verified
INV001096,2024-01-26,125498,Lumpsum,365619,Punjab,Chandigarh,T30,26-35,Male,24.5,UPI,Verified
INV004807,2024-01-26,119120,Redemption,136162,Maharashtra,Mumbai,T30,36-45,Male,31.4,Mandate,Pending
INV000274,2024-01-26,100025,Lumpsum,271839,Uttar Pradesh,Kanpur,B30,26-35,Male,23.7,Net Banking,Verified
INV000466,2024-01-26,120843,SIP,15854,Haryana,Faridabad,B30,18-25,Male,4.4,Net Banking,Verified
INV001609,2024-01-26,100033,Redemption,393380,Punjab,Chandigarh,T30,26-35,Female,14.0,Cheque,Verified
INV001317,2024-01-26,148569,SIP,2051,Punjab,Chandigarh,T30,26-35,Female,8.9,Mandate,Verified
INV001496,2024-01-26,149324,SIP,2330,West Bengal,Kolkata,T30,18-25,Male,4.5,Mandate,Verified
INV002751,2024-01-26,102887,Redemption,67591,Delhi,New Delhi,T30,36-45,Male,45.4,Cheque,Verified
INV004117,2024-01-26,149323,Redemption,350927,Uttar Pradesh,Kanpur,B30,18-25,Male,6.2,UPI,Verified
INV001070,2024-01-26,102886,SIP,1175,Tamil Nadu,Coimbatore,B30,26-35,Male,11.9,Mandate,Verified
INV004756,2024-01-26,119092,SIP,2836,Gujarat,Surat,T30,46-55,Male,41.1,UPI,Verified
INV001397,2024-01-26,101206,SIP,9190,Delhi,New Delhi,T30,26-35,Male,20.8,Cheque,Verified
INV002972,2024-01-26,149323,SIP,3104,Delhi,New Delhi,T30,26-35,Male,17.4,Cheque,Verified
INV004722,2024-01-26,118632,Lumpsum,217764,Haryana,Faridabad,B30,36-45,Female,29.7,Cheque,Verified
INV003123,2024-01-26,100016,SIP,1826,Haryana,Faridabad,B30,36-45,Male,36.2,UPI,Verified
INV001191,2024-01-26,148567,SIP,1047,Telangana,Hyderabad,T30,56+,Male,37.5,UPI,Pending
INV003235,2024-01-26,100025,SIP,2777,Haryana,Faridabad,B30,56+,Male,19.0,Cheque,Verified
INV002855,2024-01-26,118632,SIP,2356,Uttar Pradesh,Kanpur,B30,26-35,Female,9.9,UPI,Verified
INV002241,2024-01-26,118632,Lumpsum,76912,Punjab,Amritsar,B30,36-45,Female,41.4,Net Banking,Verified
INV002632,2024-01-26,125498,SIP,944,Tamil Nadu,Chennai,T30,26-35,Female,14.1,Mandate,Verified
INV004108,2024-01-26,101207,SIP,24654,Madhya Pradesh,Indore,T30,36-45,Female,22.5,Mandate,Verified
INV003454,2024-01-26,149322,SIP,2240,Telangana,Hyderabad,T30,26-35,Male,18.3,Cheque,Verified
INV003754,2024-01-27,118634,Lumpsum,549608,Delhi,New Delhi,T30,36-45,Female,23.2,Mandate,Verified
INV004887,2024-01-27,119120,Lumpsum,103332,Gujarat,Surat,T30,56+,Female,79.4,Net Banking,Verified
INV000718,2024-01-27,149324,SIP,433,Delhi,Gurugram,T30,26-35,Male,10.8,Mandate,Verified
INV002945,2024-01-27,120843,SIP,1154,Maharashtra,Nashik,B30,26-35,Male,15.6,UPI,Verified
INV000588,2024-01-27,119092,Lumpsum,97039,Gujarat,Surat,T30,36-45,Female,28.6,Net Banking,Verified
INV004191,2024-01-27,100016,SIP,5101,Maharashtra,Nashik,B30,26-35,Female,19.5,Mandate,Verified
INV000081,2024-01-27,125497,SIP,10193,Gujarat,Surat,T30,36-45,Male,31.0,Cheque,Verified
INV001141,2024-01-27,120503,SIP,426,West Bengal,Kolkata,T30,18-25,Female,3.0,Net Banking,Verified
INV002600,2024-01-27,148569,SIP,27088,Madhya Pradesh,Bhopal,B30,36-45,Female,54.1,Mandate,Verified
INV002662,2024-01-27,120843,SIP,4636,Tamil Nadu,Coimbatore,B30,26-35,Male,20.5,UPI,Verified
INV001777,2024-01-27,119599,SIP,8032,West Bengal,Kolkata,T30,18-25,Female,7.6,Cheque,Verified
INV000984,2024-01-27,148568,Redemption,216213,Telangana,Hyderabad,T30,26-35,Male,20.9,Net Banking,Verified
INV002440,2024-01-27,118634,SIP,11908,Karnataka,Bangalore,T30,18-25,Female,3.0,Mandate,Verified
INV002011,2024-01-27,149324,Redemption,402086,Tamil Nadu,Chennai,T30,36-45,Male,41.1,Mandate,Verified
INV001623,2024-01-27,120506,SIP,8288,Gujarat,Surat,T30,26-35,Female,17.3,Mandate,Verified
INV001530,2024-01-27,119120,SIP,520,Telangana,Hyderabad,T30,26-35,Male,21.0,Cheque,Verified
INV000458,2024-01-27,102886,Lumpsum,143213,Rajasthan,Udaipur,B30,56+,Male,18.9,Cheque,Verified
INV003509,2024-01-27,119552,SIP,4346,Haryana,Gurugram,T30,36-45,Male,14.5,Mandate,Verified
INV003478,2024-01-27,119093,SIP,10340,Punjab,Chandigarh,T30,26-35,Male,21.2,Cheque,Verified
INV002327,2024-01-27,118633,Lumpsum,213645,Punjab,Amritsar,B30,26-35,Male,7.0,Net Banking,Verified
INV002327,2024-01-27,101207,SIP,8203,Punjab,Amritsar,B30,26-35,Male,7.0,UPI,Pending
INV002143,2024-01-27,102885,Lumpsum,345959,Uttar Pradesh,Lucknow,T30,26-35,Male,11.8,Net Banking,Verified
INV000022,2024-01-27,120841,Lumpsum,160895,Telangana,Hyderabad,T30,36-45,Male,37.4,Net Banking,Verified
INV003767,2024-01-27,119120,SIP,8329,Madhya Pradesh,Bhopal,B30,36-45,Female,13.6,UPI,Verified
INV000573,2024-01-27,100025,SIP,50371,Madhya Pradesh,Bhopal,B30,56+,Female,38.5,UPI,Pending
INV004750,2024-01-27,119095,Lumpsum,94510,Madhya Pradesh,Bhopal,B30,26-35,Female,13.9,Mandate,Verified
INV001468,2024-01-27,125498,SIP,2769,Tamil Nadu,Chennai,T30,26-35,Female,19.4,Net Banking,Verified
INV000305,2024-01-27,102886,SIP,7107,Rajasthan,Udaipur,B30,36-45,Male,21.4,Cheque,Verified
INV001318,2024-01-27,100016,SIP,2882,Telangana,Hyderabad,T30,36-45,Male,59.3,Cheque,Verified
INV003666,2024-01-27,148569,SIP,1102,Gujarat,Surat,T30,18-25,Male,4.3,Cheque,Verified
INV003545,2024-01-27,118632,SIP,1976,Gujarat,Ahmedabad,T30,26-35,Female,15.7,UPI,Verified
INV001540,2024-01-27,119094,SIP,2762,Maharashtra,Pune,T30,26-35,Female,17.3,Mandate,Verified
INV004434,2024-01-27,100033,Lumpsum,155505,Gujarat,Surat,T30,46-55,Male,17.7,Net Banking,Verified
INV004638,2024-01-27,120841,Lumpsum,124823,Delhi,New Delhi,T30,26-35,Male,6.3,UPI,Verified
INV001124,2024-01-27,120841,Redemption,528420,Madhya Pradesh,Indore,T30,36-45,Male,39.0,UPI,Verified
INV004232,2024-01-27,149323,SIP,7676,Tamil Nadu,Chennai,T30,26-35,Male,19.0,Net Banking,Verified
INV001774,2024-01-27,119094,SIP,4085,Maharashtra,Nashik,B30,56+,Male,32.0,UPI,Verified
INV003004,2024-01-27,149324,SIP,2330,Tamil Nadu,Chennai,T30,46-55,Female,34.6,Mandate,Verified
INV000691,2024-01-27,120503,SIP,2997,Tamil Nadu,Chennai,T30,18-25,Female,7.8,UPI,Verified
INV002346,2024-01-27,119092,Lumpsum,197892,Maharashtra,Mumbai,T30,36-45,Male,54.5,Cheque,Verified
INV002440,2024-01-27,120843,Lumpsum,295290,Karnataka,Bangalore,T30,18-25,Female,3.0,Mandate,Verified
INV001002,2024-01-27,119599,Lumpsum,360422,Telangana,Hyderabad,T30,36-45,Male,52.5,Cheque,Verified
INV000853,2024-01-27,119598,SIP,2245,Punjab,Chandigarh,T30,26-35,Female,8.0,Mandate,Verified
INV002201,2024-01-27,119598,SIP,1821,Haryana,Gurugram,T30,36-45,Male,34.5,Net Banking,Verified
INV001059,2024-01-27,120844,SIP,5210,Karnataka,Mysore,B30,26-35,Male,24.2,Cheque,Verified
INV004847,2024-01-27,101207,SIP,2132,Maharashtra,Pune,T30,26-35,Female,7.0,Net Banking,Verified
INV000205,2024-01-27,148567,SIP,2006,Haryana,Faridabad,B30,18-25,Male,4.4,Mandate,Verified
INV003108,2024-01-27,120841,SIP,2066,Gujarat,Ahmedabad,T30,26-35,Female,15.5,UPI,Verified
INV000451,2024-01-27,120506,Lumpsum,421478,Madhya Pradesh,Indore,T30,46-55,Male,23.4,Net Banking,Verified
INV000174,2024-01-27,125498,SIP,1901,Karnataka,Bangalore,T30,36-45,Male,58.1,Cheque,Verified
INV001188,2024-01-27,119598,SIP,9885,Delhi,New Delhi,T30,18-25,Male,7.9,UPI,Pending
INV000898,2024-01-27,120841,Redemption,318693,West Bengal,Kolkata,T30,26-35,Male,19.1,Net Banking,Verified
INV003564,2024-01-27,148567,SIP,27921,Telangana,Hyderabad,T30,18-25,Male,6.8,Cheque,Verified
INV003737,2024-01-27,148567,SIP,55110,Punjab,Chandigarh,T30,18-25,Male,4.4,Net Banking,Verified
INV004899,2024-01-27,101206,SIP,2494,Delhi,New Delhi,T30,36-45,Male,39.4,Cheque,Verified
INV002799,2024-01-27,119092,SIP,7469,Uttar Pradesh,Lucknow,T30,36-45,Male,50.5,Net Banking,Verified
INV000894,2024-01-27,118633,Lumpsum,301697,Tamil Nadu,Coimbatore,B30,36-45,Female,32.0,UPI,Verified
INV004590,2024-01-27,100025,SIP,3251,Rajasthan,Jaipur,T30,36-45,Male,22.7,UPI,Verified
INV000888,2024-01-27,120503,SIP,12268,Gujarat,Ahmedabad,T30,26-35,Male,21.9,Net Banking,Verified
INV000226,2024-01-27,119598,Lumpsum,83326,West Bengal,Kolkata,T30,36-45,Female,39.3,Net Banking,Verified
INV002861,2024-01-27,148567,SIP,899,Punjab,Amritsar,B30,56+,Female,79.7,Cheque,Verified
INV000320,2024-01-27,118632,Lumpsum,517660,Uttar Pradesh,Kanpur,B30,26-35,Male,19.7,Mandate,Verified
INV003361,2024-01-27,100033,Redemption,161575,Madhya Pradesh,Indore,T30,36-45,Male,19.9,Net Banking,Verified
INV000677,2024-01-27,118636,SIP,2045,Telangana,Hyderabad,T30,26-35,Male,16.6,Cheque,Verified
INV002504,2024-01-27,101208,Lumpsum,255998,Madhya Pradesh,Bhopal,B30,26-35,Male,22.4,Net Banking,Verified
INV002563,2024-01-27,101208,SIP,1067,Madhya Pradesh,Indore,T30,18-25,Female,6.8,UPI,Verified
INV000860,2024-01-27,119551,SIP,5159,Madhya Pradesh,Bhopal,B30,36-45,Female,51.8,UPI,Verified
INV001234,2024-01-27,120505,SIP,56380,Uttar Pradesh,Agra,B30,26-35,Male,24.4,Cheque,Verified
INV001707,2024-01-27,118636,SIP,7872,Punjab,Chandigarh,T30,26-35,Male,9.5,Mandate,Verified
INV003970,2024-01-27,120507,Redemption,524733,Telangana,Hyderabad,T30,18-25,Male,4.1,UPI,Verified
INV001223,2024-01-27,119093,SIP,55142,Punjab,Amritsar,B30,56+,Male,46.0,Mandate,Verified
INV001862,2024-01-27,149323,Lumpsum,460874,Delhi,Gurugram,T30,26-35,Male,17.5,Cheque,Verified
INV002243,2024-01-27,119095,Lumpsum,264080,Tamil Nadu,Coimbatore,B30,26-35,Male,7.8,Cheque,Verified
INV003840,2024-01-27,119095,SIP,44949,Rajasthan,Jaipur,T30,36-45,Male,54.6,UPI,Verified
INV003158,2024-01-27,102886,SIP,27483,Karnataka,Mysore,B30,26-35,Male,21.1,Cheque,Verified
INV004986,2024-01-27,118633,SIP,10865,Madhya Pradesh,Bhopal,B30,26-35,Male,12.3,Cheque,Verified
INV001992,2024-01-27,118633,SIP,2237,Telangana,Hyderabad,T30,18-25,Male,3.3,Cheque,Verified
INV004502,2024-01-27,148569,SIP,14220,Rajasthan,Udaipur,B30,36-45,Male,59.0,Mandate,Verified
INV000181,2024-01-27,120503,Redemption,93635,Uttar Pradesh,Lucknow,T30,36-45,Male,36.2,Cheque,Verified
INV002487,2024-01-27,118634,Redemption,286949,Punjab,Chandigarh,T30,26-35,Male,19.5,Net Banking,Verified
INV000887,2024-01-28,119552,SIP,534,Tamil Nadu,Coimbatore,B30,36-45,Male,53.9,Net Banking,Verified
INV004110,2024-01-28,149322,Lumpsum,149777,West Bengal,Kolkata,T30,18-25,Male,5.5,Mandate,Verified
INV004359,2024-01-28,118635,Lumpsum,275749,Delhi,New Delhi,T30,26-35,Male,9.4,UPI,Pending
INV004112,2024-01-28,118635,SIP,1898,Madhya Pradesh,Bhopal,B30,46-55,Male,30.0,Cheque,Verified
INV000507,2024-01-28,119120,Lumpsum,484663,Gujarat,Ahmedabad,T30,36-45,Male,44.1,Net Banking,Verified
INV003716,2024-01-28,149323,SIP,8786,Uttar Pradesh,Kanpur,B30,36-45,Male,37.7,Net Banking,Verified
INV000044,2024-01-28,149323,Lumpsum,171606,Karnataka,Mysore,B30,36-45,Male,34.9,Mandate,Verified
INV002758,2024-01-28,120506,Redemption,158275,Delhi,Gurugram,T30,26-35,Male,7.3,Net Banking,Verified
INV004589,2024-01-28,119551,SIP,55251,Gujarat,Ahmedabad,T30,36-45,Male,14.4,Cheque,Verified
INV002880,2024-01-28,120505,Lumpsum,105098,Madhya Pradesh,Indore,T30,26-35,Male,19.8,UPI,Verified
INV000555,2024-01-28,118634,Lumpsum,265528,Tamil Nadu,Coimbatore,B30,26-35,Female,24.6,Net Banking,Verified
INV000557,2024-01-28,120507,SIP,992,West Bengal,Kolkata,T30,26-35,Male,10.3,Net Banking,Verified
INV000193,2024-01-28,101207,SIP,7383,Delhi,Gurugram,T30,26-35,Female,11.6,Cheque,Verified
INV000409,2024-01-28,149322,SIP,562,Delhi,New Delhi,T30,26-35,Male,10.7,Mandate,Verified
INV003354,2024-01-28,149322,Lumpsum,406738,Punjab,Chandigarh,T30,46-55,Male,48.5,Mandate,Verified
INV000026,2024-01-28,100033,Redemption,287100,West Bengal,Kolkata,T30,36-45,Male,29.5,Cheque,Verified
INV003635,2024-01-28,119552,SIP,21091,West Bengal,Kolkata,T30,56+,Female,55.1,Cheque,Verified
INV004939,2024-01-28,101207,Lumpsum,153916,Punjab,Amritsar,B30,18-25,Male,4.7,Net Banking,Verified
INV003081,2024-01-28,120503,Redemption,223265,Delhi,Gurugram,T30,56+,Female,73.4,Cheque,Verified
INV003375,2024-01-28,119093,Lumpsum,309250,Telangana,Hyderabad,T30,56+,Female,62.2,Cheque,Verified
INV003493,2024-01-28,118632,Redemption,415072,Gujarat,Surat,T30,18-25,Male,4.2,Net Banking,Verified
INV003528,2024-01-28,120844,Lumpsum,380479,Madhya Pradesh,Bhopal,B30,18-25,Female,3.6,Net Banking,Verified
INV000657,2024-01-28,120842,SIP,41329,Tamil Nadu,Coimbatore,B30,26-35,Female,11.4,Net Banking,Verified
INV000499,2024-01-28,119094,SIP,6785,Delhi,New Delhi,T30,36-45,Female,59.5,Mandate,Verified
INV000746,2024-01-28,125498,Lumpsum,102908,Madhya Pradesh,Bhopal,B30,36-45,Male,49.8,UPI,Verified
INV004889,2024-01-28,119598,SIP,828,Rajasthan,Jaipur,T30,46-55,Male,34.5,Mandate,Verified
INV004259,2024-01-28,148569,SIP,4170,Tamil Nadu,Chennai,T30,26-35,Female,24.3,Net Banking,Verified
INV002801,2024-01-28,148569,Redemption,459989,Madhya Pradesh,Indore,T30,18-25,Male,6.4,UPI,Verified
INV003769,2024-01-28,119599,Redemption,401222,Gujarat,Ahmedabad,T30,46-55,Female,74.8,Cheque,Verified
INV002684,2024-01-28,102887,SIP,567,Delhi,New Delhi,T30,36-45,Female,56.2,Cheque,Verified
INV003644,2024-01-28,149323,Redemption,459081,Gujarat,Ahmedabad,T30,26-35,Female,8.2,Net Banking,Verified
INV004740,2024-01-28,149324,SIP,5425,Tamil Nadu,Chennai,T30,56+,Male,43.4,Net Banking,Verified
INV004540,2024-01-28,118632,Redemption,49766,Punjab,Chandigarh,T30,36-45,Male,48.9,Net Banking,Verified
INV004652,2024-01-28,118633,SIP,8992,Gujarat,Surat,T30,56+,Male,42.9,Cheque,Verified
INV003711,2024-01-28,102886,SIP,2257,Telangana,Hyderabad,T30,36-45,Female,13.1,UPI,Verified
INV001651,2024-01-28,100016,SIP,43304,Gujarat,Ahmedabad,T30,18-25,Male,4.1,UPI,Verified
INV002590,2024-01-28,120844,SIP,49252,West Bengal,Kolkata,T30,36-45,Male,45.1,UPI,Pending
INV003397,2024-01-28,119094,Lumpsum,204205,Haryana,Faridabad,B30,26-35,Male,11.7,UPI,Verified
INV000906,2024-01-28,119093,Lumpsum,214706,Maharashtra,Mumbai,T30,26-35,Male,20.7,Mandate,Verified
INV003142,2024-01-28,119120,SIP,8191,West Bengal,Kolkata,T30,26-35,Male,12.5,Net Banking,Verified
INV004223,2024-01-28,149322,SIP,29362,Uttar Pradesh,Agra,B30,36-45,Female,49.3,Net Banking,Verified
INV003567,2024-01-28,101207,SIP,42618,Tamil Nadu,Chennai,T30,46-55,Male,76.1,UPI,Pending
INV004683,2024-01-28,119599,SIP,22009,Madhya Pradesh,Indore,T30,26-35,Male,14.4,Mandate,Verified
INV003604,2024-01-28,102887,SIP,565,Punjab,Chandigarh,T30,18-25,Female,7.4,UPI,Verified
INV004583,2024-01-28,125498,Redemption,77768,Maharashtra,Nashik,B30,26-35,Male,13.9,UPI,Pending
INV001512,2024-01-28,118633,SIP,5229,Haryana,Gurugram,T30,46-55,Male,49.4,UPI,Verified
INV000349,2024-01-28,102887,Lumpsum,113097,Maharashtra,Mumbai,T30,18-25,Female,3.8,Net Banking,Verified
INV001361,2024-01-28,120843,SIP,2589,West Bengal,Kolkata,T30,26-35,Female,21.1,Cheque,Pending
INV001921,2024-01-28,101208,SIP,15154,Gujarat,Surat,T30,26-35,Female,13.5,UPI,Verified
INV003990,2024-01-28,149322,Redemption,51636,Gujarat,Ahmedabad,T30,18-25,Male,5.3,Mandate,Verified
INV003958,2024-01-28,120841,Redemption,291190,Haryana,Faridabad,B30,18-25,Male,6.6,Cheque,Verified
INV004766,2024-01-28,120504,SIP,801,Haryana,Gurugram,T30,56+,Male,29.3,Cheque,Verified
INV000683,2024-01-28,120506,SIP,7482,Maharashtra,Mumbai,T30,26-35,Female,17.4,UPI,Verified
INV003613,2024-01-28,118634,SIP,5589,Punjab,Amritsar,B30,26-35,Male,13.5,UPI,Verified
INV000691,2024-01-28,119551,SIP,23892,Tamil Nadu,Chennai,T30,18-25,Female,7.8,Cheque,Verified
INV002640,2024-01-29,119551,SIP,8411,Haryana,Faridabad,B30,56+,Female,50.5,Net Banking,Pending
INV001180,2024-01-29,120504,Redemption,253213,Telangana,Hyderabad,T30,26-35,Male,10.5,Mandate,Verified
INV001326,2024-01-29,101208,SIP,3026,Rajasthan,Udaipur,B30,46-55,Male,54.9,Mandate,Verified
INV001878,2024-01-29,100033,Lumpsum,322624,West Bengal,Kolkata,T30,26-35,Male,7.8,Mandate,Pending
INV003249,2024-01-29,149323,SIP,2656,Punjab,Chandigarh,T30,36-45,Male,41.3,Net Banking,Verified
INV002461,2024-01-29,149324,SIP,10648,West Bengal,Kolkata,T30,26-35,Male,19.5,Net Banking,Verified
INV004294,2024-01-29,120841,Lumpsum,340995,Punjab,Chandigarh,T30,56+,Female,76.0,Mandate,Verified
INV004051,2024-01-29,119552,Lumpsum,283812,Rajasthan,Udaipur,B30,36-45,Female,28.8,Mandate,Pending
INV003220,2024-01-29,125498,SIP,7541,Madhya Pradesh,Bhopal,B30,26-35,Male,7.6,Mandate,Verified
INV004745,2024-01-29,148569,Lumpsum,14394,West Bengal,Kolkata,T30,18-25,Male,5.2,Net Banking,Verified
INV002504,2024-01-29,119120,Redemption,242201,Madhya Pradesh,Bhopal,B30,26-35,Male,22.4,Cheque,Verified
INV001810,2024-01-29,125498,Lumpsum,365282,Uttar Pradesh,Kanpur,B30,26-35,Female,10.1,Net Banking,Verified
INV000076,2024-01-29,101207,Lumpsum,491534,Gujarat,Ahmedabad,T30,56+,Female,67.1,Cheque,Verified
INV004466,2024-01-29,119093,SIP,5009,Gujarat,Surat,T30,18-25,Female,3.7,Mandate,Verified
INV001545,2024-01-29,120505,SIP,1771,Madhya Pradesh,Bhopal,B30,26-35,Male,11.5,UPI,Verified
INV000779,2024-01-29,100016,Redemption,227885,Gujarat,Ahmedabad,T30,36-45,Male,35.3,Cheque,Pending
INV004019,2024-01-29,102885,Lumpsum,16034,Tamil Nadu,Chennai,T30,26-35,Male,20.9,Mandate,Verified
INV003165,2024-01-29,119598,SIP,17187,Punjab,Amritsar,B30,26-35,Male,19.4,Cheque,Verified
INV004075,2024-01-29,125498,Lumpsum,82716,Rajasthan,Jaipur,T30,36-45,Male,56.5,UPI,Verified
INV004278,2024-01-29,119120,Lumpsum,68875,Punjab,Chandigarh,T30,26-35,Male,21.8,Net Banking,Verified
INV004196,2024-01-29,118636,SIP,21246,West Bengal,Kolkata,T30,46-55,Male,44.4,Mandate,Verified
INV004748,2024-01-29,101207,Lumpsum,63246,Delhi,Noida,T30,26-35,Male,12.6,Mandate,Verified
INV002267,2024-01-29,101206,Redemption,132402,Haryana,Faridabad,B30,18-25,Male,4.7,UPI,Verified
INV000354,2024-01-29,125498,SIP,8024,Telangana,Hyderabad,T30,26-35,Male,21.2,Cheque,Pending
INV003823,2024-01-29,118633,SIP,3042,Madhya Pradesh,Indore,T30,26-35,Male,10.5,Net Banking,Verified
INV001420,2024-01-29,120842,Lumpsum,422630,Rajasthan,Jaipur,T30,36-45,Male,32.2,UPI,Pending
INV002979,2024-01-29,148567,SIP,871,Punjab,Chandigarh,T30,36-45,Female,56.2,Mandate,Verified
INV004421,2024-01-29,100016,SIP,25091,Punjab,Amritsar,B30,26-35,Male,20.5,Net Banking,Pending
INV002745,2024-01-29,102886,Lumpsum,323327,Uttar Pradesh,Agra,B30,18-25,Male,7.6,UPI,Verified
INV003074,2024-01-29,100033,Lumpsum,358016,Haryana,Faridabad,B30,26-35,Male,8.3,Net Banking,Verified
INV003248,2024-01-29,118634,SIP,14060,Karnataka,Mysore,B30,26-35,Male,6.5,Mandate,Verified
INV003937,2024-01-29,120506,Lumpsum,414169,Maharashtra,Nashik,B30,56+,Male,31.8,UPI,Verified
INV003689,2024-01-29,120507,Redemption,40117,Haryana,Gurugram,T30,46-55,Male,79.9,Cheque,Verified
INV004011,2024-01-29,148568,Redemption,417356,Punjab,Amritsar,B30,18-25,Female,5.0,Mandate,Verified
INV002708,2024-01-29,118634,Lumpsum,182365,Karnataka,Mysore,B30,26-35,Male,14.0,UPI,Verified
INV002870,2024-01-29,119552,SIP,552,Karnataka,Mysore,B30,26-35,Female,23.7,Mandate,Verified
INV000263,2024-01-29,119094,SIP,42567,Madhya Pradesh,Bhopal,B30,56+,Male,21.8,Cheque,Verified
INV000616,2024-01-29,102885,Lumpsum,61713,Maharashtra,Nashik,B30,36-45,Male,50.4,UPI,Verified
INV004457,2024-01-29,148569,SIP,2440,Telangana,Hyderabad,T30,18-25,Male,6.7,Mandate,Verified
INV000154,2024-01-29,119598,Redemption,204672,Haryana,Faridabad,B30,36-45,Male,51.3,Net Banking,Verified
INV001866,2024-01-29,120506,Redemption,72074,Telangana,Hyderabad,T30,36-45,Female,33.9,Cheque,Verified
INV003859,2024-01-29,119599,Redemption,228465,Karnataka,Bangalore,T30,36-45,Male,28.5,Net Banking,Pending
INV004741,2024-01-29,119120,SIP,1064,Telangana,Hyderabad,T30,26-35,Female,24.9,Net Banking,Verified
INV000205,2024-01-29,120506,SIP,16529,Haryana,Faridabad,B30,18-25,Male,4.4,UPI,Pending
INV003235,2024-01-29,120841,Redemption,72257,Haryana,Faridabad,B30,56+,Male,19.0,Cheque,Verified
INV004637,2024-01-29,148567,SIP,56834,Gujarat,Surat,T30,18-25,Male,6.8,UPI,Verified
INV000344,2024-01-29,120844,Lumpsum,282293,Madhya Pradesh,Bhopal,B30,36-45,Male,56.7,Mandate,Pending
INV004018,2024-01-29,119599,Redemption,531967,Punjab,Chandigarh,T30,56+,Male,47.9,UPI,Verified
INV000318,2024-01-29,119094,SIP,2128,Madhya Pradesh,Bhopal,B30,46-55,Female,47.5,Mandate,Verified
INV001308,2024-01-29,102885,SIP,2606,Rajasthan,Jaipur,T30,36-45,Male,19.3,Mandate,Verified
INV001346,2024-01-29,120843,SIP,4056,Gujarat,Surat,T30,18-25,Male,5.7,Net Banking,Verified
INV000241,2024-01-29,119120,Redemption,153928,Telangana,Hyderabad,T30,26-35,Female,16.5,Cheque,Verified
INV000540,2024-01-29,119552,Lumpsum,467981,Tamil Nadu,Coimbatore,B30,26-35,Female,10.4,Cheque,Verified
INV000480,2024-01-29,101208,Redemption,354793,Maharashtra,Mumbai,T30,18-25,Male,6.2,Mandate,Pending
INV001743,2024-01-29,149323,Redemption,429711,Telangana,Hyderabad,T30,26-35,Male,23.5,Cheque,Verified
INV004310,2024-01-29,119598,SIP,2849,Telangana,Hyderabad,T30,36-45,Male,18.3,Cheque,Pending
INV003645,2024-01-29,120504,SIP,536,Punjab,Amritsar,B30,26-35,Male,13.4,Net Banking,Verified
INV003150,2024-01-29,101208,SIP,5237,Gujarat,Ahmedabad,T30,26-35,Female,13.6,UPI,Pending
INV000767,2024-01-29,148568,Lumpsum,301458,Karnataka,Bangalore,T30,18-25,Female,5.2,Net Banking,Verified
INV004594,2024-01-29,119095,Lumpsum,357028,Haryana,Gurugram,T30,26-35,Female,9.8,Cheque,Verified
INV004413,2024-01-29,118636,SIP,2606,Maharashtra,Mumbai,T30,26-35,Male,14.7,Net Banking,Verified
INV001879,2024-01-29,120505,SIP,3190,Uttar Pradesh,Lucknow,T30,18-25,Female,6.3,Mandate,Verified
INV004439,2024-01-29,120503,Lumpsum,237499,Haryana,Faridabad,B30,26-35,Male,8.6,UPI,Verified
INV001858,2024-01-29,118636,Redemption,537314,Punjab,Amritsar,B30,36-45,Male,16.6,Net Banking,Verified
INV003925,2024-01-29,148569,SIP,444,Punjab,Amritsar,B30,26-35,Female,14.2,Cheque,Pending
INV003735,2024-01-29,120505,Redemption,66273,Gujarat,Ahmedabad,T30,36-45,Female,13.9,Mandate,Verified
INV002622,2024-01-29,119120,SIP,2836,Karnataka,Mysore,B30,18-25,Female,4.0,UPI,Verified
INV000403,2024-01-29,119095,Redemption,338162,Rajasthan,Jaipur,T30,18-25,Female,7.7,Net Banking,Verified
INV001616,2024-01-29,120843,SIP,51853,Tamil Nadu,Chennai,T30,26-35,Male,23.2,Cheque,Verified
INV002761,2024-01-30,101206,Redemption,300948,Rajasthan,Jaipur,T30,26-35,Male,14.9,Cheque,Verified
INV003176,2024-01-30,118636,Redemption,197595,Haryana,Gurugram,T30,46-55,Male,51.6,Mandate,Verified
INV000062,2024-01-30,101206,SIP,8337,Haryana,Faridabad,B30,46-55,Male,22.9,Net Banking,Verified
INV003528,2024-01-30,100016,SIP,858,Madhya Pradesh,Bhopal,B30,18-25,Female,3.6,Net Banking,Verified
INV000093,2024-01-30,120842,SIP,26159,Maharashtra,Mumbai,T30,36-45,Female,59.0,Net Banking,Verified
INV001600,2024-01-30,119552,SIP,2895,Rajasthan,Jaipur,T30,26-35,Female,22.9,Mandate,Verified
INV004633,2024-01-30,102887,SIP,1136,Telangana,Hyderabad,T30,18-25,Female,4.9,UPI,Verified
INV004465,2024-01-30,149322,SIP,474,Gujarat,Surat,T30,26-35,Male,14.2,UPI,Verified
INV000904,2024-01-30,120844,SIP,2804,West Bengal,Kolkata,T30,36-45,Male,55.0,Mandate,Verified
INV004231,2024-01-30,149322,Redemption,41255,West Bengal,Kolkata,T30,56+,Male,17.5,Cheque,Verified
INV000547,2024-01-30,118632,Lumpsum,147764,West Bengal,Kolkata,T30,26-35,Male,16.6,Cheque,Verified
INV003043,2024-01-30,119552,SIP,1016,Karnataka,Bangalore,T30,26-35,Male,21.2,Net Banking,Verified
INV001199,2024-01-30,120506,SIP,25230,Telangana,Hyderabad,T30,46-55,Male,94.6,UPI,Verified
INV000854,2024-01-30,120504,Redemption,132141,Karnataka,Bangalore,T30,46-55,Female,79.7,UPI,Verified
INV001887,2024-01-30,120844,SIP,1927,Karnataka,Mysore,B30,26-35,Female,8.1,Cheque,Verified
INV003671,2024-01-30,119552,SIP,8998,Haryana,Gurugram,T30,36-45,Female,22.9,Mandate,Verified
INV001014,2024-01-30,149322,Redemption,315919,Punjab,Chandigarh,T30,18-25,Female,6.9,Cheque,Verified
INV003532,2024-01-30,119120,SIP,3559,Punjab,Amritsar,B30,36-45,Female,18.8,Net Banking,Verified
INV001856,2024-01-30,118635,SIP,1740,Delhi,New Delhi,T30,36-45,Female,43.5,Net Banking,Verified
INV004815,2024-01-30,119598,SIP,1693,Tamil Nadu,Coimbatore,B30,36-45,Male,44.4,Cheque,Pending
INV001441,2024-01-30,101208,SIP,439,Karnataka,Mysore,B30,36-45,Male,56.6,Cheque,Verified
INV001081,2024-01-30,120507,SIP,23691,Gujarat,Ahmedabad,T30,18-25,Male,7.6,Mandate,Verified
INV004392,2024-01-30,125498,SIP,52388,West Bengal,Kolkata,T30,18-25,Male,6.7,Cheque,Verified
INV000581,2024-01-30,120843,SIP,2495,Tamil Nadu,Coimbatore,B30,36-45,Male,26.4,Net Banking,Verified
INV001163,2024-01-30,101208,SIP,9169,Karnataka,Mysore,B30,26-35,Male,10.2,Net Banking,Verified
INV000758,2024-01-30,100033,Lumpsum,348736,Delhi,New Delhi,T30,56+,Male,61.5,UPI,Verified
INV000380,2024-01-30,120842,SIP,25751,Haryana,Gurugram,T30,56+,Male,24.2,UPI,Verified
INV003734,2024-01-30,119092,Redemption,222534,Tamil Nadu,Coimbatore,B30,56+,Male,70.3,Cheque,Verified
INV002061,2024-01-30,118635,SIP,24751,West Bengal,Kolkata,T30,26-35,Male,14.2,Cheque,Verified
INV002306,2024-01-30,149324,Redemption,438616,Tamil Nadu,Chennai,T30,18-25,Male,3.4,Net Banking,Verified
INV002926,2024-01-30,119093,SIP,5714,Telangana,Hyderabad,T30,26-35,Male,16.6,UPI,Pending
INV002215,2024-01-30,119598,Redemption,385125,Madhya Pradesh,Bhopal,B30,18-25,Male,3.4,UPI,Verified
INV003724,2024-01-30,100025,SIP,3081,Punjab,Amritsar,B30,56+,Male,52.5,Cheque,Verified
INV001070,2024-01-30,102885,Redemption,320773,Tamil Nadu,Coimbatore,B30,26-35,Male,11.9,UPI,Verified
INV003962,2024-01-30,119092,SIP,42786,Haryana,Gurugram,T30,26-35,Male,20.4,Mandate,Verified
INV000584,2024-01-30,119599,SIP,2575,Uttar Pradesh,Kanpur,B30,46-55,Female,20.9,UPI,Verified
INV001747,2024-01-30,119120,SIP,23346,Madhya Pradesh,Indore,T30,18-25,Female,3.8,Mandate,Verified
INV004361,2024-01-30,118635,SIP,3115,Haryana,Faridabad,B30,26-35,Female,18.4,Cheque,Verified
INV001318,2024-01-30,102885,SIP,27985,Telangana,Hyderabad,T30,36-45,Male,59.3,Cheque,Pending
INV002418,2024-01-30,125497,SIP,885,Haryana,Faridabad,B30,36-45,Male,34.0,Net Banking,Verified
INV004925,2024-01-30,119092,SIP,2703,Maharashtra,Pune,T30,18-25,Female,5.4,Mandate,Verified
INV001407,2024-01-30,120503,Lumpsum,161563,Rajasthan,Udaipur,B30,26-35,Female,22.2,Net Banking,Verified
INV002599,2024-01-30,119095,SIP,515,Gujarat,Surat,T30,26-35,Male,11.4,Cheque,Verified
INV001213,2024-01-30,120503,Redemption,70171,Punjab,Amritsar,B30,36-45,Male,57.7,Mandate,Verified
INV004763,2024-01-30,125498,Lumpsum,48709,Karnataka,Bangalore,T30,46-55,Female,19.6,Net Banking,Verified
INV001434,2024-01-30,118636,Redemption,222155,Maharashtra,Mumbai,T30,46-55,Male,92.6,Cheque,Verified
INV001215,2024-01-30,120844,Lumpsum,326488,Haryana,Gurugram,T30,36-45,Female,39.3,Cheque,Verified
INV003526,2024-01-30,125498,SIP,2007,Maharashtra,Nashik,B30,36-45,Male,24.2,Mandate,Verified
INV003813,2024-01-30,149322,SIP,2211,Rajasthan,Udaipur,B30,36-45,Male,23.6,UPI,Pending
INV000055,2024-01-30,120503,SIP,14420,Karnataka,Bangalore,T30,26-35,Male,13.5,Net Banking,Verified
INV000260,2024-01-30,118633,SIP,45707,Delhi,Gurugram,T30,18-25,Male,4.1,Cheque,Verified
INV004288,2024-01-30,120844,SIP,986,Punjab,Amritsar,B30,18-25,Female,6.1,Cheque,Verified
INV002348,2024-01-30,120506,SIP,7315,Uttar Pradesh,Agra,B30,26-35,Male,13.4,UPI,Verified
INV001937,2024-01-30,125497,Redemption,308991,Haryana,Gurugram,T30,18-25,Male,7.8,Cheque,Verified
INV000492,2024-01-30,120843,Lumpsum,292269,Telangana,Hyderabad,T30,36-45,Male,12.4,UPI,Verified
INV001333,2024-01-30,119551,SIP,1040,Haryana,Faridabad,B30,26-35,Female,19.0,Mandate,Verified
INV001259,2024-01-30,100033,SIP,8467,Telangana,Hyderabad,T30,26-35,Female,10.6,Cheque,Verified
INV000622,2024-01-30,120504,SIP,2208,Haryana,Faridabad,B30,26-35,Male,18.0,Cheque,Verified
INV003546,2024-01-30,100033,SIP,3309,West Bengal,Kolkata,T30,36-45,Male,16.2,Net Banking,Verified
INV001946,2024-01-30,119093,Lumpsum,35806,Delhi,Noida,T30,26-35,Male,13.2,UPI,Verified
INV004277,2024-01-30,120504,SIP,54783,Telangana,Hyderabad,T30,26-35,Male,19.6,UPI,Verified
INV002555,2024-01-30,149324,SIP,22192,Gujarat,Ahmedabad,T30,36-45,Male,24.5,Net Banking,Pending
INV000515,2024-01-30,119551,Redemption,21972,Delhi,Noida,T30,18-25,Male,5.1,UPI,Verified
INV002874,2024-01-30,120504,SIP,17860,Punjab,Chandigarh,T30,56+,Female,15.0,Net Banking,Verified
INV003324,2024-01-30,148568,SIP,12618,Karnataka,Mysore,B30,26-35,Male,20.7,Net Banking,Verified
INV001031,2024-01-30,119093,Lumpsum,255314,Delhi,New Delhi,T30,36-45,Female,23.0,UPI,Verified
INV000466,2024-01-30,119598,SIP,10096,Haryana,Faridabad,B30,18-25,Male,4.4,Net Banking,Pending
INV002656,2024-01-30,119094,SIP,27204,Tamil Nadu,Coimbatore,B30,26-35,Male,9.6,Net Banking,Verified
INV002466,2024-01-30,118633,SIP,5781,Madhya Pradesh,Indore,T30,36-45,Male,36.9,Net Banking,Verified
INV003817,2024-01-31,119095,Redemption,446821,Gujarat,Surat,T30,26-35,Male,9.0,Mandate,Verified
INV004241,2024-01-31,125497,SIP,26781,Maharashtra,Mumbai,T30,36-45,Male,18.9,Mandate,Verified
INV001459,2024-01-31,102885,Redemption,330857,Gujarat,Surat,T30,26-35,Male,24.9,UPI,Verified
INV001502,2024-01-31,118633,Lumpsum,471731,Rajasthan,Jaipur,T30,26-35,Male,19.8,UPI,Verified
INV004526,2024-01-31,101208,Lumpsum,465204,West Bengal,Kolkata,T30,36-45,Male,19.9,UPI,Verified
INV003794,2024-01-31,119094,Redemption,346995,Gujarat,Ahmedabad,T30,26-35,Male,22.1,UPI,Verified
INV003171,2024-01-31,125497,SIP,7075,Rajasthan,Jaipur,T30,36-45,Female,16.3,Cheque,Verified
INV003399,2024-01-31,119552,SIP,7799,Telangana,Hyderabad,T30,26-35,Female,16.0,Cheque,Verified
INV004570,2024-01-31,125497,Redemption,26906,Uttar Pradesh,Kanpur,B30,56+,Male,20.7,UPI,Verified
INV002464,2024-01-31,149324,Redemption,122249,Karnataka,Bangalore,T30,26-35,Female,22.9,Mandate,Verified
INV003195,2024-01-31,148569,SIP,2839,Uttar Pradesh,Lucknow,T30,36-45,Female,54.3,Cheque,Verified
INV001096,2024-01-31,119092,SIP,9146,Punjab,Chandigarh,T30,26-35,Male,24.5,Net Banking,Verified
INV003671,2024-01-31,119094,SIP,813,Haryana,Gurugram,T30,36-45,Female,22.9,Cheque,Verified
INV000914,2024-01-31,120843,SIP,10388,Karnataka,Mysore,B30,18-25,Male,3.8,Cheque,Verified
INV000156,2024-01-31,100016,SIP,2477,Telangana,Hyderabad,T30,46-55,Male,29.1,Net Banking,Verified
INV004526,2024-01-31,125498,SIP,5826,West Bengal,Kolkata,T30,36-45,Male,19.9,UPI,Verified
INV003799,2024-01-31,100016,Redemption,30704,Punjab,Amritsar,B30,18-25,Male,5.6,Cheque,Verified
INV001575,2024-01-31,100033,Lumpsum,226842,Karnataka,Bangalore,T30,26-35,Male,12.0,UPI,Verified
INV004388,2024-01-31,118634,Lumpsum,257946,Gujarat,Surat,T30,26-35,Female,10.3,UPI,Verified
INV001715,2024-01-31,118634,SIP,3007,Gujarat,Surat,T30,18-25,Male,7.7,Cheque,Verified
INV001418,2024-01-31,119095,SIP,519,Delhi,Noida,T30,36-45,Male,39.2,Mandate,Verified
INV003513,2024-01-31,149323,SIP,56193,West Bengal,Kolkata,T30,36-45,Male,57.3,UPI,Verified
INV001950,2024-01-31,149322,Lumpsum,249888,Maharashtra,Pune,T30,26-35,Female,6.0,Cheque,Verified
INV004015,2024-01-31,119092,SIP,2608,Maharashtra,Mumbai,T30,18-25,Female,7.6,Mandate,Verified
INV001178,2024-01-31,102886,SIP,22322,West Bengal,Kolkata,T30,26-35,Female,10.3,UPI,Verified
INV000466,2024-01-31,125497,Lumpsum,445427,Haryana,Faridabad,B30,18-25,Male,4.4,Mandate,Verified
INV002571,2024-01-31,148568,SIP,8673,Delhi,New Delhi,T30,36-45,Female,32.1,Cheque,Verified
INV000329,2024-01-31,101207,SIP,818,Tamil Nadu,Chennai,T30,18-25,Male,6.5,Cheque,Verified
INV003163,2024-01-31,125497,SIP,45555,Punjab,Amritsar,B30,36-45,Female,47.5,UPI,Verified
INV003562,2024-01-31,148569,SIP,2976,West Bengal,Kolkata,T30,26-35,Female,11.8,Net Banking,Verified
INV001903,2024-01-31,102885,SIP,4887,Delhi,New Delhi,T30,26-35,Female,8.8,UPI,Verified
INV003550,2024-01-31,101206,Lumpsum,113607,Madhya Pradesh,Bhopal,B30,26-35,Male,22.6,UPI,Verified
INV001532,2024-01-31,120843,Redemption,200219,Madhya Pradesh,Bhopal,B30,36-45,Female,39.5,Net Banking,Verified
INV003968,2024-01-31,149322,SIP,992,Maharashtra,Mumbai,T30,46-55,Female,58.7,UPI,Verified
INV000920,2024-01-31,101207,SIP,453,Delhi,Gurugram,T30,56+,Male,19.8,Cheque,Verified
INV001386,2024-01-31,120844,SIP,1114,Tamil Nadu,Coimbatore,B30,18-25,Male,7.5,Net Banking,Verified
INV002744,2024-01-31,120504,SIP,961,Karnataka,Bangalore,T30,36-45,Male,25.9,Mandate,Verified
INV003662,2024-01-31,118635,Lumpsum,277282,Rajasthan,Jaipur,T30,18-25,Male,5.7,Mandate,Verified
INV004774,2024-01-31,102886,Redemption,343233,Tamil Nadu,Coimbatore,B30,36-45,Male,21.8,Cheque,Verified
INV000704,2024-01-31,120503,SIP,986,Gujarat,Ahmedabad,T30,18-25,Male,4.5,Net Banking,Verified
INV002966,2024-01-31,120506,Redemption,285065,Gujarat,Ahmedabad,T30,26-35,Female,18.4,Net Banking,Verified
INV003982,2024-01-31,118633,Lumpsum,231064,Tamil Nadu,Coimbatore,B30,36-45,Female,34.4,Mandate,Verified
INV003520,2024-01-31,148569,SIP,1646,Uttar Pradesh,Lucknow,T30,18-25,Male,4.5,Cheque,Pending
INV000765,2024-01-31,119120,SIP,2050,Telangana,Hyderabad,T30,18-25,Male,4.6,Cheque,Verified
INV002369,2024-01-31,149323,Lumpsum,80267,Madhya Pradesh,Bhopal,B30,36-45,Male,33.6,Cheque,Pending
INV004465,2024-01-31,119093,Lumpsum,45373,Gujarat,Surat,T30,26-35,Male,14.2,Cheque,Verified
INV001060,2024-01-31,101207,SIP,5702,Telangana,Hyderabad,T30,36-45,Male,29.0,Cheque,Pending
INV000089,2024-01-31,118633,Redemption,566183,Maharashtra,Mumbai,T30,26-35,Female,11.2,Mandate,Verified
INV004407,2024-01-31,102886,SIP,2978,Punjab,Chandigarh,T30,18-25,Male,7.7,UPI,Verified
INV004304,2024-01-31,100025,SIP,2410,Haryana,Gurugram,T30,18-25,Male,5.5,Cheque,Verified
INV003718,2024-01-31,120507,Redemption,285620,Telangana,Hyderabad,T30,46-55,Male,65.3,UPI,Verified
INV001576,2024-01-31,120844,SIP,4914,Delhi,Noida,T30,46-55,Female,46.5,Mandate,Verified
INV003710,2024-01-31,119552,SIP,17929,Rajasthan,Udaipur,B30,26-35,Male,19.6,Mandate,Verified
INV003267,2024-01-31,148567,SIP,2768,Rajasthan,Udaipur,B30,36-45,Male,29.9,Cheque,Pending
INV002197,2024-01-31,102885,SIP,2133,Delhi,Noida,T30,18-25,Male,6.3,Mandate,Verified
INV002072,2024-01-31,125498,SIP,26034,Punjab,Chandigarh,T30,26-35,Female,15.2,Cheque,Verified
INV002921,2024-01-31,149323,Lumpsum,212759,Punjab,Amritsar,B30,18-25,Female,5.4,Mandate,Verified
INV000737,2024-01-31,101208,SIP,52555,Madhya Pradesh,Indore,T30,26-35,Female,10.0,Cheque,Verified
INV003911,2024-01-31,101206,SIP,2070,Telangana,Hyderabad,T30,36-45,Male,21.5,UPI,Verified
INV000813,2024-01-31,119094,Redemption,205654,Telangana,Hyderabad,T30,46-55,Male,38.7,Mandate,Verified
INV000624,2024-01-31,119093,SIP,595,West Bengal,Kolkata,T30,56+,Male,79.6,Cheque,Verified
INV002574,2024-01-31,119598,SIP,4100,Maharashtra,Nashik,B30,26-35,Male,11.1,Mandate,Pending
INV000880,2024-01-31,102886,SIP,2037,Madhya Pradesh,Indore,T30,26-35,Male,18.4,Cheque,Verified
INV004924,2024-01-31,119093,SIP,4588,Telangana,Hyderabad,T30,36-45,Male,16.1,Cheque,Verified
INV000630,2024-01-31,118634,SIP,6920,Uttar Pradesh,Kanpur,B30,26-35,Male,18.9,Mandate,Verified
INV003697,2024-01-31,149322,Redemption,163855,Maharashtra,Mumbai,T30,18-25,Male,6.3,Cheque,Verified
INV001101,2024-01-31,119094,SIP,9453,Madhya Pradesh,Bhopal,B30,18-25,Male,5.3,Net Banking,Verified
INV004984,2024-01-31,120843,SIP,2266,Uttar Pradesh,Agra,B30,46-55,Female,78.8,Cheque,Verified
INV000234,2024-01-31,120504,SIP,1114,Tamil Nadu,Coimbatore,B30,26-35,Male,23.8,Cheque,Verified
INV003619,2024-01-31,120507,Lumpsum,341208,West Bengal,Kolkata,T30,18-25,Female,3.3,UPI,Verified
INV004767,2024-01-31,120843,SIP,2398,Uttar Pradesh,Kanpur,B30,26-35,Female,12.7,Mandate,Verified
INV000421,2024-01-31,118635,Lumpsum,451433,Tamil Nadu,Chennai,T30,36-45,Male,31.9,UPI,Verified
INV001391,2024-01-31,120506,Lumpsum,495807,Madhya Pradesh,Bhopal,B30,36-45,Male,18.5,UPI,Verified
INV000966,2024-01-31,118634,Lumpsum,120484,Telangana,Hyderabad,T30,26-35,Male,22.8,UPI,Verified
INV004813,2024-01-31,120842,SIP,4494,West Bengal,Kolkata,T30,26-35,Male,13.9,Cheque,Verified
INV004066,2024-01-31,125498,SIP,2905,Gujarat,Surat,T30,46-55,Male,30.8,Mandate,Verified
INV004701,2024-01-31,148568,SIP,3581,Haryana,Gurugram,T30,26-35,Male,7.3,Mandate,Verified
INV002208,2024-01-31,120843,SIP,3484,Punjab,Chandigarh,T30,56+,Male,61.1,Cheque,Verified
INV000589,2024-02-01,119599,SIP,11906,Uttar Pradesh,Kanpur,B30,18-25,Female,6.3,Net Banking,Verified
INV001507,2024-02-01,125498,SIP,1822,Uttar Pradesh,Lucknow,T30,26-35,Male,20.4,Cheque,Pending
INV002138,2024-02-01,119599,SIP,6730,Karnataka,Bangalore,T30,46-55,Female,78.2,UPI,Verified
INV000389,2024-02-01,119120,SIP,2409,Delhi,Gurugram,T30,46-55,Male,50.2,UPI,Verified
INV003236,2024-02-01,118632,Redemption,296013,Madhya Pradesh,Bhopal,B30,18-25,Male,3.4,UPI,Verified
INV004459,2024-02-01,125498,Lumpsum,420407,Maharashtra,Pune,T30,26-35,Female,9.2,Mandate,Verified
INV002072,2024-02-01,120841,SIP,21222,Punjab,Chandigarh,T30,26-35,Female,15.2,Cheque,Verified
INV001036,2024-02-01,101206,Lumpsum,561967,Punjab,Chandigarh,T30,46-55,Female,40.5,Cheque,Verified
INV001535,2024-02-01,118634,SIP,5331,Rajasthan,Udaipur,B30,56+,Male,74.1,UPI,Verified
INV000266,2024-02-01,118635,SIP,973,Madhya Pradesh,Indore,T30,56+,Male,67.6,Cheque,Verified
INV002628,2024-02-01,120507,SIP,1172,Uttar Pradesh,Agra,B30,26-35,Male,16.4,UPI,Verified
INV001550,2024-02-01,148569,SIP,42078,Punjab,Chandigarh,T30,18-25,Male,4.1,UPI,Verified
INV002582,2024-02-01,118634,SIP,7073,Telangana,Hyderabad,T30,26-35,Female,11.1,Net Banking,Verified
INV002490,2024-02-01,148568,Redemption,427823,Gujarat,Surat,T30,36-45,Female,28.1,UPI,Verified
INV004092,2024-02-01,120504,Lumpsum,270219,Maharashtra,Nashik,B30,18-25,Female,4.4,UPI,Verified
INV003794,2024-02-01,120507,Lumpsum,451815,Gujarat,Ahmedabad,T30,26-35,Male,22.1,Cheque,Pending
INV003496,2024-02-01,119599,Lumpsum,452792,Telangana,Hyderabad,T30,26-35,Male,14.9,Mandate,Verified
INV002400,2024-02-01,120841,SIP,594,Punjab,Chandigarh,T30,36-45,Male,15.5,Net Banking,Verified
INV001458,2024-02-01,118633,SIP,21961,Tamil Nadu,Coimbatore,B30,46-55,Male,34.9,UPI,Verified
INV000596,2024-02-01,125497,SIP,54541,Madhya Pradesh,Indore,T30,56+,Male,21.3,Net Banking,Verified
INV001580,2024-02-01,102886,Lumpsum,154762,Punjab,Chandigarh,T30,26-35,Male,18.7,Mandate,Pending
INV003711,2024-02-01,120844,SIP,44854,Telangana,Hyderabad,T30,36-45,Female,13.1,Cheque,Verified
INV001833,2024-02-01,101208,SIP,2589,Karnataka,Bangalore,T30,36-45,Female,28.4,Net Banking,Verified
INV003158,2024-02-01,119092,SIP,5733,Karnataka,Mysore,B30,26-35,Male,21.1,Mandate,Verified
INV002386,2024-02-01,120504,SIP,3282,Rajasthan,Jaipur,T30,26-35,Female,19.8,UPI,Verified
INV000297,2024-02-01,100033,SIP,8917,Gujarat,Ahmedabad,T30,26-35,Male,13.0,Cheque,Verified
INV001387,2024-02-01,119598,SIP,2220,Tamil Nadu,Chennai,T30,36-45,Male,37.4,Mandate,Verified
INV002894,2024-02-01,119095,Lumpsum,540393,Delhi,Noida,T30,26-35,Male,10.4,Cheque,Verified
INV000378,2024-02-01,149323,SIP,4462,Madhya Pradesh,Bhopal,B30,26-35,Male,8.7,Net Banking,Verified
INV003212,2024-02-01,125498,Lumpsum,305019,West Bengal,Kolkata,T30,26-35,Male,17.2,Cheque,Verified
INV000685,2024-02-01,119095,Redemption,429533,Karnataka,Bangalore,T30,18-25,Male,4.0,UPI,Verified
INV002940,2024-02-01,119094,SIP,3156,Haryana,Faridabad,B30,26-35,Male,18.3,UPI,Verified
INV004735,2024-02-01,118633,SIP,16264,Uttar Pradesh,Kanpur,B30,36-45,Male,19.2,Net Banking,Verified
INV002158,2024-02-01,119092,Redemption,333857,Madhya Pradesh,Indore,T30,26-35,Male,14.5,Mandate,Verified
INV001320,2024-02-01,119095,Redemption,481700,Punjab,Amritsar,B30,36-45,Male,31.8,Net Banking,Verified
INV000304,2024-02-01,149324,SIP,10276,West Bengal,Kolkata,T30,36-45,Male,25.6,UPI,Verified
INV000781,2024-02-01,101208,SIP,16267,Delhi,Gurugram,T30,26-35,Male,6.8,UPI,Pending
INV000653,2024-02-01,101206,SIP,23162,Uttar Pradesh,Kanpur,B30,26-35,Female,18.6,Cheque,Verified
INV003403,2024-02-01,100016,SIP,4799,Madhya Pradesh,Bhopal,B30,18-25,Male,6.3,Mandate,Verified
INV003376,2024-02-01,120506,Lumpsum,449615,Delhi,New Delhi,T30,36-45,Male,44.4,Net Banking,Verified
INV003063,2024-02-01,120505,SIP,5953,Maharashtra,Mumbai,T30,36-45,Female,45.0,Cheque,Verified
INV001635,2024-02-01,101208,Lumpsum,449591,Tamil Nadu,Chennai,T30,26-35,Male,18.6,Net Banking,Verified
INV001721,2024-02-01,120506,Redemption,318799,Punjab,Amritsar,B30,26-35,Male,10.8,Mandate,Verified
INV004813,2024-02-01,102886,Lumpsum,247678,West Bengal,Kolkata,T30,26-35,Male,13.9,Mandate,Verified
INV000925,2024-02-01,119094,Redemption,353709,Karnataka,Mysore,B30,18-25,Male,3.6,UPI,Verified
INV000374,2024-02-01,120503,SIP,56072,West Bengal,Kolkata,T30,18-25,Female,4.1,UPI,Verified
INV000652,2024-02-01,101207,Lumpsum,111379,Delhi,Gurugram,T30,26-35,Male,8.0,Cheque,Pending
INV002197,2024-02-01,148568,SIP,2486,Delhi,Noida,T30,18-25,Male,6.3,Cheque,Verified
INV003187,2024-02-01,102887,SIP,3573,Haryana,Faridabad,B30,26-35,Female,21.5,Cheque,Verified
INV001367,2024-02-01,120843,SIP,13374,Maharashtra,Nashik,B30,36-45,Male,32.2,Cheque,Verified
INV004135,2024-02-01,125498,SIP,2356,Tamil Nadu,Coimbatore,B30,26-35,Female,18.7,Net Banking,Verified
INV002207,2024-02-01,118636,SIP,503,Madhya Pradesh,Indore,T30,26-35,Female,6.6,Net Banking,Verified
INV003146,2024-02-01,118632,SIP,2243,Rajasthan,Udaipur,B30,26-35,Male,20.2,Net Banking,Verified
INV001773,2024-02-01,101207,SIP,421,Punjab,Chandigarh,T30,26-35,Male,21.4,Cheque,Verified
INV004367,2024-02-01,100033,Lumpsum,75474,Karnataka,Mysore,B30,26-35,Female,8.3,Cheque,Verified
INV002909,2024-02-01,148567,SIP,26597,Rajasthan,Udaipur,B30,36-45,Male,44.1,Net Banking,Verified
INV002531,2024-02-01,102885,SIP,11601,Rajasthan,Udaipur,B30,36-45,Female,50.4,Cheque,Verified
INV003780,2024-02-01,120507,SIP,4775,Haryana,Faridabad,B30,26-35,Male,10.1,UPI,Verified
INV003945,2024-02-01,118635,SIP,51122,Gujarat,Ahmedabad,T30,46-55,Female,48.3,Cheque,Verified
INV001021,2024-02-01,148567,Lumpsum,85032,Maharashtra,Mumbai,T30,56+,Male,50.5,Cheque,Verified
INV001701,2024-02-01,119094,Lumpsum,364218,Karnataka,Mysore,B30,26-35,Female,24.4,Net Banking,Verified
INV000604,2024-02-01,101208,SIP,12069,Karnataka,Bangalore,T30,26-35,Male,9.5,UPI,Verified
INV002889,2024-02-01,120505,Redemption,219826,West Bengal,Kolkata,T30,26-35,Male,12.6,Mandate,Verified
INV001827,2024-02-01,119552,SIP,58642,Haryana,Faridabad,B30,36-45,Female,54.3,Mandate,Verified
INV004994,2024-02-01,119598,Lumpsum,356045,Delhi,New Delhi,T30,36-45,Male,31.9,Net Banking,Verified
INV000312,2024-02-02,119093,SIP,1633,Gujarat,Ahmedabad,T30,18-25,Male,7.1,Cheque,Verified
INV004032,2024-02-02,100016,Redemption,161670,West Bengal,Kolkata,T30,46-55,Male,55.5,UPI,Verified
INV002042,2024-02-02,148568,Lumpsum,19162,Tamil Nadu,Chennai,T30,26-35,Female,10.0,Mandate,Verified
INV004045,2024-02-02,125498,SIP,6379,Madhya Pradesh,Indore,T30,18-25,Male,4.2,Mandate,Verified
INV000115,2024-02-02,118633,SIP,15279,Tamil Nadu,Coimbatore,B30,36-45,Male,16.6,Cheque,Verified
INV002039,2024-02-02,100016,SIP,28049,Madhya Pradesh,Bhopal,B30,46-55,Male,17.3,Mandate,Verified
INV001670,2024-02-02,120504,Lumpsum,265943,West Bengal,Kolkata,T30,26-35,Male,16.5,UPI,Verified
INV001965,2024-02-02,148568,Lumpsum,369985,Telangana,Hyderabad,T30,56+,Male,24.6,UPI,Verified
INV000335,2024-02-02,149322,SIP,2817,Maharashtra,Mumbai,T30,26-35,Male,11.6,Net Banking,Verified
INV000033,2024-02-02,100016,Lumpsum,482232,Delhi,New Delhi,T30,36-45,Female,12.4,UPI,Verified
INV004978,2024-02-02,118634,Redemption,60144,Uttar Pradesh,Lucknow,T30,46-55,Male,34.3,Net Banking,Verified
INV002691,2024-02-02,148567,SIP,439,Tamil Nadu,Coimbatore,B30,26-35,Female,20.6,Mandate,Verified
INV000726,2024-02-02,119551,SIP,895,Punjab,Chandigarh,T30,26-35,Male,21.1,Mandate,Verified
INV000491,2024-02-02,118636,SIP,472,Madhya Pradesh,Indore,T30,56+,Male,58.2,Net Banking,Verified
INV003626,2024-02-02,120844,Lumpsum,369525,Madhya Pradesh,Indore,T30,26-35,Male,23.5,Net Banking,Verified
INV003865,2024-02-02,102886,SIP,28552,Gujarat,Ahmedabad,T30,18-25,Female,3.3,Net Banking,Verified
INV004273,2024-02-02,120844,SIP,29191,Haryana,Faridabad,B30,26-35,Male,17.5,Cheque,Verified
INV000491,2024-02-02,119095,Redemption,343126,Madhya Pradesh,Indore,T30,56+,Male,58.2,Mandate,Verified
INV004439,2024-02-02,119095,SIP,25252,Haryana,Faridabad,B30,26-35,Male,8.6,UPI,Verified
INV004295,2024-02-02,120844,Lumpsum,410857,Karnataka,Bangalore,T30,36-45,Male,50.6,Mandate,Verified
INV001279,2024-02-02,118632,SIP,1040,Karnataka,Bangalore,T30,46-55,Male,76.7,Mandate,Verified
INV001625,2024-02-02,100016,Lumpsum,417147,Uttar Pradesh,Kanpur,B30,46-55,Female,78.2,UPI,Verified
INV000822,2024-02-02,119552,SIP,48975,Punjab,Amritsar,B30,26-35,Male,9.2,Net Banking,Verified
INV004125,2024-02-02,100033,SIP,17076,Gujarat,Surat,T30,26-35,Male,9.4,Cheque,Verified
INV002343,2024-02-02,119598,SIP,1612,Punjab,Amritsar,B30,26-35,Male,22.1,Net Banking,Pending
INV004191,2024-02-02,119552,Redemption,20497,Maharashtra,Nashik,B30,26-35,Female,19.5,UPI,Verified
INV001236,2024-02-02,149323,SIP,17199,Telangana,Hyderabad,T30,46-55,Male,93.7,Cheque,Verified
INV001980,2024-02-02,119092,SIP,436,Tamil Nadu,Chennai,T30,26-35,Female,21.1,Net Banking,Verified
INV004125,2024-02-02,119599,SIP,1056,Gujarat,Surat,T30,26-35,Male,9.4,Net Banking,Verified
INV002093,2024-02-02,119551,Lumpsum,408867,Punjab,Chandigarh,T30,26-35,Male,14.7,Cheque,Verified
INV003406,2024-02-02,118634,SIP,16834,Madhya Pradesh,Bhopal,B30,26-35,Male,21.2,Cheque,Verified
INV002753,2024-02-02,102887,SIP,27471,Uttar Pradesh,Lucknow,T30,26-35,Female,21.2,Cheque,Verified
INV000085,2024-02-02,119120,SIP,1742,Gujarat,Surat,T30,26-35,Female,14.6,Net Banking,Verified
INV001390,2024-02-02,120504,SIP,9626,Haryana,Gurugram,T30,26-35,Female,13.0,Cheque,Verified
INV004585,2024-02-02,119092,Lumpsum,200913,Punjab,Amritsar,B30,18-25,Female,4.5,Mandate,Verified
INV003189,2024-02-02,149324,SIP,2338,Tamil Nadu,Chennai,T30,36-45,Female,44.6,UPI,Verified
INV000420,2024-02-02,119599,SIP,15774,Haryana,Gurugram,T30,26-35,Male,11.7,UPI,Verified
INV001221,2024-02-02,102886,SIP,487,Delhi,New Delhi,T30,26-35,Female,22.4,Mandate,Verified
INV002139,2024-02-02,149323,Lumpsum,436205,Haryana,Gurugram,T30,36-45,Female,28.6,Net Banking,Pending
INV003407,2024-02-02,148569,Redemption,404789,West Bengal,Kolkata,T30,26-35,Male,6.7,Mandate,Verified
INV000158,2024-02-02,100025,Redemption,477752,Madhya Pradesh,Bhopal,B30,36-45,Male,26.1,Net Banking,Verified
INV003410,2024-02-02,125497,Lumpsum,213612,Madhya Pradesh,Indore,T30,26-35,Male,7.7,Net Banking,Verified
INV000846,2024-02-02,101207,SIP,581,Rajasthan,Udaipur,B30,26-35,Female,21.7,UPI,Verified
INV000394,2024-02-02,119552,SIP,6343,Maharashtra,Mumbai,T30,26-35,Male,12.2,UPI,Verified
INV004947,2024-02-02,118635,SIP,27356,Telangana,Hyderabad,T30,26-35,Female,19.7,Net Banking,Verified
INV004617,2024-02-02,119092,SIP,4686,Karnataka,Bangalore,T30,26-35,Male,22.1,Cheque,Pending
INV001754,2024-02-02,149324,Lumpsum,461605,Maharashtra,Nashik,B30,46-55,Female,56.1,Cheque,Verified
INV000551,2024-02-02,119599,Redemption,165830,Maharashtra,Nashik,B30,26-35,Female,13.2,UPI,Verified
INV001702,2024-02-02,120505,SIP,406,Rajasthan,Udaipur,B30,26-35,Male,9.9,Cheque,Verified
INV002088,2024-02-02,102885,SIP,12627,Rajasthan,Jaipur,T30,46-55,Female,43.7,UPI,Verified
INV001978,2024-02-02,118634,Lumpsum,468442,Telangana,Hyderabad,T30,36-45,Male,15.5,Cheque,Verified
INV000921,2024-02-02,120843,Redemption,51266,Rajasthan,Jaipur,T30,26-35,Male,14.6,Cheque,Verified
INV001478,2024-02-02,118633,Lumpsum,175155,Maharashtra,Mumbai,T30,36-45,Male,24.2,Cheque,Verified
INV004231,2024-02-02,120506,SIP,2067,West Bengal,Kolkata,T30,56+,Male,17.5,Mandate,Verified
INV000954,2024-02-02,118634,Lumpsum,461329,Haryana,Faridabad,B30,26-35,Female,8.3,UPI,Verified
INV004161,2024-02-02,119599,Redemption,212940,Telangana,Hyderabad,T30,46-55,Male,94.7,Net Banking,Verified
INV004128,2024-02-02,119094,SIP,46742,Haryana,Faridabad,B30,18-25,Male,3.3,Cheque,Pending
INV002794,2024-02-02,120843,Lumpsum,211129,Madhya Pradesh,Bhopal,B30,56+,Male,39.9,Net Banking,Verified
INV003228,2024-02-02,118632,SIP,2452,Madhya Pradesh,Bhopal,B30,26-35,Male,20.0,Net Banking,Pending
INV004363,2024-02-02,101206,SIP,22359,Delhi,Noida,T30,26-35,Male,20.5,Mandate,Verified
INV001700,2024-02-02,120505,SIP,556,Maharashtra,Mumbai,T30,46-55,Male,88.3,Cheque,Verified
INV000721,2024-02-02,120507,Lumpsum,60411,Maharashtra,Nashik,B30,36-45,Male,59.1,Net Banking,Verified
INV001001,2024-02-02,120503,Redemption,400385,Madhya Pradesh,Indore,T30,26-35,Female,20.7,Cheque,Pending
INV002240,2024-02-02,149324,SIP,2152,Haryana,Faridabad,B30,26-35,Male,24.7,Net Banking,Verified
INV004791,2024-02-02,125497,SIP,8595,Telangana,Hyderabad,T30,18-25,Female,4.6,Cheque,Verified
INV003097,2024-02-02,120841,SIP,4328,Punjab,Chandigarh,T30,26-35,Male,21.5,Net Banking,Verified
INV004427,2024-02-02,125497,SIP,917,Punjab,Amritsar,B30,36-45,Female,54.2,Net Banking,Verified
INV000414,2024-02-02,119092,SIP,11804,Tamil Nadu,Chennai,T30,36-45,Male,21.9,Cheque,Verified
INV000167,2024-02-02,119598,SIP,8231,Gujarat,Ahmedabad,T30,56+,Male,55.3,Net Banking,Verified
INV000468,2024-02-02,118633,SIP,3014,Uttar Pradesh,Agra,B30,36-45,Male,23.5,Mandate,Verified
INV000372,2024-02-02,120841,Redemption,76003,Gujarat,Surat,T30,36-45,Male,12.4,Net Banking,Verified
INV000654,2024-02-02,125498,Redemption,357098,Rajasthan,Udaipur,B30,18-25,Female,7.9,UPI,Verified
INV004231,2024-02-02,119599,Lumpsum,51328,West Bengal,Kolkata,T30,56+,Male,17.5,UPI,Verified
INV002643,2024-02-03,120506,SIP,1608,Telangana,Hyderabad,T30,36-45,Male,29.2,UPI,Verified
INV002274,2024-02-03,120506,Lumpsum,330925,Tamil Nadu,Coimbatore,B30,18-25,Female,6.9,Cheque,Verified
INV002483,2024-02-03,101206,SIP,2124,Delhi,New Delhi,T30,46-55,Female,60.8,Cheque,Verified
INV004517,2024-02-03,148569,SIP,2235,West Bengal,Kolkata,T30,46-55,Female,68.5,Cheque,Verified
INV000933,2024-02-03,148568,Redemption,193707,Rajasthan,Jaipur,T30,36-45,Female,14.9,Mandate,Verified
INV001332,2024-02-03,148567,SIP,2415,Uttar Pradesh,Agra,B30,26-35,Female,19.9,Net Banking,Verified
INV002350,2024-02-03,101206,Lumpsum,279794,Tamil Nadu,Chennai,T30,26-35,Male,23.0,Cheque,Verified
INV001869,2024-02-03,125497,Lumpsum,253474,Uttar Pradesh,Lucknow,T30,46-55,Male,30.6,Net Banking,Verified
INV004374,2024-02-03,125498,Redemption,472723,Maharashtra,Nashik,B30,36-45,Female,16.5,Cheque,Verified
INV003146,2024-02-03,101207,SIP,470,Rajasthan,Udaipur,B30,26-35,Male,20.2,Mandate,Verified
INV002130,2024-02-03,118635,Redemption,92351,Maharashtra,Pune,T30,46-55,Male,22.5,Cheque,Pending
INV000565,2024-02-03,119552,SIP,5770,Uttar Pradesh,Agra,B30,26-35,Male,18.8,UPI,Verified
INV004625,2024-02-03,102885,SIP,2388,Tamil Nadu,Coimbatore,B30,18-25,Male,6.6,Cheque,Verified
INV001891,2024-02-03,102886,SIP,7442,West Bengal,Kolkata,T30,26-35,Male,22.2,Cheque,Pending
INV003895,2024-02-03,119551,SIP,11482,Maharashtra,Nashik,B30,26-35,Male,14.2,Mandate,Verified
INV001130,2024-02-03,119552,Redemption,364385,Rajasthan,Jaipur,T30,18-25,Female,3.2,Net Banking,Verified
INV002157,2024-02-03,102885,SIP,8542,Punjab,Chandigarh,T30,26-35,Male,16.9,Mandate,Verified
INV000407,2024-02-03,148568,SIP,2957,Tamil Nadu,Coimbatore,B30,36-45,Male,32.8,Cheque,Verified
INV004587,2024-02-03,118634,Lumpsum,142643,Uttar Pradesh,Kanpur,B30,18-25,Male,4.0,Net Banking,Verified
INV002260,2024-02-03,102885,SIP,14226,Telangana,Hyderabad,T30,26-35,Female,10.1,UPI,Verified
INV002161,2024-02-03,148567,Lumpsum,98780,Maharashtra,Nashik,B30,26-35,Male,11.4,Cheque,Verified
INV003106,2024-02-03,101207,Lumpsum,247118,Madhya Pradesh,Bhopal,B30,36-45,Male,57.7,Net Banking,Verified
INV003793,2024-02-03,102887,SIP,11663,Delhi,New Delhi,T30,46-55,Male,94.3,Net Banking,Verified
INV004524,2024-02-03,149323,SIP,2278,Gujarat,Surat,T30,18-25,Male,4.3,Net Banking,Verified
INV001310,2024-02-03,119095,SIP,27954,Telangana,Hyderabad,T30,46-55,Male,83.6,Cheque,Verified
INV003517,2024-02-03,119552,SIP,5201,Gujarat,Ahmedabad,T30,26-35,Male,16.6,UPI,Pending
INV004840,2024-02-03,125497,Redemption,346543,Maharashtra,Pune,T30,18-25,Male,6.5,UPI,Verified
INV001557,2024-02-03,125497,Lumpsum,291579,Haryana,Gurugram,T30,26-35,Female,10.5,Mandate,Verified
INV004518,2024-02-03,102886,SIP,7874,Uttar Pradesh,Lucknow,T30,26-35,Female,24.4,Cheque,Verified
INV000079,2024-02-03,102887,Lumpsum,300758,Gujarat,Surat,T30,26-35,Male,17.0,Mandate,Verified
INV003889,2024-02-03,125498,SIP,5595,Rajasthan,Udaipur,B30,46-55,Male,42.6,Net Banking,Verified
INV003320,2024-02-03,118632,Lumpsum,532796,Tamil Nadu,Coimbatore,B30,56+,Male,73.7,Cheque,Verified
INV000539,2024-02-03,149323,SIP,2128,Haryana,Faridabad,B30,26-35,Female,13.4,Cheque,Verified
INV000573,2024-02-03,120506,SIP,2252,Madhya Pradesh,Bhopal,B30,56+,Female,38.5,Cheque,Verified
INV003499,2024-02-03,119598,SIP,14358,Karnataka,Mysore,B30,18-25,Male,4.7,Net Banking,Verified
INV000920,2024-02-03,119598,SIP,48288,Delhi,Gurugram,T30,56+,Male,19.8,Mandate,Verified
INV000460,2024-02-03,119094,Redemption,415677,Delhi,Noida,T30,36-45,Male,47.1,UPI,Verified
INV000825,2024-02-03,149323,SIP,11062,Madhya Pradesh,Bhopal,B30,18-25,Female,5.5,Cheque,Pending
INV004112,2024-02-03,148569,SIP,8494,Madhya Pradesh,Bhopal,B30,46-55,Male,30.0,Net Banking,Pending
INV000278,2024-02-03,100025,Redemption,6023,Rajasthan,Jaipur,T30,26-35,Male,22.1,Net Banking,Verified
INV002113,2024-02-03,120504,SIP,5258,Maharashtra,Nashik,B30,26-35,Male,21.6,UPI,Verified
INV002385,2024-02-03,120503,SIP,2274,Punjab,Chandigarh,T30,26-35,Male,21.9,UPI,Verified
INV001771,2024-02-03,120506,Lumpsum,463925,Gujarat,Surat,T30,46-55,Male,85.9,Cheque,Verified
INV003495,2024-02-03,148567,SIP,23833,West Bengal,Kolkata,T30,26-35,Female,22.9,Net Banking,Verified
INV000733,2024-02-03,101208,Lumpsum,478815,Uttar Pradesh,Lucknow,T30,18-25,Male,3.9,Net Banking,Verified
INV003455,2024-02-03,118633,Redemption,338431,Tamil Nadu,Coimbatore,B30,46-55,Male,40.2,UPI,Verified
INV002635,2024-02-03,120843,Lumpsum,43368,Telangana,Hyderabad,T30,18-25,Male,3.8,Mandate,Verified
INV004058,2024-02-03,118635,SIP,23831,Tamil Nadu,Chennai,T30,26-35,Male,22.5,Mandate,Verified
INV003880,2024-02-03,119552,SIP,4917,Gujarat,Surat,T30,26-35,Male,9.6,Net Banking,Verified
INV002834,2024-02-03,120844,SIP,4448,West Bengal,Kolkata,T30,18-25,Male,6.9,Cheque,Verified
INV002495,2024-02-03,101206,Lumpsum,13563,Maharashtra,Nashik,B30,26-35,Male,6.6,Net Banking,Verified
INV001314,2024-02-03,102885,SIP,8447,Gujarat,Ahmedabad,T30,26-35,Female,19.2,UPI,Verified
INV004114,2024-02-03,119551,Redemption,20109,Tamil Nadu,Coimbatore,B30,26-35,Male,9.4,Net Banking,Verified
INV001304,2024-02-03,119095,Lumpsum,110502,Gujarat,Ahmedabad,T30,26-35,Male,21.8,UPI,Verified
INV004015,2024-02-03,120844,SIP,2379,Maharashtra,Mumbai,T30,18-25,Female,7.6,Mandate,Verified
INV001783,2024-02-03,119094,Lumpsum,51068,Madhya Pradesh,Bhopal,B30,36-45,Female,52.6,Mandate,Verified
INV001673,2024-02-03,119093,SIP,2211,West Bengal,Kolkata,T30,26-35,Male,23.0,Cheque,Verified
INV004741,2024-02-03,120503,Redemption,372563,Telangana,Hyderabad,T30,26-35,Female,24.9,Cheque,Verified
INV002935,2024-02-03,148569,Lumpsum,50123,Madhya Pradesh,Indore,T30,18-25,Male,5.6,Net Banking,Verified
INV003553,2024-02-03,120503,SIP,8665,Punjab,Amritsar,B30,36-45,Male,33.0,UPI,Verified
INV003439,2024-02-03,101208,SIP,20476,West Bengal,Kolkata,T30,18-25,Female,3.9,Net Banking,Verified
INV003521,2024-02-03,119095,Lumpsum,248840,Rajasthan,Jaipur,T30,46-55,Male,95.4,Cheque,Verified
INV002459,2024-02-03,119094,SIP,2795,Rajasthan,Udaipur,B30,18-25,Female,5.2,UPI,Pending
INV003920,2024-02-03,102886,Lumpsum,311900,Punjab,Chandigarh,T30,26-35,Male,20.3,UPI,Verified
INV000392,2024-02-03,148568,Redemption,253978,Gujarat,Surat,T30,26-35,Female,16.6,Cheque,Verified
INV001423,2024-02-03,119598,SIP,8896,Madhya Pradesh,Bhopal,B30,18-25,Female,7.7,UPI,Verified
INV000550,2024-02-03,101206,SIP,1613,Rajasthan,Udaipur,B30,26-35,Male,6.7,Net Banking,Verified
INV004041,2024-02-03,120503,SIP,47617,Telangana,Hyderabad,T30,36-45,Male,51.1,Cheque,Verified
INV001977,2024-02-03,101206,SIP,21702,Punjab,Amritsar,B30,18-25,Female,3.3,UPI,Verified
INV001814,2024-02-03,100016,Lumpsum,368838,West Bengal,Kolkata,T30,26-35,Female,6.9,UPI,Verified
INV000941,2024-02-03,149323,Redemption,200293,Rajasthan,Udaipur,B30,26-35,Male,7.2,Mandate,Verified
INV002083,2024-02-03,101206,SIP,2107,Gujarat,Surat,T30,26-35,Male,21.2,UPI,Verified
INV004411,2024-02-03,119552,SIP,42733,Maharashtra,Mumbai,T30,26-35,Female,13.8,Mandate,Verified
INV004448,2024-02-03,119094,SIP,12486,Karnataka,Mysore,B30,26-35,Male,20.3,Net Banking,Verified
INV001235,2024-02-03,119093,SIP,1794,Haryana,Faridabad,B30,26-35,Male,19.3,Cheque,Verified
INV002901,2024-02-03,148568,SIP,415,Delhi,Noida,T30,26-35,Male,17.4,UPI,Verified
INV000906,2024-02-03,120505,Lumpsum,83611,Maharashtra,Mumbai,T30,26-35,Male,20.7,Net Banking,Verified
INV003437,2024-02-03,148567,Redemption,51035,Punjab,Amritsar,B30,46-55,Female,51.0,Net Banking,Verified
INV004375,2024-02-03,149324,Lumpsum,255909,Madhya Pradesh,Bhopal,B30,26-35,Male,17.7,Mandate,Verified
INV000597,2024-02-03,120507,SIP,29105,Gujarat,Surat,T30,46-55,Male,48.6,Cheque,Verified
INV000199,2024-02-04,101207,Redemption,16153,Telangana,Hyderabad,T30,36-45,Female,15.7,Mandate,Verified
INV002430,2024-02-04,119598,SIP,1918,Madhya Pradesh,Bhopal,B30,26-35,Male,16.2,Cheque,Verified
INV002547,2024-02-04,119552,SIP,2034,Haryana,Gurugram,T30,26-35,Male,7.3,Mandate,Verified
INV001578,2024-02-04,119094,SIP,3049,Punjab,Amritsar,B30,26-35,Female,19.6,Cheque,Verified
INV003215,2024-02-04,118634,SIP,13471,Gujarat,Surat,T30,26-35,Female,20.9,Mandate,Verified
INV004593,2024-02-04,120503,Lumpsum,104257,Punjab,Amritsar,B30,26-35,Male,13.7,Mandate,Verified
INV000427,2024-02-04,118633,SIP,24006,Punjab,Amritsar,B30,56+,Female,18.6,Mandate,Verified
INV000601,2024-02-04,119093,SIP,1032,Rajasthan,Jaipur,T30,46-55,Male,52.6,UPI,Verified
INV002189,2024-02-04,119598,Redemption,547326,Uttar Pradesh,Lucknow,T30,36-45,Male,37.4,Cheque,Verified
INV000530,2024-02-04,101207,SIP,45394,West Bengal,Kolkata,T30,18-25,Male,5.3,Cheque,Verified
INV002208,2024-02-04,102887,Lumpsum,128303,Punjab,Chandigarh,T30,56+,Male,61.1,Net Banking,Verified
INV000217,2024-02-04,149322,SIP,23779,Tamil Nadu,Chennai,T30,56+,Male,50.1,Mandate,Verified
INV001375,2024-02-04,125497,SIP,891,Haryana,Gurugram,T30,18-25,Male,6.3,Net Banking,Verified
INV004509,2024-02-04,118634,SIP,577,Uttar Pradesh,Lucknow,T30,26-35,Female,20.3,Cheque,Verified
INV001026,2024-02-04,119093,SIP,595,Haryana,Gurugram,T30,26-35,Male,12.1,Net Banking,Verified
INV002888,2024-02-04,149323,Redemption,33098,Rajasthan,Udaipur,B30,26-35,Male,9.2,Mandate,Verified
INV001985,2024-02-04,120844,SIP,52807,Gujarat,Surat,T30,36-45,Male,46.6,Mandate,Verified
INV002762,2024-02-04,119552,SIP,13125,Rajasthan,Udaipur,B30,26-35,Female,21.9,UPI,Pending
INV004608,2024-02-04,102887,SIP,426,Karnataka,Bangalore,T30,26-35,Female,23.3,Mandate,Verified
INV003206,2024-02-04,119599,SIP,8094,Gujarat,Ahmedabad,T30,26-35,Male,24.1,UPI,Verified
INV004797,2024-02-04,148568,Lumpsum,111473,Gujarat,Ahmedabad,T30,56+,Male,18.9,UPI,Verified
INV004471,2024-02-04,120504,SIP,7699,Delhi,New Delhi,T30,26-35,Female,20.2,Mandate,Verified
INV000082,2024-02-04,118632,SIP,8988,Rajasthan,Udaipur,B30,26-35,Female,19.6,Net Banking,Verified
INV002540,2024-02-04,120507,SIP,1027,Uttar Pradesh,Agra,B30,26-35,Male,10.8,UPI,Verified
INV002077,2024-02-04,149324,SIP,1957,West Bengal,Kolkata,T30,18-25,Female,6.3,Net Banking,Verified
INV001501,2024-02-04,118636,SIP,52506,Punjab,Amritsar,B30,26-35,Male,11.3,Cheque,Verified
INV000308,2024-02-04,119120,SIP,4679,West Bengal,Kolkata,T30,36-45,Male,52.4,Net Banking,Verified
INV001055,2024-02-04,118633,Redemption,90945,Haryana,Gurugram,T30,26-35,Female,17.6,Net Banking,Verified
INV003509,2024-02-04,119599,Redemption,207616,Haryana,Gurugram,T30,36-45,Male,14.5,Mandate,Verified
INV001874,2024-02-04,100016,Redemption,158701,Telangana,Hyderabad,T30,36-45,Male,21.3,UPI,Verified
INV001052,2024-02-04,119120,SIP,10344,Karnataka,Mysore,B30,26-35,Female,8.6,Cheque,Verified
INV001440,2024-02-04,120505,SIP,59176,West Bengal,Kolkata,T30,26-35,Male,11.3,Mandate,Verified
INV002637,2024-02-04,119120,SIP,10350,Telangana,Hyderabad,T30,26-35,Male,14.4,UPI,Verified
INV003003,2024-02-04,101207,SIP,2273,West Bengal,Kolkata,T30,18-25,Female,3.1,Cheque,Verified
INV003402,2024-02-04,119095,Redemption,387350,Telangana,Hyderabad,T30,26-35,Male,20.5,Net Banking,Verified
INV003575,2024-02-04,118632,SIP,11511,West Bengal,Kolkata,T30,18-25,Male,4.7,Net Banking,Verified
INV002494,2024-02-04,149323,Lumpsum,225255,Delhi,Noida,T30,46-55,Male,40.0,Cheque,Verified
INV002747,2024-02-04,101207,Lumpsum,277189,Haryana,Faridabad,B30,46-55,Male,34.0,Mandate,Verified
INV002903,2024-02-04,119598,SIP,5656,Madhya Pradesh,Indore,T30,36-45,Male,45.0,Mandate,Verified
INV002746,2024-02-04,119551,SIP,971,Delhi,Noida,T30,26-35,Male,23.2,Cheque,Verified
INV001281,2024-02-04,101207,SIP,6310,Telangana,Hyderabad,T30,18-25,Male,7.9,Mandate,Verified
INV004322,2024-02-04,120506,SIP,11124,Tamil Nadu,Chennai,T30,26-35,Female,19.8,Cheque,Verified
INV003396,2024-02-04,118636,SIP,5743,Karnataka,Mysore,B30,26-35,Male,23.4,UPI,Pending
INV003592,2024-02-04,120504,Lumpsum,233610,Madhya Pradesh,Indore,T30,56+,Female,27.6,Net Banking,Verified
INV003248,2024-02-04,149323,Lumpsum,125839,Karnataka,Mysore,B30,26-35,Male,6.5,Mandate,Verified
INV004075,2024-02-04,118635,SIP,7599,Rajasthan,Jaipur,T30,36-45,Male,56.5,Cheque,Verified
INV001092,2024-02-04,125498,SIP,5426,Haryana,Gurugram,T30,26-35,Male,14.9,Net Banking,Verified
INV004977,2024-02-04,148568,Redemption,433488,Gujarat,Surat,T30,18-25,Male,5.4,Mandate,Verified
INV001070,2024-02-04,100033,Redemption,107685,Tamil Nadu,Coimbatore,B30,26-35,Male,11.9,UPI,Verified
INV004553,2024-02-04,120842,SIP,17688,Tamil Nadu,Coimbatore,B30,26-35,Male,13.7,Net Banking,Verified
INV001738,2024-02-04,120506,Redemption,381722,Karnataka,Bangalore,T30,36-45,Female,41.2,UPI,Verified
INV002774,2024-02-04,118634,SIP,22224,Haryana,Gurugram,T30,36-45,Male,58.4,UPI,Verified
INV004701,2024-02-04,125497,SIP,577,Haryana,Gurugram,T30,26-35,Male,7.3,Mandate,Verified
INV000558,2024-02-04,101208,Redemption,204735,Punjab,Chandigarh,T30,56+,Female,22.1,Cheque,Verified
INV000235,2024-02-04,120505,Redemption,10721,Delhi,New Delhi,T30,26-35,Male,8.5,Net Banking,Verified
INV004630,2024-02-04,119552,SIP,5964,Madhya Pradesh,Bhopal,B30,26-35,Female,6.3,Mandate,Verified
INV004987,2024-02-04,120503,SIP,24694,Telangana,Hyderabad,T30,46-55,Male,37.1,Mandate,Verified
INV003219,2024-02-04,148568,Lumpsum,357929,Maharashtra,Pune,T30,46-55,Male,57.8,Cheque,Verified
INV003758,2024-02-04,120507,Redemption,195851,Maharashtra,Pune,T30,26-35,Female,11.2,Net Banking,Verified
INV003954,2024-02-04,101207,SIP,2220,Rajasthan,Udaipur,B30,26-35,Male,7.1,Net Banking,Verified
INV003448,2024-02-04,125497,SIP,2571,Rajasthan,Udaipur,B30,26-35,Male,16.4,Net Banking,Verified
INV000978,2024-02-04,102885,SIP,3416,West Bengal,Kolkata,T30,26-35,Male,18.6,Mandate,Verified
INV003992,2024-02-04,125498,SIP,420,Madhya Pradesh,Bhopal,B30,46-55,Female,86.8,Cheque,Verified
INV002162,2024-02-04,120504,SIP,8820,Madhya Pradesh,Indore,T30,46-55,Male,40.2,Cheque,Verified
INV001215,2024-02-04,149323,SIP,9930,Haryana,Gurugram,T30,36-45,Female,39.3,Net Banking,Verified
INV000770,2024-02-04,118633,Redemption,42493,Maharashtra,Mumbai,T30,36-45,Male,43.0,Mandate,Verified
INV001748,2024-02-04,119094,Redemption,71501,Gujarat,Ahmedabad,T30,36-45,Female,16.2,UPI,Verified
INV002298,2024-02-04,119552,Lumpsum,101163,Maharashtra,Nashik,B30,56+,Male,45.3,Cheque,Verified
INV000100,2024-02-04,101206,SIP,2702,Rajasthan,Udaipur,B30,56+,Male,57.2,UPI,Verified
INV003588,2024-02-04,119095,Redemption,261162,Gujarat,Ahmedabad,T30,36-45,Female,29.3,Mandate,Verified
INV000104,2024-02-04,119598,Redemption,431406,Madhya Pradesh,Indore,T30,26-35,Male,8.1,Cheque,Verified
INV001087,2024-02-04,148568,SIP,7434,Rajasthan,Udaipur,B30,26-35,Female,20.6,Net Banking,Pending
INV000649,2024-02-05,120505,Lumpsum,382850,Tamil Nadu,Chennai,T30,36-45,Male,27.3,Mandate,Verified
INV003733,2024-02-05,120505,SIP,495,Telangana,Hyderabad,T30,26-35,Male,12.6,Mandate,Verified
INV004598,2024-02-05,125497,SIP,3333,Tamil Nadu,Chennai,T30,46-55,Male,60.5,Mandate,Verified
INV002186,2024-02-05,120843,SIP,868,Haryana,Faridabad,B30,18-25,Female,7.9,UPI,Pending
INV002165,2024-02-05,120844,Lumpsum,382371,Telangana,Hyderabad,T30,46-55,Male,46.2,Mandate,Verified
INV003193,2024-02-05,120503,Lumpsum,232787,Rajasthan,Jaipur,T30,36-45,Male,40.4,Cheque,Verified
INV002543,2024-02-05,120841,SIP,6782,Madhya Pradesh,Indore,T30,18-25,Female,7.7,Mandate,Verified
INV003888,2024-02-05,102887,SIP,26053,Telangana,Hyderabad,T30,56+,Female,8.6,UPI,Verified
INV004422,2024-02-05,120844,SIP,3082,Karnataka,Bangalore,T30,36-45,Female,18.1,Mandate,Verified
INV001049,2024-02-05,120506,SIP,8343,Madhya Pradesh,Indore,T30,36-45,Female,52.5,Mandate,Verified
INV002675,2024-02-05,149322,SIP,1149,Uttar Pradesh,Agra,B30,36-45,Male,17.9,UPI,Verified
INV004338,2024-02-05,120841,SIP,581,Maharashtra,Mumbai,T30,46-55,Female,82.5,Net Banking,Verified
INV000086,2024-02-05,101206,SIP,6000,Karnataka,Mysore,B30,18-25,Female,4.1,Mandate,Verified
INV002276,2024-02-05,120507,SIP,2502,Telangana,Hyderabad,T30,46-55,Male,88.0,Net Banking,Verified
INV003511,2024-02-05,149323,SIP,5613,Haryana,Gurugram,T30,46-55,Male,36.8,UPI,Verified
INV000349,2024-02-05,120507,SIP,1002,Maharashtra,Mumbai,T30,18-25,Female,3.8,Cheque,Verified
INV004926,2024-02-05,120506,Lumpsum,272494,Karnataka,Mysore,B30,36-45,Male,45.3,UPI,Verified
INV002311,2024-02-05,120504,Redemption,216346,Rajasthan,Udaipur,B30,36-45,Male,31.5,Mandate,Verified
INV003955,2024-02-05,125498,SIP,5906,Gujarat,Ahmedabad,T30,26-35,Female,8.9,Net Banking,Verified
INV001837,2024-02-05,119120,Redemption,73584,Uttar Pradesh,Agra,B30,18-25,Male,5.5,Net Banking,Verified
INV002622,2024-02-05,119095,Lumpsum,41779,Karnataka,Mysore,B30,18-25,Female,4.0,UPI,Pending
INV004933,2024-02-05,101208,Lumpsum,14143,Karnataka,Bangalore,T30,46-55,Female,65.3,Cheque,Verified
INV003190,2024-02-05,119598,Redemption,17589,Punjab,Chandigarh,T30,26-35,Female,19.6,UPI,Verified
INV003977,2024-02-05,149322,Lumpsum,385897,Rajasthan,Udaipur,B30,46-55,Male,77.8,Mandate,Verified
INV004374,2024-02-05,102887,Lumpsum,314663,Maharashtra,Nashik,B30,36-45,Female,16.5,Mandate,Verified
INV001985,2024-02-05,102886,Lumpsum,155130,Gujarat,Surat,T30,36-45,Male,46.6,Mandate,Verified
INV003748,2024-02-05,119120,SIP,2182,Madhya Pradesh,Indore,T30,46-55,Male,66.4,UPI,Verified
INV000120,2024-02-05,120844,Lumpsum,16981,Tamil Nadu,Chennai,T30,26-35,Male,24.4,UPI,Verified
INV004545,2024-02-05,100025,SIP,1077,Madhya Pradesh,Indore,T30,26-35,Male,12.8,Net Banking,Verified
INV002420,2024-02-05,148567,Redemption,261674,Karnataka,Mysore,B30,26-35,Female,6.4,Cheque,Verified
INV004813,2024-02-05,102887,SIP,51978,West Bengal,Kolkata,T30,26-35,Male,13.9,Cheque,Verified
INV002143,2024-02-05,148569,Lumpsum,90085,Uttar Pradesh,Lucknow,T30,26-35,Male,11.8,UPI,Verified
INV000769,2024-02-05,101206,Redemption,556620,West Bengal,Kolkata,T30,36-45,Male,41.1,Mandate,Verified
INV003765,2024-02-05,100016,SIP,6655,Uttar Pradesh,Kanpur,B30,26-35,Male,11.1,UPI,Verified
INV002323,2024-02-05,119092,SIP,8521,West Bengal,Kolkata,T30,36-45,Female,33.7,UPI,Verified
INV004802,2024-02-05,101208,SIP,50464,Uttar Pradesh,Kanpur,B30,26-35,Male,20.9,UPI,Verified
INV000893,2024-02-05,119095,SIP,4668,Punjab,Chandigarh,T30,46-55,Male,35.3,Mandate,Verified
INV003591,2024-02-05,100033,Lumpsum,293078,Haryana,Faridabad,B30,26-35,Female,8.8,Net Banking,Verified
INV003477,2024-02-05,120503,SIP,2697,Delhi,Gurugram,T30,36-45,Female,23.1,Net Banking,Verified
INV003427,2024-02-05,120506,SIP,21474,West Bengal,Kolkata,T30,18-25,Male,4.4,Net Banking,Verified
INV003427,2024-02-05,125498,Lumpsum,423322,West Bengal,Kolkata,T30,18-25,Male,4.4,Mandate,Verified
INV000596,2024-02-05,149322,SIP,499,Madhya Pradesh,Indore,T30,56+,Male,21.3,Net Banking,Verified
INV003716,2024-02-05,120507,SIP,2086,Uttar Pradesh,Kanpur,B30,36-45,Male,37.7,Cheque,Pending
INV002654,2024-02-05,149323,SIP,11150,Delhi,New Delhi,T30,36-45,Female,38.2,Net Banking,Verified
INV000235,2024-02-05,120844,Lumpsum,337952,Delhi,New Delhi,T30,26-35,Male,8.5,Cheque,Verified
INV001694,2024-02-05,118632,SIP,2051,Punjab,Amritsar,B30,46-55,Female,36.8,Net Banking,Verified
INV000851,2024-02-05,149322,SIP,532,Tamil Nadu,Chennai,T30,36-45,Male,39.2,Cheque,Verified
INV001485,2024-02-05,119552,SIP,2327,Rajasthan,Jaipur,T30,56+,Female,24.4,UPI,Pending
INV001154,2024-02-05,119093,SIP,7739,Delhi,Noida,T30,36-45,Female,34.8,Mandate,Verified
INV001472,2024-02-05,125497,SIP,5008,West Bengal,Kolkata,T30,18-25,Male,5.4,UPI,Verified
INV003907,2024-02-05,120842,Redemption,342434,Gujarat,Surat,T30,46-55,Male,62.6,Mandate,Pending
INV003052,2024-02-05,101207,SIP,2505,Karnataka,Mysore,B30,18-25,Female,7.0,UPI,Verified
INV004181,2024-02-05,148568,SIP,54785,Uttar Pradesh,Lucknow,T30,26-35,Female,17.8,Cheque,Pending
INV003641,2024-02-05,120842,SIP,6757,Telangana,Hyderabad,T30,26-35,Female,13.1,Net Banking,Verified
INV001402,2024-02-05,118634,Lumpsum,402157,Tamil Nadu,Chennai,T30,26-35,Male,15.2,UPI,Verified
INV001316,2024-02-05,119552,SIP,7622,Punjab,Chandigarh,T30,18-25,Male,7.3,Cheque,Verified
INV003045,2024-02-05,120505,Redemption,215621,Telangana,Hyderabad,T30,26-35,Male,12.2,Cheque,Verified
INV004834,2024-02-05,118636,SIP,46060,Delhi,New Delhi,T30,26-35,Male,20.0,Net Banking,Verified
INV001674,2024-02-05,100033,Lumpsum,191424,Delhi,Noida,T30,26-35,Male,12.0,Mandate,Verified
INV004263,2024-02-05,120844,SIP,44868,Delhi,Gurugram,T30,26-35,Female,9.6,UPI,Verified
INV004460,2024-02-05,120842,SIP,862,Haryana,Gurugram,T30,26-35,Male,24.7,UPI,Verified
INV001680,2024-02-05,119120,SIP,2074,Madhya Pradesh,Indore,T30,26-35,Male,22.8,Cheque,Verified
INV001232,2024-02-05,120843,Redemption,425570,Uttar Pradesh,Agra,B30,46-55,Female,29.8,Cheque,Verified
INV004070,2024-02-06,149323,SIP,2079,Maharashtra,Pune,T30,26-35,Male,13.8,UPI,Verified
INV004885,2024-02-06,119092,Redemption,392476,Punjab,Amritsar,B30,26-35,Male,11.7,Cheque,Verified
INV001778,2024-02-06,100025,SIP,1690,Maharashtra,Mumbai,T30,26-35,Male,9.7,Net Banking,Verified
INV001264,2024-02-06,120841,SIP,14684,Madhya Pradesh,Indore,T30,26-35,Female,12.0,UPI,Verified
INV004650,2024-02-06,125498,SIP,40747,Punjab,Chandigarh,T30,56+,Male,28.2,Net Banking,Verified
INV000764,2024-02-06,125497,SIP,5723,Punjab,Chandigarh,T30,26-35,Male,15.6,Cheque,Verified
INV002466,2024-02-06,148567,SIP,50584,Madhya Pradesh,Indore,T30,36-45,Male,36.9,Mandate,Verified
INV002389,2024-02-06,101206,SIP,7234,Haryana,Faridabad,B30,36-45,Male,50.8,Mandate,Verified
INV002674,2024-02-06,148568,SIP,5913,Karnataka,Mysore,B30,26-35,Female,7.4,Mandate,Verified
INV003778,2024-02-06,100025,Lumpsum,331581,Tamil Nadu,Chennai,T30,36-45,Male,59.4,Cheque,Verified
INV003388,2024-02-06,125497,Redemption,369552,Haryana,Faridabad,B30,56+,Female,39.3,UPI,Verified
INV003735,2024-02-06,102886,Lumpsum,304314,Gujarat,Ahmedabad,T30,36-45,Female,13.9,Cheque,Verified
INV002712,2024-02-06,148567,SIP,530,Karnataka,Bangalore,T30,46-55,Male,24.8,Net Banking,Verified
INV004009,2024-02-06,120844,Lumpsum,405560,Gujarat,Ahmedabad,T30,18-25,Male,5.6,Cheque,Verified
INV002192,2024-02-06,120842,Redemption,425823,Uttar Pradesh,Lucknow,T30,18-25,Male,6.9,Net Banking,Verified
INV001127,2024-02-06,102887,SIP,17971,West Bengal,Kolkata,T30,26-35,Female,14.9,Mandate,Verified
INV004237,2024-02-06,119095,SIP,22032,Haryana,Faridabad,B30,36-45,Male,14.1,Net Banking,Verified
INV004745,2024-02-06,118636,SIP,2329,West Bengal,Kolkata,T30,18-25,Male,5.2,UPI,Verified
INV003382,2024-02-06,120506,Lumpsum,183930,Karnataka,Bangalore,T30,26-35,Male,19.8,Net Banking,Verified
INV001954,2024-02-06,120844,SIP,9193,Uttar Pradesh,Agra,B30,26-35,Male,15.6,Mandate,Verified
INV004474,2024-02-06,100033,Redemption,105224,West Bengal,Kolkata,T30,46-55,Male,16.5,Net Banking,Verified
INV000829,2024-02-06,100033,SIP,1144,West Bengal,Kolkata,T30,26-35,Female,23.1,Mandate,Verified
INV000093,2024-02-06,120842,Redemption,298836,Maharashtra,Mumbai,T30,36-45,Female,59.0,Net Banking,Verified
INV003132,2024-02-06,102885,SIP,2158,Maharashtra,Pune,T30,56+,Male,60.7,Net Banking,Verified
INV003488,2024-02-06,119599,SIP,2502,Gujarat,Surat,T30,46-55,Male,37.3,Net Banking,Verified
INV004535,2024-02-06,120506,SIP,2941,Gujarat,Surat,T30,26-35,Female,19.2,Net Banking,Verified
INV001377,2024-02-06,100033,SIP,14512,Maharashtra,Mumbai,T30,56+,Female,64.7,UPI,Verified
INV002545,2024-02-06,100025,Lumpsum,392434,Haryana,Faridabad,B30,36-45,Male,31.5,UPI,Verified
INV001773,2024-02-06,119551,SIP,24097,Punjab,Chandigarh,T30,26-35,Male,21.4,UPI,Verified
INV003533,2024-02-06,119598,Redemption,175228,Telangana,Hyderabad,T30,56+,Female,11.4,UPI,Verified
INV000623,2024-02-06,119552,Lumpsum,118495,Tamil Nadu,Chennai,T30,46-55,Male,48.9,Cheque,Verified
INV003592,2024-02-06,148567,SIP,584,Madhya Pradesh,Indore,T30,56+,Female,27.6,UPI,Verified
INV004349,2024-02-06,119094,Lumpsum,363843,Haryana,Gurugram,T30,26-35,Female,9.3,Cheque,Verified
INV003459,2024-02-06,119599,Redemption,372093,Karnataka,Mysore,B30,26-35,Female,23.5,Mandate,Verified
INV002107,2024-02-06,119551,Lumpsum,214437,Telangana,Hyderabad,T30,26-35,Male,18.2,Mandate,Verified
INV000654,2024-02-06,120507,Lumpsum,132356,Rajasthan,Udaipur,B30,18-25,Female,7.9,Cheque,Verified
INV002983,2024-02-06,102886,Lumpsum,462016,Karnataka,Mysore,B30,18-25,Male,6.2,Cheque,Verified
INV004102,2024-02-06,148569,Lumpsum,285638,Tamil Nadu,Coimbatore,B30,26-35,Female,6.6,Cheque,Verified
INV001102,2024-02-06,119552,SIP,2659,West Bengal,Kolkata,T30,46-55,Male,22.2,Mandate,Verified
INV003437,2024-02-06,101208,SIP,1125,Punjab,Amritsar,B30,46-55,Female,51.0,UPI,Verified
INV003321,2024-02-06,101208,SIP,2948,Karnataka,Bangalore,T30,46-55,Male,22.5,Mandate,Pending
INV000478,2024-02-06,102887,Lumpsum,324644,Gujarat,Surat,T30,36-45,Female,16.5,Mandate,Verified
INV002184,2024-02-06,148568,SIP,20685,Uttar Pradesh,Agra,B30,36-45,Female,38.1,Mandate,Verified
INV001394,2024-02-06,102887,SIP,8348,Karnataka,Bangalore,T30,56+,Male,42.9,Net Banking,Verified
INV004813,2024-02-06,120844,Redemption,373619,West Bengal,Kolkata,T30,26-35,Male,13.9,Mandate,Verified
INV000547,2024-02-06,120844,Redemption,68688,West Bengal,Kolkata,T30,26-35,Male,16.6,Cheque,Verified
INV003458,2024-02-06,100016,SIP,6309,Gujarat,Surat,T30,36-45,Male,21.3,Mandate,Verified
INV000205,2024-02-06,119598,SIP,13905,Haryana,Faridabad,B30,18-25,Male,4.4,UPI,Verified
INV001804,2024-02-06,102887,SIP,25819,Punjab,Amritsar,B30,26-35,Male,20.1,Net Banking,Verified
INV003232,2024-02-06,149323,SIP,20534,Maharashtra,Pune,T30,36-45,Female,30.9,Net Banking,Verified
INV000924,2024-02-06,118634,SIP,523,Haryana,Gurugram,T30,36-45,Male,43.6,Net Banking,Verified
INV003844,2024-02-06,119552,Lumpsum,230863,Maharashtra,Nashik,B30,26-35,Female,15.9,Net Banking,Pending
INV002611,2024-02-06,120503,Lumpsum,322513,West Bengal,Kolkata,T30,26-35,Male,21.5,Mandate,Pending
INV001708,2024-02-06,120843,SIP,17226,Haryana,Faridabad,B30,18-25,Male,7.7,Mandate,Pending
INV000196,2024-02-06,119120,Lumpsum,349242,Tamil Nadu,Chennai,T30,26-35,Male,17.9,Mandate,Pending
INV004295,2024-02-06,118633,SIP,6945,Karnataka,Bangalore,T30,36-45,Male,50.6,Cheque,Verified
INV000944,2024-02-06,120504,SIP,6961,Haryana,Faridabad,B30,36-45,Female,16.9,Cheque,Verified
INV003449,2024-02-06,120843,Lumpsum,248375,Gujarat,Ahmedabad,T30,56+,Male,10.0,Net Banking,Verified
INV001697,2024-02-06,148567,SIP,2646,Haryana,Gurugram,T30,18-25,Male,5.4,UPI,Verified
INV003707,2024-02-06,119092,SIP,20688,Telangana,Hyderabad,T30,36-45,Female,55.5,Net Banking,Verified
INV002941,2024-02-06,120842,SIP,15219,Rajasthan,Udaipur,B30,36-45,Female,59.2,Net Banking,Verified
INV004294,2024-02-06,120841,Redemption,44268,Punjab,Chandigarh,T30,56+,Female,76.0,UPI,Verified
INV000598,2024-02-06,120504,SIP,22078,Karnataka,Bangalore,T30,26-35,Male,16.6,Net Banking,Verified
INV000882,2024-02-06,120841,SIP,1139,Madhya Pradesh,Indore,T30,56+,Male,70.9,Cheque,Verified
INV001603,2024-02-06,120507,SIP,11116,Uttar Pradesh,Agra,B30,46-55,Female,53.9,UPI,Verified
INV000076,2024-02-06,149323,SIP,2615,Gujarat,Ahmedabad,T30,56+,Female,67.1,Mandate,Verified
INV003815,2024-02-07,101207,SIP,11563,Gujarat,Surat,T30,36-45,Male,38.7,UPI,Verified
INV003077,2024-02-07,120504,SIP,8989,Tamil Nadu,Coimbatore,B30,18-25,Female,4.6,Cheque,Verified
INV000717,2024-02-07,119551,SIP,14561,Tamil Nadu,Chennai,T30,46-55,Male,44.9,Cheque,Verified
INV001005,2024-02-07,120841,SIP,8425,Karnataka,Bangalore,T30,46-55,Male,84.6,Mandate,Verified
INV004247,2024-02-07,120843,Redemption,307363,Tamil Nadu,Chennai,T30,18-25,Male,4.9,Net Banking,Verified
INV004324,2024-02-07,119598,SIP,16930,Madhya Pradesh,Indore,T30,36-45,Male,42.4,UPI,Verified
INV000796,2024-02-07,119598,SIP,6226,Madhya Pradesh,Indore,T30,18-25,Male,5.0,UPI,Verified
INV003903,2024-02-07,149323,SIP,556,Karnataka,Mysore,B30,18-25,Female,6.6,Mandate,Verified
INV000006,2024-02-07,102885,SIP,8440,Madhya Pradesh,Bhopal,B30,46-55,Female,43.0,Cheque,Verified
INV002509,2024-02-07,120843,SIP,1750,Maharashtra,Mumbai,T30,36-45,Female,19.9,UPI,Verified
INV004659,2024-02-07,120504,SIP,13039,West Bengal,Kolkata,T30,18-25,Female,3.3,Mandate,Verified
INV001743,2024-02-07,100016,Lumpsum,467295,Telangana,Hyderabad,T30,26-35,Male,23.5,Net Banking,Verified
INV001768,2024-02-07,118635,Redemption,182986,Madhya Pradesh,Bhopal,B30,26-35,Female,14.1,Mandate,Verified
INV000131,2024-02-07,119093,Lumpsum,429819,Telangana,Hyderabad,T30,36-45,Female,16.8,Mandate,Verified
INV002319,2024-02-07,148569,Lumpsum,429375,Karnataka,Mysore,B30,26-35,Male,8.7,Cheque,Verified
INV002779,2024-02-07,119551,Lumpsum,375789,Uttar Pradesh,Lucknow,T30,26-35,Male,10.4,UPI,Verified
INV003781,2024-02-07,118633,SIP,10935,Tamil Nadu,Coimbatore,B30,26-35,Male,15.8,Mandate,Verified
INV003958,2024-02-07,120507,SIP,406,Haryana,Faridabad,B30,18-25,Male,6.6,Cheque,Verified
INV002679,2024-02-07,149324,SIP,434,Uttar Pradesh,Agra,B30,36-45,Male,33.8,Net Banking,Verified
INV003793,2024-02-07,118632,Lumpsum,261427,Delhi,New Delhi,T30,46-55,Male,94.3,Cheque,Verified
INV001114,2024-02-07,119599,SIP,2984,West Bengal,Kolkata,T30,26-35,Male,24.1,Mandate,Verified
INV000842,2024-02-07,100033,SIP,5035,Uttar Pradesh,Kanpur,B30,36-45,Female,57.0,Mandate,Verified
INV003055,2024-02-07,149322,SIP,3090,Madhya Pradesh,Indore,T30,26-35,Female,18.0,Mandate,Verified
INV003920,2024-02-07,119552,SIP,8844,Punjab,Chandigarh,T30,26-35,Male,20.3,Mandate,Verified
INV002799,2024-02-07,120841,Redemption,178301,Uttar Pradesh,Lucknow,T30,36-45,Male,50.5,Cheque,Verified
INV002102,2024-02-07,148569,Redemption,183121,Madhya Pradesh,Bhopal,B30,26-35,Male,9.2,Net Banking,Verified
INV001481,2024-02-07,148568,SIP,572,Telangana,Hyderabad,T30,26-35,Male,23.4,Cheque,Verified
INV004982,2024-02-07,148569,SIP,6601,Haryana,Faridabad,B30,18-25,Female,7.9,UPI,Verified
INV002594,2024-02-07,120841,SIP,7920,Haryana,Gurugram,T30,26-35,Male,23.7,UPI,Verified
INV001207,2024-02-07,120506,Lumpsum,338281,Karnataka,Bangalore,T30,18-25,Male,5.9,Mandate,Verified
INV001649,2024-02-07,102886,SIP,2088,Telangana,Hyderabad,T30,36-45,Male,51.5,Cheque,Verified
INV003921,2024-02-07,119599,SIP,2138,Madhya Pradesh,Bhopal,B30,46-55,Male,87.4,Cheque,Verified
INV000211,2024-02-07,118633,SIP,5668,Punjab,Chandigarh,T30,26-35,Male,17.0,Mandate,Verified
INV000709,2024-02-07,120841,SIP,26248,Telangana,Hyderabad,T30,26-35,Female,13.6,Net Banking,Verified
INV004508,2024-02-07,149322,SIP,55745,Punjab,Amritsar,B30,36-45,Female,36.5,Net Banking,Verified
INV000711,2024-02-07,119095,SIP,7483,Karnataka,Bangalore,T30,56+,Male,28.3,Mandate,Verified
INV003010,2024-02-07,118632,SIP,2722,Delhi,Gurugram,T30,36-45,Male,13.7,UPI,Verified
INV002945,2024-02-07,120503,Lumpsum,299499,Maharashtra,Nashik,B30,26-35,Male,15.6,UPI,Pending
INV001029,2024-02-07,120843,SIP,24147,Uttar Pradesh,Kanpur,B30,36-45,Male,44.2,UPI,Pending
INV004205,2024-02-07,118635,Redemption,53803,Telangana,Hyderabad,T30,56+,Female,56.9,Net Banking,Verified
INV003605,2024-02-07,120507,SIP,2237,Gujarat,Ahmedabad,T30,36-45,Male,15.5,Mandate,Verified
INV002459,2024-02-07,102887,SIP,1080,Rajasthan,Udaipur,B30,18-25,Female,5.2,Net Banking,Pending
INV002333,2024-02-07,125498,SIP,469,Uttar Pradesh,Kanpur,B30,26-35,Male,23.7,Net Banking,Verified
INV001797,2024-02-07,119092,SIP,13663,Punjab,Amritsar,B30,26-35,Female,6.8,Mandate,Verified
INV004038,2024-02-07,120843,Lumpsum,238362,Gujarat,Surat,T30,26-35,Female,24.6,Mandate,Verified
INV000028,2024-02-07,120504,SIP,2347,Gujarat,Surat,T30,18-25,Female,6.1,Cheque,Verified
INV003811,2024-02-07,148567,Redemption,352709,Gujarat,Surat,T30,46-55,Female,83.6,UPI,Verified
INV001609,2024-02-07,118633,Lumpsum,122827,Punjab,Chandigarh,T30,26-35,Female,14.0,Cheque,Verified
INV004293,2024-02-07,102885,SIP,2541,Rajasthan,Jaipur,T30,36-45,Male,54.9,Net Banking,Verified
INV002333,2024-02-07,100025,SIP,8543,Uttar Pradesh,Kanpur,B30,26-35,Male,23.7,Net Banking,Verified
INV004703,2024-02-07,125498,SIP,2671,Gujarat,Ahmedabad,T30,56+,Female,45.6,Mandate,Verified
INV002463,2024-02-07,120507,SIP,17105,Punjab,Amritsar,B30,18-25,Male,7.0,UPI,Verified
INV002913,2024-02-08,100016,SIP,945,Delhi,New Delhi,T30,56+,Male,28.5,Net Banking,Verified
INV001705,2024-02-08,120503,SIP,9047,Haryana,Faridabad,B30,46-55,Male,84.3,Cheque,Verified
INV002052,2024-02-08,148568,SIP,59607,Uttar Pradesh,Lucknow,T30,36-45,Male,50.8,Net Banking,Pending
INV000480,2024-02-08,101206,SIP,418,Maharashtra,Mumbai,T30,18-25,Male,6.2,Net Banking,Verified
INV001130,2024-02-08,120507,SIP,51224,Rajasthan,Jaipur,T30,18-25,Female,3.2,Net Banking,Verified
INV003427,2024-02-08,119552,SIP,14346,West Bengal,Kolkata,T30,18-25,Male,4.4,Net Banking,Pending
INV001207,2024-02-08,120844,SIP,8931,Karnataka,Bangalore,T30,18-25,Male,5.9,Net Banking,Verified
INV003238,2024-02-08,102886,SIP,2807,Telangana,Hyderabad,T30,26-35,Male,24.1,Net Banking,Verified
INV000749,2024-02-08,119552,SIP,26229,Uttar Pradesh,Kanpur,B30,36-45,Male,36.1,Cheque,Verified
INV002527,2024-02-08,119093,Redemption,250721,Telangana,Hyderabad,T30,18-25,Male,6.8,Net Banking,Verified
INV000101,2024-02-08,102885,SIP,40017,Madhya Pradesh,Indore,T30,26-35,Male,20.8,Cheque,Verified
INV002502,2024-02-08,120507,SIP,916,Tamil Nadu,Coimbatore,B30,26-35,Male,23.6,Cheque,Verified
INV001742,2024-02-08,119094,Lumpsum,208203,Haryana,Gurugram,T30,18-25,Male,3.5,UPI,Verified
INV001737,2024-02-08,148569,SIP,16600,Telangana,Hyderabad,T30,26-35,Female,10.1,Cheque,Verified
INV003514,2024-02-08,120844,Lumpsum,104175,Delhi,Gurugram,T30,36-45,Female,40.2,Cheque,Verified
INV000238,2024-02-08,119598,SIP,11408,Telangana,Hyderabad,T30,36-45,Male,26.3,Cheque,Verified
INV002746,2024-02-08,102887,SIP,3392,Delhi,Noida,T30,26-35,Male,23.2,Net Banking,Verified
INV001377,2024-02-08,119552,SIP,4817,Maharashtra,Mumbai,T30,56+,Female,64.7,Cheque,Verified
INV001824,2024-02-08,120844,SIP,890,Tamil Nadu,Coimbatore,B30,26-35,Female,8.9,Net Banking,Verified
INV002858,2024-02-08,118633,Redemption,13376,Rajasthan,Udaipur,B30,26-35,Male,17.4,UPI,Verified
INV002993,2024-02-08,119552,SIP,4246,Maharashtra,Pune,T30,46-55,Male,36.0,Mandate,Verified
INV003714,2024-02-08,118635,Lumpsum,378580,Punjab,Chandigarh,T30,46-55,Female,52.9,Net Banking,Pending
INV000750,2024-02-08,149322,Redemption,238042,Delhi,New Delhi,T30,26-35,Male,20.9,UPI,Verified
INV004403,2024-02-08,125497,Redemption,340618,West Bengal,Kolkata,T30,26-35,Male,17.6,Mandate,Verified
INV001747,2024-02-08,148568,SIP,514,Madhya Pradesh,Indore,T30,18-25,Female,3.8,Cheque,Verified
INV000245,2024-02-08,119598,SIP,844,Punjab,Amritsar,B30,26-35,Male,6.2,Cheque,Verified
INV000999,2024-02-08,118635,SIP,4248,Telangana,Hyderabad,T30,26-35,Male,15.6,Mandate,Verified
INV004834,2024-02-08,120507,SIP,2154,Delhi,New Delhi,T30,26-35,Male,20.0,Net Banking,Verified
INV004549,2024-02-08,149323,SIP,10465,Tamil Nadu,Chennai,T30,36-45,Male,40.7,UPI,Verified
INV000058,2024-02-08,149322,SIP,946,Maharashtra,Mumbai,T30,26-35,Male,19.9,Cheque,Verified
INV001732,2024-02-08,119093,SIP,2479,Gujarat,Surat,T30,18-25,Female,5.7,Cheque,Verified
INV003303,2024-02-08,119092,SIP,52598,Gujarat,Ahmedabad,T30,26-35,Male,15.8,Net Banking,Verified
INV002822,2024-02-08,119120,Lumpsum,35517,Karnataka,Bangalore,T30,46-55,Male,79.5,Cheque,Verified
INV000485,2024-02-08,119551,SIP,411,Rajasthan,Jaipur,T30,26-35,Male,19.5,UPI,Verified
INV000028,2024-02-08,120504,Redemption,541119,Gujarat,Surat,T30,18-25,Female,6.1,UPI,Verified
INV000378,2024-02-08,102887,Redemption,97604,Madhya Pradesh,Bhopal,B30,26-35,Male,8.7,Cheque,Verified
INV002736,2024-02-08,119599,SIP,40604,Karnataka,Mysore,B30,18-25,Female,6.2,UPI,Verified
INV001806,2024-02-08,101206,SIP,20249,Telangana,Hyderabad,T30,36-45,Male,32.6,UPI,Verified
INV003037,2024-02-08,119092,SIP,3075,Telangana,Hyderabad,T30,18-25,Female,7.6,UPI,Verified
INV004299,2024-02-08,149322,Redemption,243153,Telangana,Hyderabad,T30,26-35,Female,23.1,Mandate,Verified
INV004987,2024-02-08,120505,SIP,1098,Telangana,Hyderabad,T30,46-55,Male,37.1,UPI,Verified
INV001972,2024-02-08,101208,SIP,15934,Uttar Pradesh,Kanpur,B30,18-25,Male,4.6,UPI,Verified
INV000870,2024-02-08,149322,Lumpsum,415626,Rajasthan,Udaipur,B30,18-25,Male,5.0,Net Banking,Verified
INV002878,2024-02-08,118632,SIP,2453,Uttar Pradesh,Lucknow,T30,26-35,Female,17.4,Cheque,Verified
INV000573,2024-02-08,120842,Lumpsum,180900,Madhya Pradesh,Bhopal,B30,56+,Female,38.5,Cheque,Verified
INV000989,2024-02-08,102887,Redemption,36112,Gujarat,Surat,T30,36-45,Male,16.1,Cheque,Verified
INV002565,2024-02-08,149323,Lumpsum,291539,Rajasthan,Jaipur,T30,26-35,Male,10.0,Cheque,Verified
INV002385,2024-02-08,119092,SIP,3173,Punjab,Chandigarh,T30,26-35,Male,21.9,Mandate,Verified
INV002956,2024-02-08,118632,SIP,1186,Gujarat,Surat,T30,36-45,Female,53.7,UPI,Pending
INV000599,2024-02-08,125498,SIP,13280,Gujarat,Ahmedabad,T30,36-45,Male,24.0,Net Banking,Verified
INV002312,2024-02-08,118633,Lumpsum,414373,Delhi,Noida,T30,18-25,Female,5.5,Net Banking,Verified
INV000836,2024-02-08,125497,Redemption,538458,Haryana,Gurugram,T30,26-35,Male,24.4,Net Banking,Verified
INV004138,2024-02-08,149322,SIP,2913,Madhya Pradesh,Indore,T30,36-45,Male,18.2,Net Banking,Verified
INV002238,2024-02-08,119093,SIP,404,Gujarat,Surat,T30,36-45,Male,58.3,Mandate,Verified
INV001990,2024-02-08,120503,Lumpsum,161171,Punjab,Amritsar,B30,26-35,Male,9.3,Cheque,Verified
INV003295,2024-02-08,102887,Lumpsum,91319,Gujarat,Ahmedabad,T30,26-35,Male,20.8,UPI,Verified
INV004891,2024-02-08,101207,SIP,1037,Telangana,Hyderabad,T30,46-55,Female,83.5,Cheque,Verified
INV004282,2024-02-08,118636,Redemption,15542,Punjab,Amritsar,B30,26-35,Male,20.8,Net Banking,Verified
INV003102,2024-02-08,120507,SIP,20842,Maharashtra,Pune,T30,18-25,Male,4.3,Cheque,Verified
INV003479,2024-02-08,100016,SIP,2705,West Bengal,Kolkata,T30,36-45,Female,44.7,Cheque,Verified
INV001687,2024-02-08,120503,SIP,2137,West Bengal,Kolkata,T30,26-35,Male,7.6,UPI,Verified
INV001630,2024-02-08,101207,SIP,24785,Telangana,Hyderabad,T30,36-45,Male,15.4,Mandate,Verified
INV001461,2024-02-08,120506,SIP,2654,Telangana,Hyderabad,T30,26-35,Female,13.5,Cheque,Verified
INV002115,2024-02-08,100033,SIP,1764,Punjab,Chandigarh,T30,56+,Female,71.4,Net Banking,Verified
INV000651,2024-02-08,118636,SIP,5430,Delhi,New Delhi,T30,18-25,Male,6.0,UPI,Verified
INV002974,2024-02-08,119095,Lumpsum,508060,Telangana,Hyderabad,T30,26-35,Female,21.9,UPI,Pending
INV003075,2024-02-08,119092,SIP,21025,Delhi,Gurugram,T30,46-55,Male,83.5,Net Banking,Verified
INV000103,2024-02-08,101206,SIP,2088,Punjab,Chandigarh,T30,26-35,Female,18.2,Net Banking,Verified
INV000176,2024-02-08,100025,SIP,7430,Rajasthan,Jaipur,T30,26-35,Male,13.4,Mandate,Verified
INV003873,2024-02-08,119599,Lumpsum,288580,Telangana,Hyderabad,T30,36-45,Female,37.2,Cheque,Verified
INV001079,2024-02-08,120842,Redemption,237069,West Bengal,Kolkata,T30,26-35,Male,10.1,Net Banking,Verified
INV003134,2024-02-08,125497,Lumpsum,174678,Telangana,Hyderabad,T30,36-45,Female,41.3,Net Banking,Verified
INV001956,2024-02-09,100016,SIP,3348,Rajasthan,Jaipur,T30,26-35,Male,22.1,UPI,Verified
INV004682,2024-02-09,148569,SIP,3275,Telangana,Hyderabad,T30,26-35,Female,8.7,UPI,Verified
INV000784,2024-02-09,148568,SIP,1886,Tamil Nadu,Chennai,T30,36-45,Male,19.6,UPI,Verified
INV003844,2024-02-09,120505,Lumpsum,186986,Maharashtra,Nashik,B30,26-35,Female,15.9,UPI,Verified
INV004527,2024-02-09,148569,Redemption,8155,West Bengal,Kolkata,T30,36-45,Male,39.6,Cheque,Verified
INV003896,2024-02-09,149324,Redemption,321990,Haryana,Faridabad,B30,56+,Female,14.3,Mandate,Verified
INV004101,2024-02-09,118635,SIP,536,Telangana,Hyderabad,T30,46-55,Male,44.6,UPI,Pending
INV002666,2024-02-09,125497,Redemption,349989,Madhya Pradesh,Bhopal,B30,46-55,Female,93.7,Cheque,Verified
INV003561,2024-02-09,148569,Lumpsum,156509,West Bengal,Kolkata,T30,26-35,Male,22.0,UPI,Verified
INV002578,2024-02-09,119552,SIP,3240,Telangana,Hyderabad,T30,26-35,Male,20.9,Mandate,Verified
INV001315,2024-02-09,119092,SIP,5371,Telangana,Hyderabad,T30,46-55,Female,32.9,UPI,Verified
INV000989,2024-02-09,119095,Lumpsum,151418,Gujarat,Surat,T30,36-45,Male,16.1,Mandate,Verified
INV003090,2024-02-09,148567,Redemption,153727,Karnataka,Bangalore,T30,26-35,Male,16.9,Net Banking,Verified
INV003580,2024-02-09,148569,SIP,2094,Gujarat,Ahmedabad,T30,26-35,Male,22.5,UPI,Verified
INV004643,2024-02-09,148567,SIP,45144,Delhi,Noida,T30,26-35,Female,12.4,Mandate,Verified
INV003011,2024-02-09,118635,SIP,2340,Gujarat,Ahmedabad,T30,18-25,Male,4.4,Cheque,Verified
INV000844,2024-02-09,118636,SIP,2323,Gujarat,Surat,T30,26-35,Male,6.5,Mandate,Verified
INV000460,2024-02-09,118636,Lumpsum,422591,Delhi,Noida,T30,36-45,Male,47.1,Net Banking,Verified
INV003058,2024-02-09,100033,Lumpsum,133071,Karnataka,Mysore,B30,36-45,Male,46.2,UPI,Verified
INV004922,2024-02-09,101207,SIP,1168,Haryana,Gurugram,T30,56+,Male,28.2,Mandate,Verified
INV000873,2024-02-09,102887,SIP,26338,Uttar Pradesh,Lucknow,T30,26-35,Male,8.9,Cheque,Verified
INV004907,2024-02-09,148567,Lumpsum,327568,Gujarat,Ahmedabad,T30,26-35,Male,20.7,Cheque,Verified
INV001948,2024-02-09,125497,SIP,17330,Tamil Nadu,Coimbatore,B30,18-25,Female,4.2,Net Banking,Verified
INV003398,2024-02-09,148568,Lumpsum,147259,Karnataka,Bangalore,T30,36-45,Male,42.0,Mandate,Verified
INV002660,2024-02-09,118635,SIP,4653,Uttar Pradesh,Lucknow,T30,36-45,Male,28.2,Cheque,Verified
INV003388,2024-02-09,119551,SIP,20337,Haryana,Faridabad,B30,56+,Female,39.3,Mandate,Verified
INV002050,2024-02-09,148567,SIP,1146,Tamil Nadu,Chennai,T30,18-25,Female,7.2,Mandate,Verified
INV001718,2024-02-09,120504,SIP,7247,Gujarat,Ahmedabad,T30,26-35,Male,11.3,Cheque,Verified
INV001557,2024-02-09,148568,SIP,2013,Haryana,Gurugram,T30,26-35,Female,10.5,UPI,Pending
INV004261,2024-02-09,100016,SIP,1073,West Bengal,Kolkata,T30,56+,Male,49.8,UPI,Verified
INV001546,2024-02-09,102886,Lumpsum,190676,Punjab,Chandigarh,T30,26-35,Female,9.5,UPI,Verified
INV001878,2024-02-09,101206,Lumpsum,95295,West Bengal,Kolkata,T30,26-35,Male,7.8,Cheque,Verified
INV003759,2024-02-09,120843,Redemption,242761,Haryana,Gurugram,T30,26-35,Male,6.1,Net Banking,Pending
INV000968,2024-02-09,101207,Redemption,468551,Tamil Nadu,Chennai,T30,36-45,Female,37.1,UPI,Verified
INV003913,2024-02-09,148568,SIP,2727,Telangana,Hyderabad,T30,36-45,Male,51.7,Cheque,Verified
INV001945,2024-02-09,118636,Lumpsum,77284,Gujarat,Ahmedabad,T30,26-35,Male,8.0,Net Banking,Verified
INV004697,2024-02-09,101206,Lumpsum,98770,Uttar Pradesh,Lucknow,T30,18-25,Female,5.7,Net Banking,Verified
INV000492,2024-02-09,120842,SIP,4219,Telangana,Hyderabad,T30,36-45,Male,12.4,Net Banking,Verified
INV000494,2024-02-09,120507,Lumpsum,330989,Punjab,Amritsar,B30,56+,Male,30.4,Mandate,Verified
INV000304,2024-02-09,125498,SIP,21961,West Bengal,Kolkata,T30,36-45,Male,25.6,Mandate,Verified
INV001558,2024-02-09,120503,Redemption,277830,West Bengal,Kolkata,T30,56+,Female,23.8,UPI,Verified
INV004181,2024-02-09,118636,Redemption,335973,Uttar Pradesh,Lucknow,T30,26-35,Female,17.8,Mandate,Verified
INV004570,2024-02-09,120503,Lumpsum,20120,Uttar Pradesh,Kanpur,B30,56+,Male,20.7,Mandate,Verified
INV000652,2024-02-09,120503,SIP,14859,Delhi,Gurugram,T30,26-35,Male,8.0,Mandate,Verified
INV003811,2024-02-09,120843,SIP,5663,Gujarat,Surat,T30,46-55,Female,83.6,Mandate,Verified
INV004919,2024-02-09,118633,Lumpsum,361588,Telangana,Hyderabad,T30,26-35,Male,6.6,Net Banking,Verified
INV002929,2024-02-09,119552,Redemption,173366,West Bengal,Kolkata,T30,26-35,Male,13.0,Cheque,Verified
INV001387,2024-02-09,125497,SIP,57449,Tamil Nadu,Chennai,T30,36-45,Male,37.4,Net Banking,Verified
INV001168,2024-02-09,120503,SIP,2367,West Bengal,Kolkata,T30,46-55,Male,50.9,Cheque,Verified
INV001638,2024-02-09,120506,SIP,2037,West Bengal,Kolkata,T30,36-45,Female,15.8,Cheque,Verified
INV003271,2024-02-09,125497,SIP,1147,West Bengal,Kolkata,T30,18-25,Male,4.8,Cheque,Verified
INV003621,2024-02-09,101207,Lumpsum,243743,West Bengal,Kolkata,T30,26-35,Male,18.2,Mandate,Verified
INV000280,2024-02-09,120507,SIP,3469,Punjab,Amritsar,B30,26-35,Female,22.9,Net Banking,Verified
INV002653,2024-02-09,119095,SIP,513,Gujarat,Ahmedabad,T30,26-35,Male,7.5,UPI,Verified
INV004622,2024-02-09,120841,SIP,12580,Delhi,New Delhi,T30,36-45,Male,48.8,Cheque,Verified
INV000231,2024-02-10,120506,SIP,810,Rajasthan,Udaipur,B30,26-35,Female,22.9,Net Banking,Verified
INV004491,2024-02-10,100033,Redemption,517527,Punjab,Chandigarh,T30,46-55,Male,83.6,UPI,Verified
INV003492,2024-02-10,118636,SIP,2609,Gujarat,Ahmedabad,T30,36-45,Male,35.2,Cheque,Pending
INV001151,2024-02-10,119092,SIP,2119,Uttar Pradesh,Agra,B30,26-35,Male,11.2,Net Banking,Verified
INV003342,2024-02-10,119095,Lumpsum,403886,Tamil Nadu,Chennai,T30,56+,Male,32.8,Net Banking,Verified
INV004631,2024-02-10,119094,SIP,1066,Tamil Nadu,Chennai,T30,36-45,Female,20.2,Mandate,Verified
INV004343,2024-02-10,101208,Lumpsum,49098,Madhya Pradesh,Bhopal,B30,18-25,Male,7.9,Cheque,Verified
INV003041,2024-02-10,120844,SIP,3324,Madhya Pradesh,Bhopal,B30,36-45,Male,32.0,Mandate,Verified
INV003102,2024-02-10,149324,Redemption,429666,Maharashtra,Pune,T30,18-25,Male,4.3,UPI,Verified
INV004794,2024-02-10,120507,Redemption,444025,Rajasthan,Udaipur,B30,36-45,Female,46.0,Cheque,Verified
INV003117,2024-02-10,118635,SIP,4250,Tamil Nadu,Chennai,T30,18-25,Female,6.7,Cheque,Verified
INV002374,2024-02-10,102886,Lumpsum,289422,Uttar Pradesh,Kanpur,B30,26-35,Female,8.6,Net Banking,Verified
INV003614,2024-02-10,101206,SIP,1829,Maharashtra,Mumbai,T30,26-35,Male,13.3,Net Banking,Verified
INV004364,2024-02-10,100033,SIP,2588,West Bengal,Kolkata,T30,36-45,Male,30.6,Net Banking,Verified
INV001942,2024-02-10,119599,Redemption,460832,Tamil Nadu,Coimbatore,B30,26-35,Female,20.3,Mandate,Verified
INV001345,2024-02-10,119093,Redemption,373597,Tamil Nadu,Coimbatore,B30,26-35,Male,17.3,Net Banking,Verified
INV000864,2024-02-10,119598,SIP,4232,Tamil Nadu,Chennai,T30,26-35,Female,24.9,Cheque,Verified
INV002671,2024-02-10,119095,SIP,48193,Madhya Pradesh,Indore,T30,18-25,Male,6.3,Cheque,Verified
INV000343,2024-02-10,102886,Redemption,390881,Punjab,Chandigarh,T30,36-45,Male,28.5,Cheque,Pending
INV000084,2024-02-10,119092,SIP,1800,West Bengal,Kolkata,T30,26-35,Male,11.2,Cheque,Verified
INV000225,2024-02-10,119599,SIP,8484,Delhi,New Delhi,T30,56+,Male,44.0,Mandate,Verified
INV000392,2024-02-10,102886,SIP,11778,Gujarat,Surat,T30,26-35,Female,16.6,Net Banking,Verified
INV001223,2024-02-10,101206,SIP,1693,Punjab,Amritsar,B30,56+,Male,46.0,Cheque,Verified
INV003464,2024-02-10,125498,SIP,498,Uttar Pradesh,Kanpur,B30,18-25,Male,3.0,Mandate,Verified
INV001481,2024-02-10,119599,SIP,2869,Telangana,Hyderabad,T30,26-35,Male,23.4,UPI,Verified
INV002178,2024-02-10,119093,SIP,2011,Gujarat,Ahmedabad,T30,36-45,Female,33.8,UPI,Verified
INV003823,2024-02-10,149323,Redemption,361061,Madhya Pradesh,Indore,T30,26-35,Male,10.5,UPI,Verified
INV003344,2024-02-10,120506,SIP,5512,Haryana,Gurugram,T30,36-45,Female,52.5,UPI,Verified
INV002465,2024-02-10,125497,Lumpsum,266412,Rajasthan,Jaipur,T30,26-35,Female,7.0,Mandate,Verified
INV002179,2024-02-10,119092,SIP,9741,Haryana,Gurugram,T30,26-35,Female,12.0,Mandate,Verified
INV001607,2024-02-10,100016,SIP,2145,Punjab,Amritsar,B30,26-35,Male,14.8,UPI,Verified
INV004051,2024-02-10,118635,Lumpsum,448890,Rajasthan,Udaipur,B30,36-45,Female,28.8,Cheque,Verified
INV002446,2024-02-10,120503,SIP,48349,Tamil Nadu,Coimbatore,B30,26-35,Male,12.9,Net Banking,Verified
INV000091,2024-02-10,118632,SIP,8951,Haryana,Gurugram,T30,26-35,Male,14.6,Cheque,Verified
INV004110,2024-02-10,102885,Redemption,111632,West Bengal,Kolkata,T30,18-25,Male,5.5,Net Banking,Verified
INV003938,2024-02-10,119599,SIP,2428,Delhi,Gurugram,T30,36-45,Female,15.3,Net Banking,Verified
INV001895,2024-02-10,100033,Redemption,309272,Gujarat,Ahmedabad,T30,36-45,Male,56.4,Cheque,Verified
INV001341,2024-02-10,118635,Lumpsum,185364,Madhya Pradesh,Indore,T30,46-55,Male,89.7,Mandate,Verified
INV004336,2024-02-10,125497,SIP,5181,West Bengal,Kolkata,T30,46-55,Female,35.0,UPI,Verified
INV001336,2024-02-10,118632,SIP,25876,Tamil Nadu,Coimbatore,B30,18-25,Male,5.0,Cheque,Verified
INV004656,2024-02-10,120841,Redemption,80450,Haryana,Gurugram,T30,18-25,Male,4.7,Mandate,Verified
INV003505,2024-02-10,120844,Lumpsum,85265,West Bengal,Kolkata,T30,56+,Female,53.5,UPI,Verified
INV004335,2024-02-10,148569,SIP,29873,Gujarat,Ahmedabad,T30,26-35,Female,6.6,Cheque,Verified
INV000280,2024-02-10,149324,Redemption,105293,Punjab,Amritsar,B30,26-35,Female,22.9,Cheque,Pending
INV002363,2024-02-10,149322,Redemption,190403,Punjab,Chandigarh,T30,26-35,Male,12.7,Mandate,Verified
INV002351,2024-02-10,120841,Redemption,103247,Gujarat,Ahmedabad,T30,36-45,Male,18.9,Net Banking,Verified
INV003892,2024-02-10,120842,SIP,20237,Punjab,Amritsar,B30,46-55,Male,24.4,Mandate,Verified
INV001550,2024-02-10,119552,Redemption,226758,Punjab,Chandigarh,T30,18-25,Male,4.1,UPI,Verified
INV004007,2024-02-10,120503,SIP,1187,Delhi,New Delhi,T30,18-25,Female,4.5,Mandate,Verified
INV002783,2024-02-10,102885,Lumpsum,481609,West Bengal,Kolkata,T30,26-35,Male,7.0,Net Banking,Verified
INV000429,2024-02-10,119093,Lumpsum,478857,Gujarat,Surat,T30,36-45,Female,41.7,Net Banking,Verified
INV002584,2024-02-10,148569,Redemption,449133,Tamil Nadu,Chennai,T30,36-45,Female,40.0,UPI,Pending
INV003374,2024-02-10,100033,Redemption,368247,Karnataka,Mysore,B30,26-35,Male,15.8,Net Banking,Verified
INV000958,2024-02-10,101208,SIP,58538,Delhi,Gurugram,T30,56+,Male,74.6,Net Banking,Verified
INV000266,2024-02-10,100016,Lumpsum,353928,Madhya Pradesh,Indore,T30,56+,Male,67.6,Mandate,Verified
INV001009,2024-02-10,118633,Redemption,457777,Punjab,Chandigarh,T30,26-35,Male,21.2,Cheque,Verified
INV001621,2024-02-10,119598,SIP,13567,Karnataka,Bangalore,T30,26-35,Female,10.0,UPI,Verified
INV004832,2024-02-10,120842,SIP,45352,Uttar Pradesh,Kanpur,B30,18-25,Male,3.8,UPI,Verified
INV004726,2024-02-10,119092,Lumpsum,418527,Karnataka,Bangalore,T30,26-35,Male,16.6,Cheque,Verified
INV000771,2024-02-10,101206,SIP,1186,Rajasthan,Udaipur,B30,26-35,Male,10.9,Cheque,Verified
INV000184,2024-02-10,101207,SIP,6111,Gujarat,Ahmedabad,T30,36-45,Male,53.1,Mandate,Verified
INV002295,2024-02-10,149324,SIP,2052,Telangana,Hyderabad,T30,26-35,Female,17.9,Cheque,Verified
INV002026,2024-02-10,119094,Redemption,28001,Telangana,Hyderabad,T30,26-35,Male,6.8,UPI,Verified
INV003134,2024-02-10,148568,SIP,2052,Telangana,Hyderabad,T30,36-45,Female,41.3,UPI,Verified
INV002602,2024-02-10,120507,SIP,9606,Gujarat,Surat,T30,56+,Female,45.7,Net Banking,Verified
INV003536,2024-02-10,102887,Lumpsum,395506,Maharashtra,Nashik,B30,36-45,Male,36.9,UPI,Verified
INV002735,2024-02-10,101206,Lumpsum,282938,Tamil Nadu,Coimbatore,B30,18-25,Female,7.6,Mandate,Verified
INV000303,2024-02-10,125498,SIP,8906,West Bengal,Kolkata,T30,18-25,Female,5.0,Mandate,Verified
INV000648,2024-02-10,119095,SIP,11538,Uttar Pradesh,Kanpur,B30,18-25,Female,5.8,Mandate,Verified
INV002239,2024-02-10,102887,Lumpsum,263495,Gujarat,Surat,T30,26-35,Male,8.9,Cheque,Verified
INV003484,2024-02-10,119552,SIP,40136,Madhya Pradesh,Bhopal,B30,26-35,Female,7.1,Cheque,Verified
INV002899,2024-02-11,120503,SIP,2170,Punjab,Amritsar,B30,18-25,Male,7.6,Net Banking,Verified
INV001814,2024-02-11,118632,SIP,7267,West Bengal,Kolkata,T30,26-35,Female,6.9,Mandate,Verified
INV002699,2024-02-11,120843,Redemption,16830,Gujarat,Surat,T30,18-25,Female,6.1,Net Banking,Verified
INV000888,2024-02-11,119095,SIP,4046,Gujarat,Ahmedabad,T30,26-35,Male,21.9,Mandate,Verified
INV001680,2024-02-11,120844,SIP,6204,Madhya Pradesh,Indore,T30,26-35,Male,22.8,UPI,Verified
INV000283,2024-02-11,118636,SIP,8256,West Bengal,Kolkata,T30,46-55,Male,18.1,Mandate,Verified
INV002936,2024-02-11,120841,SIP,10548,Tamil Nadu,Chennai,T30,26-35,Male,17.4,Net Banking,Verified
INV004776,2024-02-11,148568,SIP,8603,Punjab,Chandigarh,T30,36-45,Male,22.9,Cheque,Verified
INV002260,2024-02-11,125497,Lumpsum,153683,Telangana,Hyderabad,T30,26-35,Female,10.1,Mandate,Verified
INV004483,2024-02-11,120504,SIP,11681,Tamil Nadu,Chennai,T30,46-55,Female,72.3,Cheque,Verified
INV002312,2024-02-11,118632,SIP,416,Delhi,Noida,T30,18-25,Female,5.5,Cheque,Verified
INV003731,2024-02-11,119095,SIP,10490,Tamil Nadu,Coimbatore,B30,26-35,Female,9.9,Mandate,Verified
INV001612,2024-02-11,119120,Lumpsum,17271,Haryana,Gurugram,T30,26-35,Female,12.0,Mandate,Verified
INV002032,2024-02-11,149324,Lumpsum,156198,Haryana,Gurugram,T30,26-35,Male,14.2,UPI,Verified
INV000881,2024-02-11,118633,SIP,823,Uttar Pradesh,Agra,B30,26-35,Male,17.1,Mandate,Verified
INV001140,2024-02-11,119094,Redemption,525353,Uttar Pradesh,Lucknow,T30,36-45,Female,18.8,Cheque,Verified
INV002885,2024-02-11,118634,SIP,4159,Delhi,Gurugram,T30,26-35,Male,23.4,UPI,Verified
INV004695,2024-02-11,118633,SIP,5018,Gujarat,Ahmedabad,T30,26-35,Female,14.3,UPI,Verified
INV000192,2024-02-11,118635,SIP,2418,Haryana,Faridabad,B30,26-35,Male,24.4,Net Banking,Verified
INV000367,2024-02-11,120505,SIP,889,Haryana,Gurugram,T30,36-45,Male,38.5,UPI,Verified
INV000602,2024-02-11,119093,SIP,22143,West Bengal,Kolkata,T30,18-25,Male,8.0,Cheque,Verified
INV004476,2024-02-11,119093,Lumpsum,43796,Gujarat,Surat,T30,26-35,Male,9.3,Mandate,Verified
INV002904,2024-02-11,119599,Lumpsum,167862,West Bengal,Kolkata,T30,36-45,Male,52.2,Mandate,Verified
INV003819,2024-02-11,149324,SIP,9116,Haryana,Gurugram,T30,26-35,Male,19.0,Net Banking,Verified
INV001275,2024-02-11,148567,SIP,11867,Delhi,Noida,T30,36-45,Female,37.4,Cheque,Verified
INV004666,2024-02-11,120503,SIP,3043,Rajasthan,Jaipur,T30,26-35,Male,24.1,Mandate,Verified
INV002740,2024-02-11,102885,SIP,3353,Maharashtra,Mumbai,T30,26-35,Female,24.5,Net Banking,Verified
INV004067,2024-02-11,148567,SIP,1624,Delhi,Gurugram,T30,26-35,Male,8.5,Mandate,Verified
INV001198,2024-02-11,125498,SIP,2237,Maharashtra,Mumbai,T30,26-35,Female,20.4,Cheque,Verified
INV000843,2024-02-11,101206,Lumpsum,258101,Maharashtra,Mumbai,T30,26-35,Male,10.2,Cheque,Verified
INV002684,2024-02-11,101206,SIP,17621,Delhi,New Delhi,T30,36-45,Female,56.2,Net Banking,Verified
INV002847,2024-02-11,118632,SIP,12604,Haryana,Faridabad,B30,26-35,Male,13.4,Net Banking,Verified
INV004611,2024-02-11,149324,SIP,3573,Madhya Pradesh,Bhopal,B30,18-25,Female,6.1,Net Banking,Verified
INV003267,2024-02-11,125498,SIP,2216,Rajasthan,Udaipur,B30,36-45,Male,29.9,Net Banking,Pending
INV004765,2024-02-11,118634,Lumpsum,304554,Haryana,Gurugram,T30,26-35,Male,10.4,Mandate,Verified
INV001363,2024-02-11,101207,SIP,4681,Karnataka,Mysore,B30,56+,Male,29.4,Cheque,Verified
INV004411,2024-02-11,125497,Lumpsum,286112,Maharashtra,Mumbai,T30,26-35,Female,13.8,Mandate,Verified
INV004701,2024-02-11,119093,SIP,3563,Haryana,Gurugram,T30,26-35,Male,7.3,Mandate,Verified
INV002463,2024-02-11,149322,Redemption,511077,Punjab,Amritsar,B30,18-25,Male,7.0,UPI,Verified
INV004468,2024-02-11,149322,SIP,44493,Telangana,Hyderabad,T30,46-55,Female,20.8,Net Banking,Verified
INV000113,2024-02-11,102887,SIP,5409,Punjab,Chandigarh,T30,26-35,Female,7.3,UPI,Verified
INV000311,2024-02-11,148567,SIP,559,Punjab,Amritsar,B30,36-45,Male,29.2,Net Banking,Verified
INV001251,2024-02-11,119551,SIP,2647,Punjab,Chandigarh,T30,26-35,Female,11.7,Mandate,Verified
INV003528,2024-02-11,149322,SIP,55917,Madhya Pradesh,Bhopal,B30,18-25,Female,3.6,UPI,Verified
INV001727,2024-02-11,120843,Lumpsum,439105,Gujarat,Surat,T30,46-55,Female,74.1,Net Banking,Verified
INV001410,2024-02-11,102887,SIP,2613,Maharashtra,Mumbai,T30,46-55,Male,26.5,Mandate,Verified
INV002547,2024-02-11,119093,Lumpsum,532735,Haryana,Gurugram,T30,26-35,Male,7.3,Mandate,Verified
INV004849,2024-02-11,148569,Lumpsum,170264,Maharashtra,Pune,T30,46-55,Female,21.9,UPI,Verified
INV002090,2024-02-11,120505,SIP,8654,Maharashtra,Mumbai,T30,26-35,Male,23.7,Net Banking,Verified
INV002883,2024-02-11,118635,Lumpsum,207729,West Bengal,Kolkata,T30,26-35,Female,12.5,Cheque,Verified
INV000652,2024-02-11,149322,Lumpsum,382212,Delhi,Gurugram,T30,26-35,Male,8.0,Net Banking,Verified
INV002460,2024-02-11,119095,Redemption,396294,Madhya Pradesh,Bhopal,B30,36-45,Male,44.8,UPI,Verified
INV001762,2024-02-11,102886,SIP,910,Punjab,Amritsar,B30,18-25,Female,7.5,Net Banking,Verified
INV000102,2024-02-11,148568,SIP,2925,Gujarat,Surat,T30,26-35,Male,21.9,Net Banking,Verified
INV002161,2024-02-12,125498,SIP,513,Maharashtra,Nashik,B30,26-35,Male,11.4,UPI,Verified
INV001174,2024-02-12,120503,Lumpsum,101774,Maharashtra,Nashik,B30,36-45,Male,12.7,Net Banking,Verified
INV000529,2024-02-12,120843,Lumpsum,285338,Maharashtra,Mumbai,T30,18-25,Male,4.7,Net Banking,Verified
INV003567,2024-02-12,148569,Redemption,172352,Tamil Nadu,Chennai,T30,46-55,Male,76.1,Cheque,Verified
INV002126,2024-02-12,149323,SIP,868,Delhi,New Delhi,T30,26-35,Female,22.0,UPI,Verified
INV003078,2024-02-12,148568,SIP,8794,Haryana,Gurugram,T30,36-45,Male,57.5,Mandate,Verified
INV004290,2024-02-12,120843,SIP,28249,Gujarat,Ahmedabad,T30,46-55,Male,41.9,UPI,Pending
INV004617,2024-02-12,118634,SIP,12199,Karnataka,Bangalore,T30,26-35,Male,22.1,UPI,Verified
INV004403,2024-02-12,120504,SIP,6230,West Bengal,Kolkata,T30,26-35,Male,17.6,Mandate,Verified
INV002725,2024-02-12,125497,Lumpsum,484450,Rajasthan,Udaipur,B30,46-55,Female,49.2,UPI,Verified
INV001933,2024-02-12,120507,SIP,3096,Rajasthan,Udaipur,B30,26-35,Male,16.4,UPI,Verified
INV003078,2024-02-12,101206,SIP,11353,Haryana,Gurugram,T30,36-45,Male,57.5,UPI,Verified
INV004126,2024-02-12,120507,SIP,43495,Delhi,Noida,T30,26-35,Female,14.7,UPI,Pending
INV000671,2024-02-12,125498,SIP,5273,Uttar Pradesh,Agra,B30,36-45,Female,15.3,Mandate,Verified
INV003568,2024-02-12,101208,SIP,17275,Tamil Nadu,Chennai,T30,18-25,Female,5.3,Mandate,Verified
INV001181,2024-02-12,101208,SIP,2937,West Bengal,Kolkata,T30,26-35,Male,21.0,Net Banking,Verified
INV004023,2024-02-12,119599,SIP,41802,Tamil Nadu,Chennai,T30,46-55,Male,69.6,Mandate,Verified
INV000411,2024-02-12,119551,SIP,14898,West Bengal,Kolkata,T30,26-35,Female,11.1,Cheque,Verified
INV003958,2024-02-12,120843,SIP,41255,Haryana,Faridabad,B30,18-25,Male,6.6,Mandate,Verified
INV003190,2024-02-12,101207,SIP,2914,Punjab,Chandigarh,T30,26-35,Female,19.6,Cheque,Verified
INV003829,2024-02-12,119598,SIP,597,Punjab,Amritsar,B30,36-45,Male,55.6,UPI,Verified
INV003521,2024-02-12,120841,Lumpsum,88780,Rajasthan,Jaipur,T30,46-55,Male,95.4,Cheque,Verified
INV003896,2024-02-12,118632,SIP,968,Haryana,Faridabad,B30,56+,Female,14.3,Net Banking,Verified
INV004099,2024-02-12,119598,Lumpsum,320253,West Bengal,Kolkata,T30,26-35,Male,22.6,UPI,Verified
INV001706,2024-02-12,148567,Lumpsum,551842,West Bengal,Kolkata,T30,26-35,Male,14.2,Cheque,Verified
INV004594,2024-02-12,120843,Redemption,367126,Haryana,Gurugram,T30,26-35,Female,9.8,UPI,Verified
INV003494,2024-02-12,118633,SIP,855,Punjab,Chandigarh,T30,26-35,Female,18.6,UPI,Verified
INV003193,2024-02-12,125498,SIP,2157,Rajasthan,Jaipur,T30,36-45,Male,40.4,Net Banking,Verified
INV000962,2024-02-12,119093,SIP,2873,Punjab,Chandigarh,T30,26-35,Male,24.5,Mandate,Verified
INV002765,2024-02-12,120843,SIP,1148,Uttar Pradesh,Lucknow,T30,36-45,Male,57.6,Cheque,Verified
INV000645,2024-02-12,125497,SIP,6202,Karnataka,Bangalore,T30,18-25,Male,3.9,Mandate,Verified
INV003043,2024-02-12,102885,SIP,1852,Karnataka,Bangalore,T30,26-35,Male,21.2,Cheque,Verified
INV000431,2024-02-12,119599,SIP,478,Madhya Pradesh,Bhopal,B30,18-25,Female,4.6,Cheque,Verified
INV004146,2024-02-12,119095,SIP,47564,Uttar Pradesh,Agra,B30,56+,Male,40.7,UPI,Verified
INV000432,2024-02-12,100033,SIP,2375,Maharashtra,Pune,T30,18-25,Female,6.7,UPI,Verified
INV002932,2024-02-12,120503,Redemption,416231,Haryana,Gurugram,T30,36-45,Female,28.4,UPI,Verified
INV003079,2024-02-12,101206,SIP,6503,Gujarat,Surat,T30,26-35,Male,8.5,Mandate,Pending
INV000935,2024-02-12,119599,SIP,2507,Telangana,Hyderabad,T30,36-45,Male,14.6,UPI,Verified
INV003438,2024-02-12,119598,SIP,7290,Delhi,Noida,T30,26-35,Female,19.6,UPI,Verified
INV002794,2024-02-12,118634,SIP,4281,Madhya Pradesh,Bhopal,B30,56+,Male,39.9,UPI,Verified
INV003636,2024-02-12,148567,Lumpsum,112957,West Bengal,Kolkata,T30,46-55,Female,94.0,Net Banking,Verified
INV001014,2024-02-12,101207,SIP,1189,Punjab,Chandigarh,T30,18-25,Female,6.9,Net Banking,Verified
INV003379,2024-02-12,148568,Redemption,337426,Uttar Pradesh,Lucknow,T30,36-45,Male,43.2,UPI,Verified
INV001340,2024-02-12,101207,Redemption,138600,Karnataka,Mysore,B30,36-45,Male,37.6,UPI,Verified
INV000014,2024-02-12,100016,Lumpsum,258333,Tamil Nadu,Chennai,T30,18-25,Male,4.3,Cheque,Verified
INV000363,2024-02-12,119599,SIP,11864,Madhya Pradesh,Bhopal,B30,26-35,Male,22.6,Net Banking,Verified
INV000570,2024-02-12,120843,SIP,5389,Madhya Pradesh,Bhopal,B30,26-35,Male,16.2,Net Banking,Verified
INV002019,2024-02-12,120844,Lumpsum,96272,Delhi,New Delhi,T30,36-45,Male,19.8,Cheque,Verified
INV004085,2024-02-12,101208,Redemption,298503,Maharashtra,Pune,T30,36-45,Female,34.5,Mandate,Verified
INV004460,2024-02-12,119095,SIP,2911,Haryana,Gurugram,T30,26-35,Male,24.7,Net Banking,Pending
INV002542,2024-02-12,119094,Redemption,342178,Telangana,Hyderabad,T30,26-35,Female,15.9,UPI,Verified
INV000990,2024-02-12,120841,SIP,5174,West Bengal,Kolkata,T30,56+,Male,32.4,Cheque,Verified
INV000685,2024-02-12,149323,SIP,435,Karnataka,Bangalore,T30,18-25,Male,4.0,Cheque,Verified
INV003491,2024-02-12,149322,SIP,3008,Delhi,Noida,T30,46-55,Male,92.5,Net Banking,Verified
INV003225,2024-02-12,100025,Lumpsum,283739,West Bengal,Kolkata,T30,26-35,Male,9.2,Cheque,Verified
INV003426,2024-02-12,119092,Lumpsum,137087,Karnataka,Bangalore,T30,46-55,Male,27.8,Mandate,Verified
INV001692,2024-02-12,100016,SIP,15519,Rajasthan,Jaipur,T30,26-35,Male,11.7,UPI,Verified
INV003750,2024-02-12,100025,SIP,7736,Uttar Pradesh,Kanpur,B30,26-35,Female,23.6,Mandate,Verified
INV003533,2024-02-12,120843,SIP,2491,Telangana,Hyderabad,T30,56+,Female,11.4,Cheque,Verified
INV001150,2024-02-12,101207,SIP,46438,Tamil Nadu,Coimbatore,B30,26-35,Female,19.5,Net Banking,Verified
INV000260,2024-02-12,102886,Lumpsum,98111,Delhi,Gurugram,T30,18-25,Male,4.1,Cheque,Verified
INV000581,2024-02-12,102887,Lumpsum,199364,Tamil Nadu,Coimbatore,B30,36-45,Male,26.4,Mandate,Verified
INV002456,2024-02-12,100025,Lumpsum,171805,Delhi,Gurugram,T30,26-35,Male,22.5,Cheque,Verified
INV000749,2024-02-12,101206,Lumpsum,156895,Uttar Pradesh,Kanpur,B30,36-45,Male,36.1,Mandate,Verified
INV001741,2024-02-12,120841,Redemption,491114,Rajasthan,Udaipur,B30,36-45,Male,52.8,Mandate,Verified
INV003804,2024-02-12,102887,Lumpsum,376556,Karnataka,Bangalore,T30,46-55,Male,81.9,Net Banking,Verified
INV000040,2024-02-12,148567,Lumpsum,200659,Karnataka,Mysore,B30,26-35,Male,14.7,Cheque,Verified
INV004522,2024-02-12,102886,Lumpsum,269126,Punjab,Chandigarh,T30,46-55,Female,69.1,Cheque,Verified
INV002467,2024-02-12,118636,SIP,12975,Punjab,Chandigarh,T30,36-45,Male,12.3,Net Banking,Verified
INV003853,2024-02-12,120507,SIP,2655,Tamil Nadu,Coimbatore,B30,26-35,Male,16.1,Net Banking,Verified
INV004243,2024-02-12,118634,SIP,13203,Punjab,Amritsar,B30,36-45,Female,38.7,UPI,Verified
INV001507,2024-02-12,119599,Lumpsum,353564,Uttar Pradesh,Lucknow,T30,26-35,Male,20.4,Net Banking,Verified
INV003593,2024-02-12,120507,SIP,41714,Karnataka,Bangalore,T30,26-35,Female,21.6,Net Banking,Pending
INV000146,2024-02-12,118635,SIP,4460,Delhi,Gurugram,T30,26-35,Male,14.1,Cheque,Verified
INV000473,2024-02-12,120842,Redemption,491638,Karnataka,Mysore,B30,36-45,Male,15.4,UPI,Verified
INV003201,2024-02-13,120505,SIP,1917,Rajasthan,Jaipur,T30,36-45,Female,12.2,UPI,Verified
INV004641,2024-02-13,120844,SIP,2539,Haryana,Faridabad,B30,56+,Male,42.4,Net Banking,Verified
INV000291,2024-02-13,119120,SIP,3001,Madhya Pradesh,Indore,T30,18-25,Female,6.2,Mandate,Verified
INV001499,2024-02-13,118633,Lumpsum,292617,Karnataka,Mysore,B30,26-35,Male,12.9,UPI,Verified
INV002750,2024-02-13,119094,Lumpsum,108284,Madhya Pradesh,Bhopal,B30,36-45,Male,41.8,Cheque,Verified
INV004896,2024-02-13,149324,SIP,14261,Uttar Pradesh,Agra,B30,18-25,Female,3.5,UPI,Verified
INV001867,2024-02-13,119092,SIP,5405,Rajasthan,Jaipur,T30,26-35,Male,22.1,Net Banking,Verified
INV002284,2024-02-13,148569,SIP,23158,Karnataka,Bangalore,T30,36-45,Male,55.3,UPI,Pending
INV002016,2024-02-13,149323,Lumpsum,333319,Delhi,Noida,T30,46-55,Male,17.2,Net Banking,Verified
INV004945,2024-02-13,149322,Lumpsum,456798,West Bengal,Kolkata,T30,36-45,Female,56.8,Cheque,Verified
INV003127,2024-02-13,148568,Lumpsum,93578,Punjab,Amritsar,B30,46-55,Female,37.0,Mandate,Verified
INV002143,2024-02-13,118634,SIP,2054,Uttar Pradesh,Lucknow,T30,26-35,Male,11.8,Net Banking,Verified
INV002365,2024-02-13,101208,SIP,20432,Gujarat,Ahmedabad,T30,46-55,Male,76.9,UPI,Verified
INV000177,2024-02-13,119094,SIP,3452,Rajasthan,Jaipur,T30,26-35,Male,17.6,UPI,Verified
INV004289,2024-02-13,119120,SIP,1102,Karnataka,Bangalore,T30,26-35,Male,14.8,Mandate,Verified
INV001516,2024-02-13,120507,Lumpsum,318705,Tamil Nadu,Coimbatore,B30,26-35,Male,22.0,Net Banking,Verified
INV000548,2024-02-13,120506,Lumpsum,183363,Karnataka,Mysore,B30,36-45,Male,53.2,UPI,Verified
INV003756,2024-02-13,101207,SIP,2571,Telangana,Hyderabad,T30,26-35,Male,6.9,Net Banking,Verified
INV003238,2024-02-13,118636,Lumpsum,51531,Telangana,Hyderabad,T30,26-35,Male,24.1,Cheque,Verified
INV000271,2024-02-13,100033,Lumpsum,95023,Tamil Nadu,Coimbatore,B30,26-35,Female,6.4,UPI,Pending
INV003559,2024-02-13,120844,SIP,8747,Uttar Pradesh,Kanpur,B30,26-35,Female,9.4,UPI,Verified
INV003960,2024-02-13,120503,Redemption,54370,West Bengal,Kolkata,T30,26-35,Female,18.6,Cheque,Verified
INV003605,2024-02-13,119094,Lumpsum,14530,Gujarat,Ahmedabad,T30,36-45,Male,15.5,Net Banking,Verified
INV003074,2024-02-13,149323,Lumpsum,499401,Haryana,Faridabad,B30,26-35,Male,8.3,UPI,Verified
INV003086,2024-02-13,120842,SIP,444,West Bengal,Kolkata,T30,26-35,Male,20.2,Net Banking,Verified
INV001400,2024-02-13,120506,Lumpsum,223422,Tamil Nadu,Coimbatore,B30,36-45,Male,36.5,Cheque,Verified
INV004694,2024-02-13,100033,SIP,862,Gujarat,Surat,T30,26-35,Male,9.9,Cheque,Verified
INV000736,2024-02-13,102885,SIP,4215,Haryana,Faridabad,B30,36-45,Female,39.4,Cheque,Verified
INV000210,2024-02-13,102887,SIP,8374,Rajasthan,Jaipur,T30,26-35,Male,9.1,Net Banking,Verified
INV003960,2024-02-13,101208,SIP,7290,West Bengal,Kolkata,T30,26-35,Female,18.6,Mandate,Verified
INV000383,2024-02-13,120841,SIP,2723,Telangana,Hyderabad,T30,26-35,Female,23.4,UPI,Verified
INV001031,2024-02-13,102887,Lumpsum,361791,Delhi,New Delhi,T30,36-45,Female,23.0,Net Banking,Verified
INV000829,2024-02-13,120506,Lumpsum,491246,West Bengal,Kolkata,T30,26-35,Female,23.1,Mandate,Verified
INV003655,2024-02-13,118635,SIP,29776,Madhya Pradesh,Bhopal,B30,36-45,Female,24.9,Mandate,Verified
INV001998,2024-02-13,101208,Redemption,397889,Haryana,Faridabad,B30,26-35,Male,19.2,Cheque,Verified
INV004682,2024-02-13,100033,SIP,50457,Telangana,Hyderabad,T30,26-35,Female,8.7,Mandate,Verified
INV003435,2024-02-13,118633,SIP,28181,Maharashtra,Nashik,B30,26-35,Female,17.8,UPI,Verified
INV003484,2024-02-13,148569,SIP,2909,Madhya Pradesh,Bhopal,B30,26-35,Female,7.1,Cheque,Verified
INV001639,2024-02-13,148568,Lumpsum,280371,West Bengal,Kolkata,T30,56+,Male,14.3,Net Banking,Verified
INV000862,2024-02-13,101207,SIP,53172,Uttar Pradesh,Agra,B30,26-35,Female,24.4,Net Banking,Verified
INV000887,2024-02-13,120504,SIP,26100,Tamil Nadu,Coimbatore,B30,36-45,Male,53.9,Cheque,Verified
INV004154,2024-02-13,119552,SIP,6400,Karnataka,Mysore,B30,18-25,Male,4.7,Cheque,Verified
INV000078,2024-02-13,102885,Lumpsum,463630,Haryana,Faridabad,B30,26-35,Male,20.2,Cheque,Verified
INV003912,2024-02-13,102887,SIP,1194,West Bengal,Kolkata,T30,26-35,Male,8.5,Mandate,Verified
INV000683,2024-02-13,101206,SIP,4295,Maharashtra,Mumbai,T30,26-35,Female,17.4,Net Banking,Verified
INV000102,2024-02-13,119552,SIP,467,Gujarat,Surat,T30,26-35,Male,21.9,Cheque,Verified
INV000563,2024-02-13,120503,SIP,559,Uttar Pradesh,Lucknow,T30,26-35,Male,15.5,Mandate,Verified
INV004161,2024-02-13,125497,SIP,27485,Telangana,Hyderabad,T30,46-55,Male,94.7,Mandate,Verified
INV002616,2024-02-13,119095,Redemption,45118,Tamil Nadu,Coimbatore,B30,26-35,Male,21.9,UPI,Verified
INV001924,2024-02-13,100033,Redemption,394606,Karnataka,Bangalore,T30,18-25,Male,4.9,UPI,Verified
INV003369,2024-02-13,120503,SIP,10586,Delhi,Noida,T30,26-35,Male,21.4,Cheque,Verified
INV001616,2024-02-13,118635,SIP,6162,Tamil Nadu,Chennai,T30,26-35,Male,23.2,Cheque,Verified
INV000446,2024-02-13,120506,SIP,4680,Rajasthan,Jaipur,T30,26-35,Female,23.8,Mandate,Verified
INV003141,2024-02-13,119598,SIP,7264,Maharashtra,Pune,T30,36-45,Female,40.1,Mandate,Verified
INV003683,2024-02-13,119551,Lumpsum,207581,Telangana,Hyderabad,T30,26-35,Female,21.0,Net Banking,Verified
INV002003,2024-02-13,119120,SIP,29381,Delhi,New Delhi,T30,26-35,Female,20.1,UPI,Verified
INV000165,2024-02-13,148567,Lumpsum,159345,Punjab,Chandigarh,T30,36-45,Female,18.8,Cheque,Pending
INV003101,2024-02-13,118636,Redemption,425458,Tamil Nadu,Chennai,T30,26-35,Female,24.8,Cheque,Verified
INV000978,2024-02-13,119092,SIP,2359,West Bengal,Kolkata,T30,26-35,Male,18.6,Cheque,Verified
INV000294,2024-02-13,118635,SIP,14443,Maharashtra,Nashik,B30,36-45,Female,30.8,Mandate,Verified
INV002038,2024-02-13,101207,Lumpsum,435729,Madhya Pradesh,Bhopal,B30,26-35,Male,20.6,Net Banking,Verified
INV000935,2024-02-13,120505,SIP,53028,Telangana,Hyderabad,T30,36-45,Male,14.6,Cheque,Verified
INV003169,2024-02-13,100033,Lumpsum,412610,Telangana,Hyderabad,T30,26-35,Female,11.2,UPI,Verified
INV004145,2024-02-13,149323,SIP,12320,Gujarat,Surat,T30,18-25,Male,4.9,Cheque,Verified
INV002720,2024-02-13,119093,SIP,1066,Karnataka,Bangalore,T30,26-35,Male,19.2,Net Banking,Verified
INV000112,2024-02-13,119120,SIP,11029,Tamil Nadu,Chennai,T30,26-35,Male,20.5,Net Banking,Verified
INV000083,2024-02-13,118636,Redemption,92712,Uttar Pradesh,Kanpur,B30,56+,Female,42.0,UPI,Verified
INV001257,2024-02-13,119598,SIP,7783,Punjab,Chandigarh,T30,26-35,Female,6.3,Net Banking,Verified
INV003196,2024-02-13,118633,SIP,6091,West Bengal,Kolkata,T30,26-35,Female,20.1,Mandate,Verified
INV001561,2024-02-13,118635,Redemption,523445,Rajasthan,Udaipur,B30,36-45,Male,39.4,Net Banking,Verified
INV003545,2024-02-13,119120,SIP,1769,Gujarat,Ahmedabad,T30,26-35,Female,15.7,Net Banking,Verified
INV003047,2024-02-13,149323,SIP,1989,Maharashtra,Mumbai,T30,46-55,Male,40.0,Net Banking,Verified
INV003697,2024-02-13,118636,SIP,6811,Maharashtra,Mumbai,T30,18-25,Male,6.3,Cheque,Verified
INV002034,2024-02-13,101208,SIP,1966,Uttar Pradesh,Lucknow,T30,26-35,Male,10.0,UPI,Pending
INV004022,2024-02-13,100025,Lumpsum,386075,Maharashtra,Nashik,B30,36-45,Male,21.9,UPI,Verified
INV003263,2024-02-13,119094,SIP,1068,Tamil Nadu,Chennai,T30,26-35,Female,12.5,Mandate,Verified
INV003060,2024-02-13,119093,Lumpsum,208452,Rajasthan,Jaipur,T30,56+,Female,16.6,Cheque,Verified
INV001500,2024-02-14,100025,Redemption,276479,Maharashtra,Pune,T30,26-35,Female,6.5,Cheque,Verified
INV000333,2024-02-14,101206,SIP,21361,Maharashtra,Nashik,B30,26-35,Male,14.8,UPI,Verified
INV002280,2024-02-14,102886,Lumpsum,390071,Karnataka,Mysore,B30,18-25,Male,3.5,Cheque,Verified
INV003350,2024-02-14,119551,SIP,6881,Maharashtra,Nashik,B30,46-55,Female,37.7,UPI,Verified
INV004384,2024-02-14,102885,Lumpsum,371876,Delhi,Noida,T30,26-35,Male,12.1,Net Banking,Verified
INV002018,2024-02-14,119094,Lumpsum,294574,Uttar Pradesh,Agra,B30,26-35,Female,18.0,Net Banking,Verified
INV001491,2024-02-14,149322,SIP,1095,Tamil Nadu,Chennai,T30,56+,Male,78.5,Cheque,Verified
INV004542,2024-02-14,119095,SIP,2014,Maharashtra,Pune,T30,36-45,Male,53.7,Mandate,Verified
INV000333,2024-02-14,100016,SIP,6242,Maharashtra,Nashik,B30,26-35,Male,14.8,Mandate,Verified
INV001716,2024-02-14,101206,SIP,2613,Haryana,Gurugram,T30,36-45,Male,45.0,Net Banking,Verified
INV000783,2024-02-14,119552,SIP,539,Gujarat,Ahmedabad,T30,46-55,Male,92.0,UPI,Verified
INV001257,2024-02-14,120506,Lumpsum,175225,Punjab,Chandigarh,T30,26-35,Female,6.3,Cheque,Verified
INV000804,2024-02-14,119599,SIP,560,Karnataka,Mysore,B30,36-45,Male,39.7,Net Banking,Verified
INV002957,2024-02-14,120841,SIP,893,Tamil Nadu,Chennai,T30,26-35,Male,15.5,Net Banking,Verified
INV003543,2024-02-14,118633,Lumpsum,518445,Maharashtra,Nashik,B30,26-35,Male,8.3,Net Banking,Verified
INV001575,2024-02-14,102886,Lumpsum,268190,Karnataka,Bangalore,T30,26-35,Male,12.0,UPI,Verified
INV002116,2024-02-14,149322,Lumpsum,288442,Karnataka,Bangalore,T30,18-25,Male,3.8,Cheque,Verified
INV004423,2024-02-14,119095,Redemption,390200,Haryana,Faridabad,B30,18-25,Female,7.0,UPI,Verified
INV004634,2024-02-14,120507,SIP,8206,Tamil Nadu,Chennai,T30,26-35,Male,15.1,Net Banking,Verified
INV004746,2024-02-14,148568,SIP,5760,Telangana,Hyderabad,T30,18-25,Male,6.0,Net Banking,Verified
INV000701,2024-02-14,119094,SIP,28914,West Bengal,Kolkata,T30,36-45,Female,55.6,Net Banking,Verified
INV001432,2024-02-14,119094,SIP,5588,Uttar Pradesh,Lucknow,T30,36-45,Male,12.6,Net Banking,Verified
INV001485,2024-02-14,119092,SIP,59408,Rajasthan,Jaipur,T30,56+,Female,24.4,Cheque,Verified
INV003224,2024-02-14,125498,Redemption,434666,Punjab,Amritsar,B30,26-35,Male,16.0,Mandate,Verified
INV000552,2024-02-14,125497,SIP,1063,Uttar Pradesh,Lucknow,T30,36-45,Female,35.8,Mandate,Verified
INV001743,2024-02-14,148568,Lumpsum,127773,Telangana,Hyderabad,T30,26-35,Male,23.5,UPI,Verified
INV001551,2024-02-14,102886,Lumpsum,324733,Tamil Nadu,Chennai,T30,26-35,Female,21.7,Mandate,Verified
INV002803,2024-02-14,149324,Lumpsum,215900,Uttar Pradesh,Agra,B30,36-45,Male,31.9,Cheque,Verified
INV000569,2024-02-14,118633,Redemption,152452,Madhya Pradesh,Indore,T30,26-35,Male,8.0,Cheque,Verified
INV004562,2024-02-14,119598,SIP,8107,Telangana,Hyderabad,T30,26-35,Female,19.0,Mandate,Verified
INV000069,2024-02-14,120844,SIP,14673,Gujarat,Ahmedabad,T30,56+,Female,35.9,Mandate,Verified
INV000396,2024-02-14,119552,SIP,1126,Rajasthan,Jaipur,T30,46-55,Male,38.5,Net Banking,Verified
INV001153,2024-02-14,149323,SIP,55472,Uttar Pradesh,Agra,B30,26-35,Male,16.3,Cheque,Verified
INV004488,2024-02-14,119120,SIP,17034,Maharashtra,Nashik,B30,56+,Male,69.8,Mandate,Verified
INV004770,2024-02-14,102886,SIP,52023,Gujarat,Surat,T30,18-25,Female,5.2,UPI,Pending
INV000666,2024-02-14,101206,Lumpsum,21318,Maharashtra,Mumbai,T30,36-45,Male,49.7,Cheque,Verified
INV002838,2024-02-14,101207,Redemption,364494,West Bengal,Kolkata,T30,56+,Female,71.9,Cheque,Verified
INV001734,2024-02-14,118633,SIP,1685,Karnataka,Bangalore,T30,36-45,Female,16.3,Net Banking,Verified
INV002199,2024-02-14,125498,SIP,4999,Gujarat,Ahmedabad,T30,26-35,Male,18.6,Net Banking,Verified
INV001747,2024-02-14,120842,Redemption,510130,Madhya Pradesh,Indore,T30,18-25,Female,3.8,Net Banking,Verified
INV002311,2024-02-14,100025,Lumpsum,434474,Rajasthan,Udaipur,B30,36-45,Male,31.5,Net Banking,Verified
INV000892,2024-02-14,118633,SIP,14347,Gujarat,Ahmedabad,T30,36-45,Male,26.4,Net Banking,Verified
INV004290,2024-02-14,120506,Lumpsum,246215,Gujarat,Ahmedabad,T30,46-55,Male,41.9,Net Banking,Verified
INV001765,2024-02-14,102886,SIP,3576,Uttar Pradesh,Kanpur,B30,46-55,Male,95.2,Cheque,Verified
INV002124,2024-02-14,120505,SIP,10404,Tamil Nadu,Coimbatore,B30,18-25,Male,5.0,Cheque,Verified
INV002570,2024-02-14,119551,SIP,4371,Punjab,Chandigarh,T30,36-45,Male,55.3,Mandate,Verified
INV003153,2024-02-14,118636,SIP,465,Madhya Pradesh,Indore,T30,36-45,Female,20.5,Net Banking,Verified
INV004360,2024-02-14,149324,Redemption,438981,Madhya Pradesh,Bhopal,B30,26-35,Female,15.9,Cheque,Verified
INV001312,2024-02-14,125497,Lumpsum,154197,Delhi,Noida,T30,26-35,Male,6.9,UPI,Verified
INV002530,2024-02-14,120503,SIP,13699,Telangana,Hyderabad,T30,36-45,Male,53.9,Mandate,Verified
INV004973,2024-02-14,101207,SIP,5059,Tamil Nadu,Coimbatore,B30,26-35,Male,11.3,Mandate,Verified
INV004358,2024-02-14,100033,SIP,5757,Tamil Nadu,Coimbatore,B30,26-35,Male,6.5,UPI,Verified
INV003042,2024-02-14,100016,Lumpsum,166053,Tamil Nadu,Coimbatore,B30,46-55,Male,23.5,UPI,Verified
INV001762,2024-02-14,148568,Lumpsum,516163,Punjab,Amritsar,B30,18-25,Female,7.5,Net Banking,Pending
INV001741,2024-02-14,148567,SIP,7802,Rajasthan,Udaipur,B30,36-45,Male,52.8,Mandate,Verified
INV002157,2024-02-14,148568,SIP,2880,Punjab,Chandigarh,T30,26-35,Male,16.9,Cheque,Verified
INV003189,2024-02-14,149324,SIP,2600,Tamil Nadu,Chennai,T30,36-45,Female,44.6,UPI,Verified
INV000481,2024-02-14,100025,SIP,9340,Madhya Pradesh,Bhopal,B30,26-35,Female,13.4,UPI,Verified
INV001643,2024-02-14,101207,SIP,21624,Punjab,Amritsar,B30,36-45,Male,28.4,Mandate,Verified
INV001102,2024-02-14,120503,SIP,24949,West Bengal,Kolkata,T30,46-55,Male,22.2,UPI,Verified
INV003002,2024-02-14,119599,SIP,2184,Maharashtra,Pune,T30,26-35,Male,17.0,Cheque,Verified
INV004611,2024-02-14,120503,SIP,466,Madhya Pradesh,Bhopal,B30,18-25,Female,6.1,Mandate,Verified
INV003306,2024-02-14,119598,Lumpsum,410320,Gujarat,Ahmedabad,T30,36-45,Male,14.6,Mandate,Verified
INV000634,2024-02-15,118635,SIP,16929,Karnataka,Bangalore,T30,26-35,Female,22.7,Mandate,Pending
INV000522,2024-02-15,100016,SIP,2320,Punjab,Chandigarh,T30,26-35,Female,10.8,Mandate,Verified
INV002989,2024-02-15,102887,SIP,860,Haryana,Faridabad,B30,46-55,Male,16.3,Net Banking,Verified
INV004953,2024-02-15,119598,SIP,9177,Haryana,Faridabad,B30,36-45,Male,36.3,Cheque,Verified
INV003894,2024-02-15,101208,Lumpsum,207610,Tamil Nadu,Coimbatore,B30,26-35,Male,14.9,Mandate,Verified
INV003314,2024-02-15,119598,SIP,27615,Telangana,Hyderabad,T30,36-45,Female,25.6,Cheque,Verified
INV001951,2024-02-15,148568,Redemption,423132,Punjab,Chandigarh,T30,26-35,Male,10.6,Mandate,Verified
INV001618,2024-02-15,101208,SIP,812,Karnataka,Bangalore,T30,56+,Female,28.0,Net Banking,Pending
INV003935,2024-02-15,149322,SIP,7471,Rajasthan,Udaipur,B30,26-35,Male,7.6,UPI,Verified
INV002515,2024-02-15,119093,Lumpsum,236742,West Bengal,Kolkata,T30,56+,Female,73.9,UPI,Pending
INV003285,2024-02-15,100016,Redemption,240171,Maharashtra,Pune,T30,36-45,Male,24.0,UPI,Verified
INV001096,2024-02-15,119599,Lumpsum,292567,Punjab,Chandigarh,T30,26-35,Male,24.5,UPI,Verified
INV004465,2024-02-15,118633,Lumpsum,87516,Gujarat,Surat,T30,26-35,Male,14.2,Cheque,Verified
INV000621,2024-02-15,100016,SIP,49784,Rajasthan,Udaipur,B30,56+,Female,45.8,Cheque,Verified
INV001955,2024-02-15,119598,SIP,13420,Madhya Pradesh,Bhopal,B30,26-35,Female,16.4,Net Banking,Verified
INV002937,2024-02-15,148568,SIP,2816,Rajasthan,Jaipur,T30,56+,Male,64.5,Mandate,Verified
INV003289,2024-02-15,148567,SIP,16755,Uttar Pradesh,Lucknow,T30,26-35,Male,11.2,Mandate,Verified
INV003260,2024-02-15,119551,SIP,1645,Madhya Pradesh,Indore,T30,18-25,Male,7.9,UPI,Verified
INV003231,2024-02-15,119095,SIP,24872,Haryana,Gurugram,T30,26-35,Male,9.1,UPI,Verified
INV002214,2024-02-15,101208,Lumpsum,425118,Delhi,Gurugram,T30,36-45,Female,50.5,Net Banking,Verified
INV004749,2024-02-15,102886,Redemption,252788,Karnataka,Bangalore,T30,56+,Male,45.5,Cheque,Verified
INV004067,2024-02-15,118635,Lumpsum,128436,Delhi,Gurugram,T30,26-35,Male,8.5,Cheque,Verified
INV000124,2024-02-15,102887,SIP,2540,Punjab,Amritsar,B30,36-45,Female,46.2,Net Banking,Verified
INV000974,2024-02-15,101207,Lumpsum,199233,Maharashtra,Mumbai,T30,46-55,Male,88.6,Cheque,Verified
INV002827,2024-02-15,119093,SIP,924,Karnataka,Mysore,B30,36-45,Female,58.1,Mandate,Verified
INV001708,2024-02-15,102887,Redemption,109238,Haryana,Faridabad,B30,18-25,Male,7.7,Net Banking,Verified
INV000328,2024-02-15,148568,Redemption,79791,Madhya Pradesh,Bhopal,B30,26-35,Male,19.6,UPI,Verified
INV004903,2024-02-15,119093,SIP,4043,Karnataka,Bangalore,T30,26-35,Male,11.4,Cheque,Verified
INV004655,2024-02-15,120506,SIP,3112,Telangana,Hyderabad,T30,36-45,Male,19.7,Mandate,Verified
INV002724,2024-02-15,148567,SIP,1827,Rajasthan,Udaipur,B30,36-45,Male,26.3,Cheque,Verified
INV002017,2024-02-15,101207,Lumpsum,399239,Karnataka,Mysore,B30,26-35,Female,15.0,UPI,Verified
INV001259,2024-02-15,119599,SIP,2857,Telangana,Hyderabad,T30,26-35,Female,10.6,Mandate,Verified
INV001008,2024-02-15,119551,Lumpsum,476748,Rajasthan,Udaipur,B30,46-55,Male,85.8,Mandate,Verified
INV001470,2024-02-15,120506,SIP,53880,Haryana,Gurugram,T30,36-45,Male,26.2,Mandate,Pending
INV000133,2024-02-15,102885,SIP,14091,Karnataka,Bangalore,T30,26-35,Female,11.5,Cheque,Verified
INV000736,2024-02-15,125498,Lumpsum,435694,Haryana,Faridabad,B30,36-45,Female,39.4,Mandate,Verified
INV001579,2024-02-15,119093,SIP,43231,Karnataka,Bangalore,T30,46-55,Male,71.1,Net Banking,Pending
INV001001,2024-02-15,120506,SIP,47716,Madhya Pradesh,Indore,T30,26-35,Female,20.7,Mandate,Verified
INV000791,2024-02-15,118633,SIP,17916,Madhya Pradesh,Bhopal,B30,26-35,Male,18.4,Mandate,Verified
INV003361,2024-02-15,119093,SIP,519,Madhya Pradesh,Indore,T30,36-45,Male,19.9,Cheque,Verified
INV004177,2024-02-15,120503,SIP,13512,Tamil Nadu,Coimbatore,B30,26-35,Male,14.7,UPI,Verified
INV003642,2024-02-15,119092,SIP,2439,Haryana,Faridabad,B30,18-25,Male,3.1,Mandate,Verified
INV001782,2024-02-15,120843,Lumpsum,21175,Uttar Pradesh,Agra,B30,36-45,Female,47.5,Net Banking,Verified
INV004357,2024-02-15,101208,SIP,2846,Delhi,Gurugram,T30,46-55,Female,55.6,Mandate,Pending
INV001358,2024-02-15,102887,SIP,3401,Rajasthan,Jaipur,T30,26-35,Male,14.8,Mandate,Pending
INV004359,2024-02-15,119095,SIP,2836,Delhi,New Delhi,T30,26-35,Male,9.4,Mandate,Verified
INV001044,2024-02-15,120842,Lumpsum,219249,Gujarat,Surat,T30,26-35,Male,14.5,UPI,Verified
INV003129,2024-02-15,120507,Redemption,413431,Haryana,Gurugram,T30,36-45,Female,33.4,UPI,Verified
INV002629,2024-02-15,120843,SIP,1886,Karnataka,Mysore,B30,36-45,Male,32.9,Mandate,Verified
INV004339,2024-02-15,119093,Redemption,321782,Uttar Pradesh,Lucknow,T30,26-35,Female,7.3,Mandate,Verified
INV003634,2024-02-15,102885,SIP,2772,Punjab,Chandigarh,T30,46-55,Female,87.5,Net Banking,Verified
INV004712,2024-02-15,120504,Redemption,565306,Uttar Pradesh,Kanpur,B30,36-45,Male,55.7,UPI,Verified
INV000150,2024-02-15,119094,SIP,2648,Karnataka,Mysore,B30,18-25,Male,3.5,Cheque,Verified
INV002859,2024-02-15,148569,SIP,6936,Madhya Pradesh,Indore,T30,26-35,Male,20.1,Mandate,Verified
INV003476,2024-02-15,119120,Lumpsum,310387,Punjab,Chandigarh,T30,18-25,Male,5.1,Net Banking,Verified
INV001498,2024-02-15,120506,Lumpsum,356013,Gujarat,Ahmedabad,T30,36-45,Male,34.7,Cheque,Verified
INV000261,2024-02-15,120505,SIP,11241,Gujarat,Ahmedabad,T30,18-25,Male,3.5,Cheque,Verified
INV002529,2024-02-15,119094,SIP,22162,Maharashtra,Mumbai,T30,18-25,Female,5.3,Mandate,Verified
INV000339,2024-02-15,101208,SIP,952,Uttar Pradesh,Kanpur,B30,26-35,Male,22.3,UPI,Verified
INV000943,2024-02-15,120841,SIP,514,West Bengal,Kolkata,T30,18-25,Male,5.8,UPI,Verified
INV004293,2024-02-15,125498,Redemption,18433,Rajasthan,Jaipur,T30,36-45,Male,54.9,Net Banking,Verified
INV004205,2024-02-15,120507,Lumpsum,148157,Telangana,Hyderabad,T30,56+,Female,56.9,Net Banking,Verified
INV004135,2024-02-15,100033,SIP,532,Tamil Nadu,Coimbatore,B30,26-35,Female,18.7,Net Banking,Verified
INV003878,2024-02-15,125497,SIP,10059,Haryana,Gurugram,T30,56+,Male,27.9,Mandate,Pending
INV001419,2024-02-15,125497,SIP,26006,Delhi,New Delhi,T30,26-35,Male,7.1,Mandate,Verified
INV001993,2024-02-15,101208,SIP,3438,Uttar Pradesh,Agra,B30,36-45,Female,44.2,Mandate,Verified
INV004847,2024-02-15,149322,SIP,27233,Maharashtra,Pune,T30,26-35,Female,7.0,Cheque,Verified
INV001765,2024-02-15,118635,SIP,4131,Uttar Pradesh,Kanpur,B30,46-55,Male,95.2,Mandate,Verified
INV000779,2024-02-15,118632,Lumpsum,289248,Gujarat,Ahmedabad,T30,36-45,Male,35.3,UPI,Verified
INV000244,2024-02-15,102887,Lumpsum,257688,Telangana,Hyderabad,T30,26-35,Male,24.9,Net Banking,Verified
INV004115,2024-02-15,120507,SIP,44316,Madhya Pradesh,Indore,T30,56+,Male,69.9,UPI,Pending
INV000204,2024-02-16,149322,Lumpsum,73659,Punjab,Chandigarh,T30,36-45,Male,17.7,UPI,Verified
INV004128,2024-02-16,120843,SIP,3579,Haryana,Faridabad,B30,18-25,Male,3.3,Net Banking,Pending
INV000768,2024-02-16,118635,Redemption,200931,Delhi,Noida,T30,56+,Male,12.2,Cheque,Verified
INV000774,2024-02-16,148569,SIP,2452,Telangana,Hyderabad,T30,36-45,Male,34.9,Mandate,Verified
INV001792,2024-02-16,100033,SIP,837,Gujarat,Ahmedabad,T30,26-35,Female,18.8,Mandate,Verified
INV003780,2024-02-16,120844,SIP,2909,Haryana,Faridabad,B30,26-35,Male,10.1,Mandate,Verified
INV002429,2024-02-16,149324,SIP,26206,Rajasthan,Udaipur,B30,26-35,Male,11.2,Mandate,Verified
INV001625,2024-02-16,119552,SIP,1047,Uttar Pradesh,Kanpur,B30,46-55,Female,78.2,Net Banking,Verified
INV004652,2024-02-16,100033,SIP,3287,Gujarat,Surat,T30,56+,Male,42.9,UPI,Verified
INV003354,2024-02-16,119120,SIP,4646,Punjab,Chandigarh,T30,46-55,Male,48.5,Mandate,Verified
INV000492,2024-02-16,120505,SIP,27584,Telangana,Hyderabad,T30,36-45,Male,12.4,Cheque,Verified
INV003105,2024-02-16,120504,SIP,829,Rajasthan,Jaipur,T30,18-25,Female,6.0,UPI,Verified
INV000124,2024-02-16,118632,SIP,5993,Punjab,Amritsar,B30,36-45,Female,46.2,UPI,Verified
INV002490,2024-02-16,118633,Lumpsum,329596,Gujarat,Surat,T30,36-45,Female,28.1,Mandate,Verified
INV004958,2024-02-16,148569,SIP,11908,Maharashtra,Mumbai,T30,36-45,Male,20.9,UPI,Pending
INV002212,2024-02-16,120503,Lumpsum,165658,Telangana,Hyderabad,T30,36-45,Male,26.4,UPI,Verified
INV000612,2024-02-16,149324,SIP,810,Punjab,Amritsar,B30,18-25,Male,6.3,Net Banking,Verified
INV002613,2024-02-16,119599,SIP,2867,Karnataka,Bangalore,T30,46-55,Female,44.3,Mandate,Verified
INV003424,2024-02-16,119120,SIP,2999,Madhya Pradesh,Indore,T30,26-35,Female,19.7,Cheque,Verified
INV003227,2024-02-16,120503,Lumpsum,105902,Maharashtra,Mumbai,T30,36-45,Male,41.8,Net Banking,Verified
INV003083,2024-02-16,118634,SIP,5275,Madhya Pradesh,Bhopal,B30,56+,Female,41.3,Mandate,Verified
INV002013,2024-02-16,119095,SIP,1957,Rajasthan,Jaipur,T30,46-55,Male,30.2,Mandate,Pending
INV003687,2024-02-16,102887,SIP,2362,Tamil Nadu,Chennai,T30,36-45,Male,21.8,Net Banking,Verified
INV004668,2024-02-16,119093,Lumpsum,86460,Gujarat,Ahmedabad,T30,26-35,Male,6.4,Mandate,Verified
INV000026,2024-02-16,120505,Lumpsum,215448,West Bengal,Kolkata,T30,36-45,Male,29.5,UPI,Verified
INV001565,2024-02-16,119598,Lumpsum,87831,West Bengal,Kolkata,T30,26-35,Female,7.7,Mandate,Verified
INV001449,2024-02-16,148567,SIP,11906,Gujarat,Ahmedabad,T30,36-45,Male,45.2,UPI,Verified
INV001094,2024-02-16,101206,Redemption,269304,Haryana,Gurugram,T30,26-35,Male,21.6,Mandate,Verified
INV004242,2024-02-16,120844,SIP,13057,Punjab,Amritsar,B30,26-35,Male,14.9,UPI,Verified
INV003503,2024-02-16,148567,Redemption,175851,Karnataka,Mysore,B30,36-45,Male,26.3,Mandate,Verified
INV003154,2024-02-16,149322,SIP,2567,Karnataka,Mysore,B30,26-35,Female,17.7,UPI,Verified
INV002803,2024-02-16,101207,SIP,2948,Uttar Pradesh,Agra,B30,36-45,Male,31.9,UPI,Verified
INV004747,2024-02-16,120505,SIP,11780,Punjab,Amritsar,B30,36-45,Male,23.4,Net Banking,Verified
INV002230,2024-02-16,149323,Redemption,371251,Delhi,Noida,T30,36-45,Male,21.7,Net Banking,Verified
INV002574,2024-02-16,119552,SIP,8490,Maharashtra,Nashik,B30,26-35,Male,11.1,Net Banking,Verified
INV000442,2024-02-16,101206,SIP,2408,Delhi,Noida,T30,26-35,Male,16.2,Mandate,Verified
INV000603,2024-02-16,102886,SIP,504,West Bengal,Kolkata,T30,26-35,Male,17.3,Net Banking,Verified
INV004381,2024-02-16,119120,SIP,7159,West Bengal,Kolkata,T30,46-55,Female,27.2,UPI,Pending
INV003054,2024-02-16,120841,Redemption,94441,Telangana,Hyderabad,T30,56+,Female,77.1,Mandate,Verified
INV004420,2024-02-16,101206,SIP,46360,Haryana,Gurugram,T30,36-45,Male,14.6,Net Banking,Verified
INV001322,2024-02-16,118635,Lumpsum,330650,Uttar Pradesh,Lucknow,T30,26-35,Female,10.5,UPI,Verified
INV000550,2024-02-16,125497,SIP,2825,Rajasthan,Udaipur,B30,26-35,Male,6.7,Mandate,Verified
INV004763,2024-02-16,101208,Redemption,379401,Karnataka,Bangalore,T30,46-55,Female,19.6,Mandate,Verified
INV003224,2024-02-16,119120,Lumpsum,226890,Punjab,Amritsar,B30,26-35,Male,16.0,Net Banking,Verified
INV001826,2024-02-16,149322,Lumpsum,385518,Punjab,Amritsar,B30,18-25,Male,4.7,Cheque,Verified
INV004529,2024-02-16,118636,SIP,50762,Uttar Pradesh,Kanpur,B30,18-25,Male,6.3,UPI,Verified
INV003432,2024-02-16,148569,SIP,4654,Uttar Pradesh,Agra,B30,56+,Female,11.2,Cheque,Verified
INV000501,2024-02-16,102887,SIP,20366,Punjab,Chandigarh,T30,18-25,Male,4.0,Mandate,Verified
INV002497,2024-02-16,118636,SIP,2413,Telangana,Hyderabad,T30,26-35,Female,13.0,UPI,Verified
INV004346,2024-02-16,118632,Redemption,59420,Tamil Nadu,Coimbatore,B30,26-35,Male,19.4,UPI,Verified
INV003660,2024-02-16,119092,SIP,5386,Delhi,Noida,T30,26-35,Male,6.8,Cheque,Verified
INV003723,2024-02-16,100033,Redemption,39870,Tamil Nadu,Chennai,T30,26-35,Female,10.9,UPI,Verified
INV003703,2024-02-16,119551,Lumpsum,118739,Karnataka,Bangalore,T30,36-45,Female,20.8,Net Banking,Verified
INV001583,2024-02-16,125498,SIP,426,Delhi,Gurugram,T30,18-25,Male,3.1,Mandate,Verified
INV000414,2024-02-16,120506,Lumpsum,295142,Tamil Nadu,Chennai,T30,36-45,Male,21.9,Mandate,Verified
INV004738,2024-02-16,120507,SIP,12259,Uttar Pradesh,Kanpur,B30,56+,Female,52.6,Cheque,Verified
INV002746,2024-02-16,119092,Redemption,136258,Delhi,Noida,T30,26-35,Male,23.2,Cheque,Verified
INV001008,2024-02-16,120842,SIP,8265,Rajasthan,Udaipur,B30,46-55,Male,85.8,Net Banking,Verified
INV004363,2024-02-16,102886,SIP,22933,Delhi,Noida,T30,26-35,Male,20.5,Mandate,Verified
INV001928,2024-02-17,148568,SIP,2595,Telangana,Hyderabad,T30,46-55,Female,29.2,UPI,Verified
INV000895,2024-02-17,119095,SIP,8107,Rajasthan,Udaipur,B30,26-35,Male,19.5,Cheque,Verified
INV003563,2024-02-17,118636,Lumpsum,115187,Haryana,Gurugram,T30,46-55,Male,41.8,Net Banking,Pending
INV000319,2024-02-17,148567,SIP,451,Maharashtra,Mumbai,T30,56+,Male,74.8,Cheque,Verified
INV003184,2024-02-17,119094,SIP,2999,Maharashtra,Pune,T30,26-35,Male,8.1,Cheque,Verified
INV001273,2024-02-17,118632,SIP,2339,West Bengal,Kolkata,T30,36-45,Male,18.7,UPI,Verified
INV003176,2024-02-17,119120,SIP,7200,Haryana,Gurugram,T30,46-55,Male,51.6,Net Banking,Verified
INV000593,2024-02-17,102886,Lumpsum,319239,Telangana,Hyderabad,T30,56+,Male,50.2,UPI,Verified
INV001188,2024-02-17,119120,Lumpsum,302627,Delhi,New Delhi,T30,18-25,Male,7.9,UPI,Verified
INV004271,2024-02-17,149323,SIP,15764,Maharashtra,Mumbai,T30,18-25,Male,3.2,Cheque,Verified
INV002373,2024-02-17,118633,SIP,5047,Maharashtra,Pune,T30,36-45,Male,56.3,Cheque,Verified
INV004849,2024-02-17,101206,Redemption,465631,Maharashtra,Pune,T30,46-55,Female,21.9,UPI,Verified
INV003468,2024-02-17,149323,SIP,9455,Madhya Pradesh,Indore,T30,36-45,Female,43.1,Net Banking,Verified
INV002667,2024-02-17,119094,Lumpsum,244753,Karnataka,Mysore,B30,36-45,Male,50.7,Net Banking,Verified
INV001166,2024-02-17,119094,SIP,1101,Punjab,Chandigarh,T30,26-35,Male,21.4,UPI,Verified
INV004135,2024-02-17,118635,SIP,15784,Tamil Nadu,Coimbatore,B30,26-35,Female,18.7,Cheque,Verified
INV000348,2024-02-17,101207,SIP,3493,Madhya Pradesh,Bhopal,B30,46-55,Female,94.4,Mandate,Verified
INV004134,2024-02-17,149323,SIP,4486,West Bengal,Kolkata,T30,36-45,Male,24.4,Cheque,Verified
INV002788,2024-02-17,102887,Redemption,23818,Uttar Pradesh,Agra,B30,26-35,Male,23.5,Cheque,Verified
INV000370,2024-02-17,119093,SIP,801,Delhi,Noida,T30,26-35,Female,12.4,Mandate,Verified
INV001116,2024-02-17,101206,SIP,2322,Haryana,Faridabad,B30,36-45,Male,17.8,Cheque,Verified
INV001118,2024-02-17,148567,SIP,2498,Haryana,Gurugram,T30,18-25,Male,6.7,UPI,Verified
INV002326,2024-02-17,102887,SIP,1806,Telangana,Hyderabad,T30,36-45,Female,33.2,UPI,Verified
INV000456,2024-02-17,125498,Lumpsum,65286,Karnataka,Mysore,B30,26-35,Male,17.2,UPI,Verified
INV004230,2024-02-17,148567,Lumpsum,331567,Karnataka,Bangalore,T30,18-25,Female,7.4,UPI,Verified
INV002657,2024-02-17,149324,Redemption,61793,Punjab,Amritsar,B30,36-45,Male,50.0,Mandate,Verified
INV002771,2024-02-17,120841,SIP,569,West Bengal,Kolkata,T30,36-45,Female,45.1,Net Banking,Verified
INV003479,2024-02-17,118634,Lumpsum,247032,West Bengal,Kolkata,T30,36-45,Female,44.7,UPI,Verified
INV001518,2024-02-17,119094,Redemption,235979,Karnataka,Mysore,B30,18-25,Male,3.9,Net Banking,Verified
INV002328,2024-02-17,101208,SIP,14446,Haryana,Gurugram,T30,26-35,Male,11.6,Cheque,Verified
INV001082,2024-02-17,101207,SIP,1196,Uttar Pradesh,Lucknow,T30,46-55,Female,64.2,Cheque,Verified
INV004751,2024-02-17,148568,SIP,25728,Maharashtra,Pune,T30,36-45,Female,15.6,Mandate,Pending
INV003788,2024-02-17,149323,Lumpsum,182284,Tamil Nadu,Chennai,T30,18-25,Male,3.1,Mandate,Verified
INV001654,2024-02-17,100033,SIP,57401,Uttar Pradesh,Lucknow,T30,36-45,Female,28.1,UPI,Verified
INV003054,2024-02-17,118634,SIP,806,Telangana,Hyderabad,T30,56+,Female,77.1,Mandate,Verified
INV000145,2024-02-17,120841,SIP,44890,Delhi,New Delhi,T30,26-35,Male,9.3,Net Banking,Verified
INV001759,2024-02-17,100016,SIP,855,Haryana,Faridabad,B30,36-45,Female,25.6,Cheque,Verified
INV002270,2024-02-17,119551,Redemption,387443,Madhya Pradesh,Indore,T30,46-55,Female,23.9,Cheque,Verified
INV001088,2024-02-17,125498,SIP,2694,Tamil Nadu,Coimbatore,B30,26-35,Male,15.3,UPI,Verified
INV004015,2024-02-17,118635,SIP,2064,Maharashtra,Mumbai,T30,18-25,Female,7.6,Cheque,Verified
INV004866,2024-02-17,120505,Redemption,304434,Madhya Pradesh,Bhopal,B30,36-45,Male,14.6,Net Banking,Verified
INV000853,2024-02-17,102887,SIP,932,Punjab,Chandigarh,T30,26-35,Female,8.0,UPI,Verified
INV002654,2024-02-17,120507,Lumpsum,127439,Delhi,New Delhi,T30,36-45,Female,38.2,Mandate,Verified
INV004009,2024-02-17,119092,SIP,947,Gujarat,Ahmedabad,T30,18-25,Male,5.6,UPI,Verified
INV002326,2024-02-17,119095,SIP,1177,Telangana,Hyderabad,T30,36-45,Female,33.2,Mandate,Verified
INV000577,2024-02-17,100016,Lumpsum,225534,Delhi,Noida,T30,36-45,Male,20.4,Mandate,Verified
INV004956,2024-02-17,120504,SIP,3595,Maharashtra,Mumbai,T30,46-55,Male,62.4,Mandate,Verified
INV003813,2024-02-17,119552,Lumpsum,108592,Rajasthan,Udaipur,B30,36-45,Male,23.6,Cheque,Verified
INV002097,2024-02-17,119598,Lumpsum,178252,Uttar Pradesh,Agra,B30,46-55,Male,64.5,UPI,Verified
INV001015,2024-02-17,120842,Redemption,244563,Haryana,Gurugram,T30,36-45,Female,21.1,Mandate,Verified
INV001526,2024-02-17,149323,SIP,3477,Madhya Pradesh,Bhopal,B30,26-35,Female,19.1,Net Banking,Verified
INV002876,2024-02-17,102885,SIP,2695,Uttar Pradesh,Kanpur,B30,36-45,Female,44.6,Net Banking,Pending
INV004980,2024-02-17,120841,Redemption,360503,Punjab,Amritsar,B30,36-45,Female,36.6,Net Banking,Verified
INV001063,2024-02-17,125498,SIP,8274,Haryana,Faridabad,B30,26-35,Male,24.1,Cheque,Verified
INV004427,2024-02-17,100033,SIP,21536,Punjab,Amritsar,B30,36-45,Female,54.2,Cheque,Verified
INV000094,2024-02-17,149323,Redemption,177357,West Bengal,Kolkata,T30,18-25,Male,3.7,UPI,Verified
INV004236,2024-02-17,119552,SIP,11316,Punjab,Amritsar,B30,26-35,Female,19.0,Net Banking,Verified
INV003261,2024-02-17,118634,SIP,6640,Punjab,Amritsar,B30,26-35,Male,10.5,Net Banking,Verified
INV000294,2024-02-17,120842,SIP,7286,Maharashtra,Nashik,B30,36-45,Female,30.8,UPI,Verified
INV001839,2024-02-17,120842,SIP,3029,Punjab,Chandigarh,T30,26-35,Male,18.6,Cheque,Verified
INV004409,2024-02-17,120503,Redemption,80706,Karnataka,Bangalore,T30,26-35,Female,7.2,UPI,Pending
INV001642,2024-02-17,119092,SIP,2024,Rajasthan,Jaipur,T30,56+,Female,20.5,UPI,Pending
INV004981,2024-02-17,120842,SIP,4950,Haryana,Faridabad,B30,18-25,Male,3.5,Cheque,Verified
INV001351,2024-02-17,100033,SIP,3450,Uttar Pradesh,Kanpur,B30,26-35,Male,8.5,Cheque,Pending
INV001513,2024-02-17,119552,SIP,17558,Madhya Pradesh,Indore,T30,18-25,Male,5.4,Net Banking,Verified
INV000902,2024-02-18,101208,SIP,1038,Maharashtra,Mumbai,T30,26-35,Female,6.0,UPI,Verified
INV003007,2024-02-18,120841,Redemption,48452,Haryana,Faridabad,B30,26-35,Male,21.8,Mandate,Verified
INV001656,2024-02-18,149324,SIP,10598,Madhya Pradesh,Bhopal,B30,26-35,Male,19.4,Cheque,Verified
INV004562,2024-02-18,120844,Redemption,224258,Telangana,Hyderabad,T30,26-35,Female,19.0,UPI,Verified
INV001039,2024-02-18,120841,Redemption,197253,Gujarat,Surat,T30,36-45,Male,12.8,UPI,Verified
INV001318,2024-02-18,119092,SIP,2891,Telangana,Hyderabad,T30,36-45,Male,59.3,UPI,Verified
INV000341,2024-02-18,125498,SIP,7006,Delhi,New Delhi,T30,26-35,Male,19.6,Cheque,Verified
INV004246,2024-02-18,148568,Lumpsum,225846,West Bengal,Kolkata,T30,36-45,Female,12.2,Net Banking,Verified
INV004246,2024-02-18,120842,SIP,972,West Bengal,Kolkata,T30,36-45,Female,12.2,Cheque,Pending
INV001680,2024-02-18,148567,Lumpsum,550258,Madhya Pradesh,Indore,T30,26-35,Male,22.8,Mandate,Verified
INV003109,2024-02-18,148569,Redemption,126257,Delhi,Gurugram,T30,26-35,Male,22.8,Net Banking,Verified
INV004066,2024-02-18,100025,Lumpsum,471204,Gujarat,Surat,T30,46-55,Male,30.8,Mandate,Verified
INV003620,2024-02-18,102886,Lumpsum,214405,Uttar Pradesh,Kanpur,B30,36-45,Female,15.7,UPI,Verified
INV002056,2024-02-18,100033,Redemption,160221,Madhya Pradesh,Bhopal,B30,18-25,Female,3.4,Net Banking,Verified
INV003126,2024-02-18,120504,Lumpsum,160523,Delhi,Gurugram,T30,26-35,Female,12.8,Mandate,Verified
INV003264,2024-02-18,120841,Redemption,202530,Haryana,Faridabad,B30,18-25,Male,4.9,Cheque,Verified
INV001954,2024-02-18,148567,SIP,4100,Uttar Pradesh,Agra,B30,26-35,Male,15.6,Net Banking,Verified
INV003224,2024-02-18,101208,Lumpsum,395652,Punjab,Amritsar,B30,26-35,Male,16.0,Mandate,Verified
INV003548,2024-02-18,120507,SIP,2841,Karnataka,Bangalore,T30,26-35,Male,23.3,UPI,Verified
INV000512,2024-02-18,120844,SIP,6266,Punjab,Amritsar,B30,46-55,Male,82.6,Cheque,Verified
INV004771,2024-02-18,148567,SIP,12724,Tamil Nadu,Coimbatore,B30,18-25,Male,6.6,Cheque,Verified
INV002984,2024-02-18,149324,SIP,23748,Delhi,Gurugram,T30,26-35,Male,18.1,UPI,Verified
INV003432,2024-02-18,119599,Redemption,336191,Uttar Pradesh,Agra,B30,56+,Female,11.2,UPI,Verified
INV002575,2024-02-18,120842,SIP,6113,West Bengal,Kolkata,T30,18-25,Male,7.9,Cheque,Verified
INV000296,2024-02-18,101206,Lumpsum,15076,Madhya Pradesh,Indore,T30,26-35,Male,16.7,Mandate,Pending
INV000554,2024-02-18,120844,SIP,27448,Delhi,Noida,T30,36-45,Male,12.3,Cheque,Verified
INV002128,2024-02-18,149323,Lumpsum,331450,Rajasthan,Udaipur,B30,26-35,Female,21.6,UPI,Pending
INV001602,2024-02-18,119093,SIP,17712,West Bengal,Kolkata,T30,36-45,Male,27.0,Cheque,Pending
INV001023,2024-02-18,149323,Lumpsum,290062,Gujarat,Ahmedabad,T30,36-45,Male,27.1,Cheque,Verified
INV001797,2024-02-18,120505,Lumpsum,205160,Punjab,Amritsar,B30,26-35,Female,6.8,Cheque,Verified
INV004033,2024-02-18,118632,Lumpsum,41975,West Bengal,Kolkata,T30,36-45,Male,56.1,Mandate,Verified
INV002756,2024-02-18,119095,SIP,4379,Delhi,Gurugram,T30,36-45,Male,49.7,Net Banking,Pending
INV001796,2024-02-18,148567,Redemption,293802,Telangana,Hyderabad,T30,18-25,Male,6.7,Net Banking,Verified
INV002632,2024-02-18,120505,SIP,24777,Tamil Nadu,Chennai,T30,26-35,Female,14.1,UPI,Verified
INV003725,2024-02-18,119552,SIP,591,Gujarat,Ahmedabad,T30,26-35,Female,8.4,Net Banking,Verified
INV002049,2024-02-18,119094,SIP,1825,Tamil Nadu,Coimbatore,B30,36-45,Female,36.8,Mandate,Verified
INV002053,2024-02-18,119120,SIP,2089,West Bengal,Kolkata,T30,26-35,Male,8.8,Mandate,Verified
INV000236,2024-02-18,120843,SIP,2050,Karnataka,Bangalore,T30,36-45,Male,26.2,Mandate,Verified
INV002662,2024-02-18,149324,Lumpsum,145074,Tamil Nadu,Coimbatore,B30,26-35,Male,20.5,UPI,Verified
INV004447,2024-02-18,148567,SIP,2993,West Bengal,Kolkata,T30,36-45,Female,53.4,Cheque,Verified
INV004510,2024-02-18,119094,Lumpsum,204920,Haryana,Gurugram,T30,56+,Male,71.8,Net Banking,Verified
INV000851,2024-02-18,125498,SIP,8379,Tamil Nadu,Chennai,T30,36-45,Male,39.2,Cheque,Pending
INV001653,2024-02-18,149323,SIP,906,Maharashtra,Mumbai,T30,36-45,Male,45.4,Net Banking,Verified
INV001995,2024-02-18,101208,SIP,1997,Gujarat,Surat,T30,26-35,Male,20.8,UPI,Verified
INV003980,2024-02-18,120505,Lumpsum,99972,West Bengal,Kolkata,T30,26-35,Male,7.1,Net Banking,Verified
INV004380,2024-02-18,119094,SIP,419,Gujarat,Surat,T30,36-45,Male,16.6,Mandate,Verified
INV001463,2024-02-18,118632,Lumpsum,219141,Maharashtra,Nashik,B30,36-45,Male,54.5,Cheque,Verified
INV001085,2024-02-18,118633,SIP,14908,Uttar Pradesh,Lucknow,T30,36-45,Female,21.8,Net Banking,Verified
INV001204,2024-02-18,148568,SIP,486,Delhi,New Delhi,T30,36-45,Male,15.3,Mandate,Verified
INV004620,2024-02-18,119552,SIP,2963,Maharashtra,Pune,T30,36-45,Male,58.6,UPI,Verified
INV001053,2024-02-18,119095,SIP,572,West Bengal,Kolkata,T30,46-55,Female,79.0,Net Banking,Verified
INV004321,2024-02-18,100016,SIP,2545,West Bengal,Kolkata,T30,26-35,Male,16.0,Mandate,Verified
INV001724,2024-02-18,120503,SIP,2759,Madhya Pradesh,Indore,T30,26-35,Female,11.9,Mandate,Verified
INV003837,2024-02-18,120504,SIP,6510,Punjab,Amritsar,B30,26-35,Female,15.2,UPI,Verified
INV002212,2024-02-18,101206,Redemption,313431,Telangana,Hyderabad,T30,36-45,Male,26.4,UPI,Verified
INV002429,2024-02-18,118634,SIP,1162,Rajasthan,Udaipur,B30,26-35,Male,11.2,UPI,Verified
INV003524,2024-02-18,125498,SIP,4070,Telangana,Hyderabad,T30,36-45,Male,12.5,UPI,Verified
INV003355,2024-02-18,102887,SIP,2149,West Bengal,Kolkata,T30,26-35,Female,14.6,Net Banking,Verified
INV000430,2024-02-18,125497,SIP,3064,Punjab,Amritsar,B30,18-25,Male,3.3,Mandate,Verified
INV004505,2024-02-18,119093,Lumpsum,108187,Punjab,Amritsar,B30,26-35,Male,7.8,Net Banking,Verified
INV004945,2024-02-18,119120,SIP,3214,West Bengal,Kolkata,T30,36-45,Female,56.8,Mandate,Verified
INV004340,2024-02-18,118634,Lumpsum,343749,Karnataka,Mysore,B30,26-35,Male,17.9,Cheque,Verified
INV000957,2024-02-18,102886,SIP,6680,Madhya Pradesh,Bhopal,B30,36-45,Male,38.2,Net Banking,Verified
INV003178,2024-02-18,119551,SIP,1092,Telangana,Hyderabad,T30,46-55,Female,60.9,Cheque,Verified
INV003025,2024-02-18,102887,SIP,12210,Gujarat,Surat,T30,26-35,Female,11.9,UPI,Verified
INV001632,2024-02-18,120505,Lumpsum,24663,Rajasthan,Udaipur,B30,26-35,Male,6.8,UPI,Verified
INV001056,2024-02-18,100016,Lumpsum,53471,Punjab,Chandigarh,T30,56+,Female,75.1,Net Banking,Verified
INV001630,2024-02-18,100025,Lumpsum,118260,Telangana,Hyderabad,T30,36-45,Male,15.4,Mandate,Verified
INV002207,2024-02-19,100025,Redemption,407360,Madhya Pradesh,Indore,T30,26-35,Female,6.6,Cheque,Verified
INV004365,2024-02-19,120843,Lumpsum,307515,Delhi,Gurugram,T30,26-35,Male,19.4,Mandate,Pending
INV003308,2024-02-19,149324,SIP,57399,Telangana,Hyderabad,T30,56+,Male,58.2,Net Banking,Verified
INV000887,2024-02-19,125498,SIP,6197,Tamil Nadu,Coimbatore,B30,36-45,Male,53.9,Mandate,Verified
INV000030,2024-02-19,125497,SIP,10391,Delhi,Noida,T30,18-25,Female,5.1,Net Banking,Verified
INV002182,2024-02-19,149324,SIP,3006,Madhya Pradesh,Bhopal,B30,36-45,Male,54.3,Net Banking,Verified
INV003230,2024-02-19,148569,SIP,520,Punjab,Amritsar,B30,18-25,Female,3.2,Cheque,Verified
INV002483,2024-02-19,102886,SIP,809,Delhi,New Delhi,T30,46-55,Female,60.8,Mandate,Verified
INV001061,2024-02-19,120841,SIP,24215,Punjab,Amritsar,B30,18-25,Male,7.4,UPI,Verified
INV004696,2024-02-19,119094,SIP,1717,Tamil Nadu,Coimbatore,B30,46-55,Female,70.2,Net Banking,Verified
INV001903,2024-02-19,100033,SIP,28773,Delhi,New Delhi,T30,26-35,Female,8.8,UPI,Verified
INV001019,2024-02-19,102886,SIP,1113,Madhya Pradesh,Indore,T30,26-35,Male,10.6,UPI,Verified
INV003346,2024-02-19,149323,SIP,58167,Punjab,Chandigarh,T30,46-55,Male,16.7,Cheque,Verified
INV001462,2024-02-19,101208,SIP,51781,Gujarat,Surat,T30,26-35,Male,19.4,Net Banking,Verified
INV001061,2024-02-19,120506,Lumpsum,524010,Punjab,Amritsar,B30,18-25,Male,7.4,Cheque,Verified
INV004583,2024-02-19,120504,SIP,12364,Maharashtra,Nashik,B30,26-35,Male,13.9,Cheque,Verified
INV003287,2024-02-19,119094,Lumpsum,307018,Delhi,New Delhi,T30,36-45,Male,54.9,UPI,Verified
INV000671,2024-02-19,148569,Lumpsum,372725,Uttar Pradesh,Agra,B30,36-45,Female,15.3,UPI,Verified
INV000589,2024-02-19,149322,SIP,909,Uttar Pradesh,Kanpur,B30,18-25,Female,6.3,Cheque,Verified
INV000630,2024-02-19,120506,SIP,1924,Uttar Pradesh,Kanpur,B30,26-35,Male,18.9,UPI,Verified
INV004354,2024-02-19,118636,SIP,9818,Uttar Pradesh,Kanpur,B30,26-35,Female,17.8,Cheque,Verified
INV004855,2024-02-19,100033,Redemption,210906,Madhya Pradesh,Bhopal,B30,36-45,Female,49.4,Mandate,Verified
INV000887,2024-02-19,119552,Lumpsum,207412,Tamil Nadu,Coimbatore,B30,36-45,Male,53.9,UPI,Verified
INV004695,2024-02-19,125498,SIP,2325,Gujarat,Ahmedabad,T30,26-35,Female,14.3,Cheque,Verified
INV000887,2024-02-19,119598,SIP,21868,Tamil Nadu,Coimbatore,B30,36-45,Male,53.9,UPI,Verified
INV003228,2024-02-19,119094,Lumpsum,48923,Madhya Pradesh,Bhopal,B30,26-35,Male,20.0,Mandate,Verified
INV004830,2024-02-19,148567,SIP,28531,Gujarat,Ahmedabad,T30,26-35,Male,15.1,Net Banking,Verified
INV003665,2024-02-19,120503,SIP,9863,Maharashtra,Nashik,B30,26-35,Female,11.8,Mandate,Verified
INV000058,2024-02-19,118633,Lumpsum,271808,Maharashtra,Mumbai,T30,26-35,Male,19.9,UPI,Verified
INV002652,2024-02-19,118636,SIP,28603,Gujarat,Surat,T30,36-45,Male,40.6,Cheque,Verified
INV003637,2024-02-19,120506,Lumpsum,377768,Telangana,Hyderabad,T30,36-45,Male,18.6,Cheque,Verified
INV000467,2024-02-19,148567,SIP,6200,Karnataka,Bangalore,T30,18-25,Female,7.1,Cheque,Verified
INV004075,2024-02-19,118633,Lumpsum,313602,Rajasthan,Jaipur,T30,36-45,Male,56.5,Net Banking,Verified
INV002326,2024-02-19,102886,SIP,582,Telangana,Hyderabad,T30,36-45,Female,33.2,Mandate,Verified
INV000244,2024-02-19,148569,SIP,46273,Telangana,Hyderabad,T30,26-35,Male,24.9,UPI,Verified
INV002361,2024-02-19,118632,SIP,1122,Gujarat,Surat,T30,36-45,Male,59.3,Mandate,Verified
INV003566,2024-02-19,120503,SIP,2350,Tamil Nadu,Coimbatore,B30,26-35,Male,8.7,Mandate,Verified
INV003835,2024-02-19,120507,SIP,10350,Delhi,Noida,T30,36-45,Female,58.3,Mandate,Verified
INV000540,2024-02-19,100016,SIP,4484,Tamil Nadu,Coimbatore,B30,26-35,Female,10.4,UPI,Verified
INV003355,2024-02-19,120841,SIP,40776,West Bengal,Kolkata,T30,26-35,Female,14.6,UPI,Verified
INV000359,2024-02-19,100016,SIP,15304,Tamil Nadu,Chennai,T30,18-25,Male,3.1,Net Banking,Verified
INV003734,2024-02-19,120506,SIP,7188,Tamil Nadu,Coimbatore,B30,56+,Male,70.3,Net Banking,Pending
INV001506,2024-02-19,119094,Redemption,227935,Delhi,Noida,T30,26-35,Female,16.0,Cheque,Verified
INV000999,2024-02-19,119095,Lumpsum,54143,Telangana,Hyderabad,T30,26-35,Male,15.6,Cheque,Verified
INV001759,2024-02-19,101206,SIP,869,Haryana,Faridabad,B30,36-45,Female,25.6,UPI,Verified
INV003211,2024-02-19,119094,SIP,433,Uttar Pradesh,Lucknow,T30,36-45,Male,55.1,Mandate,Verified
INV001728,2024-02-19,119120,SIP,2632,Karnataka,Bangalore,T30,26-35,Male,17.0,Mandate,Verified
INV004045,2024-02-20,119092,Lumpsum,92931,Madhya Pradesh,Indore,T30,18-25,Male,4.2,UPI,Verified
INV004398,2024-02-20,102885,Redemption,400219,Punjab,Chandigarh,T30,46-55,Male,95.2,Cheque,Verified
INV003899,2024-02-20,101206,Redemption,421097,Haryana,Gurugram,T30,36-45,Female,21.3,Net Banking,Verified
INV004739,2024-02-20,149322,SIP,8680,Delhi,Gurugram,T30,18-25,Male,3.2,UPI,Verified
INV002961,2024-02-20,100033,Lumpsum,35469,Gujarat,Ahmedabad,T30,26-35,Male,13.0,Mandate,Verified
INV004865,2024-02-20,120842,SIP,22678,Maharashtra,Nashik,B30,56+,Male,77.2,Mandate,Verified
INV001217,2024-02-20,119551,Lumpsum,16290,Rajasthan,Jaipur,T30,26-35,Male,21.5,Cheque,Verified
INV002284,2024-02-20,120843,Lumpsum,403520,Karnataka,Bangalore,T30,36-45,Male,55.3,Mandate,Verified
INV004864,2024-02-20,102886,Lumpsum,462690,Punjab,Amritsar,B30,26-35,Female,10.5,Mandate,Verified
INV003772,2024-02-20,119095,Redemption,219124,Punjab,Amritsar,B30,18-25,Female,6.8,Mandate,Pending
INV004349,2024-02-20,119093,SIP,17598,Haryana,Gurugram,T30,26-35,Female,9.3,UPI,Verified
INV003198,2024-02-20,119094,SIP,596,Uttar Pradesh,Lucknow,T30,46-55,Female,37.0,Cheque,Verified
INV001493,2024-02-20,119551,Lumpsum,296850,Karnataka,Mysore,B30,18-25,Female,3.2,Cheque,Verified
INV000082,2024-02-20,149324,SIP,4038,Rajasthan,Udaipur,B30,26-35,Female,19.6,UPI,Verified
INV003225,2024-02-20,118636,SIP,3184,West Bengal,Kolkata,T30,26-35,Male,9.2,UPI,Verified
INV004254,2024-02-20,125498,SIP,3183,Madhya Pradesh,Bhopal,B30,36-45,Male,58.3,Net Banking,Verified
INV000397,2024-02-20,148568,Lumpsum,345422,Gujarat,Ahmedabad,T30,36-45,Female,25.4,UPI,Verified
INV000201,2024-02-20,102885,SIP,43489,Madhya Pradesh,Indore,T30,46-55,Male,87.0,Net Banking,Verified
INV002148,2024-02-20,149324,SIP,43236,Uttar Pradesh,Lucknow,T30,26-35,Male,9.8,Net Banking,Verified
INV003449,2024-02-20,119094,SIP,15061,Gujarat,Ahmedabad,T30,56+,Male,10.0,Net Banking,Verified
INV003420,2024-02-20,120842,SIP,51521,Haryana,Faridabad,B30,36-45,Male,47.2,Mandate,Verified
INV003015,2024-02-20,148568,Lumpsum,271912,Madhya Pradesh,Indore,T30,18-25,Male,4.4,Net Banking,Verified
INV001853,2024-02-20,119551,SIP,2986,Delhi,Noida,T30,18-25,Male,6.1,Cheque,Verified
INV004378,2024-02-20,119093,Lumpsum,126338,Tamil Nadu,Chennai,T30,26-35,Female,23.2,Net Banking,Verified
INV004181,2024-02-20,101206,SIP,50037,Uttar Pradesh,Lucknow,T30,26-35,Female,17.8,UPI,Verified
INV000291,2024-02-20,119598,SIP,8105,Madhya Pradesh,Indore,T30,18-25,Female,6.2,UPI,Verified
INV004379,2024-02-20,119094,Lumpsum,197685,Delhi,Gurugram,T30,18-25,Male,6.0,UPI,Verified
INV000994,2024-02-20,120507,SIP,829,Maharashtra,Pune,T30,26-35,Female,6.1,Net Banking,Verified
INV003484,2024-02-20,120503,Lumpsum,22237,Madhya Pradesh,Bhopal,B30,26-35,Female,7.1,Mandate,Verified
INV002070,2024-02-20,101208,Redemption,213785,Telangana,Hyderabad,T30,36-45,Male,40.3,Mandate,Verified
INV000183,2024-02-20,119095,SIP,4396,Tamil Nadu,Coimbatore,B30,26-35,Male,9.8,Cheque,Verified
INV001993,2024-02-20,149324,SIP,2158,Uttar Pradesh,Agra,B30,36-45,Female,44.2,UPI,Verified
INV000440,2024-02-20,148567,Redemption,129921,Uttar Pradesh,Agra,B30,18-25,Male,6.7,Cheque,Verified
INV003204,2024-02-20,118635,SIP,22462,West Bengal,Kolkata,T30,18-25,Male,6.7,Mandate,Verified
INV002777,2024-02-20,119120,Lumpsum,222040,Madhya Pradesh,Indore,T30,26-35,Male,10.6,Cheque,Verified
INV002276,2024-02-20,100016,Redemption,521732,Telangana,Hyderabad,T30,46-55,Male,88.0,Cheque,Verified
INV000684,2024-02-20,102886,SIP,10439,Rajasthan,Udaipur,B30,26-35,Male,10.4,UPI,Verified
INV001196,2024-02-20,102885,SIP,4867,Punjab,Chandigarh,T30,26-35,Male,21.4,Cheque,Verified
INV001001,2024-02-20,119095,Lumpsum,514082,Madhya Pradesh,Indore,T30,26-35,Female,20.7,Mandate,Verified
INV004722,2024-02-20,119598,SIP,2855,Haryana,Faridabad,B30,36-45,Female,29.7,UPI,Pending
INV003718,2024-02-20,125497,SIP,3454,Telangana,Hyderabad,T30,46-55,Male,65.3,Mandate,Verified
INV003543,2024-02-20,120844,SIP,522,Maharashtra,Nashik,B30,26-35,Male,8.3,Cheque,Pending
INV001725,2024-02-20,118634,SIP,567,Tamil Nadu,Coimbatore,B30,36-45,Male,30.0,UPI,Verified
INV004909,2024-02-20,119092,SIP,541,Karnataka,Bangalore,T30,36-45,Male,20.3,Mandate,Verified
INV003780,2024-02-20,100025,SIP,40702,Haryana,Faridabad,B30,26-35,Male,10.1,Cheque,Verified
INV002192,2024-02-20,118632,SIP,897,Uttar Pradesh,Lucknow,T30,18-25,Male,6.9,UPI,Verified
INV002169,2024-02-20,119599,Lumpsum,530959,Punjab,Amritsar,B30,46-55,Male,70.3,Mandate,Verified
INV003100,2024-02-20,120842,Redemption,75949,Telangana,Hyderabad,T30,26-35,Male,16.5,Cheque,Verified
INV000009,2024-02-20,119093,SIP,28650,Haryana,Gurugram,T30,26-35,Male,17.1,Cheque,Verified
INV000321,2024-02-20,149322,SIP,5607,Maharashtra,Mumbai,T30,26-35,Male,24.2,UPI,Verified
INV000741,2024-02-20,100033,Redemption,207495,Rajasthan,Udaipur,B30,26-35,Male,17.4,UPI,Pending
INV000322,2024-02-20,120844,SIP,7456,Rajasthan,Jaipur,T30,18-25,Male,5.9,UPI,Verified
INV000526,2024-02-20,102887,Lumpsum,248003,Tamil Nadu,Coimbatore,B30,26-35,Female,16.5,UPI,Verified
INV003346,2024-02-20,149322,SIP,11274,Punjab,Chandigarh,T30,46-55,Male,16.7,Net Banking,Verified
INV004148,2024-02-20,120504,SIP,11041,Madhya Pradesh,Bhopal,B30,18-25,Male,5.1,Cheque,Verified
INV000533,2024-02-20,148567,SIP,14368,Rajasthan,Jaipur,T30,56+,Male,25.1,Mandate,Verified
INV002431,2024-02-20,119551,Redemption,367175,Delhi,Noida,T30,26-35,Female,14.8,UPI,Verified
INV000335,2024-02-20,120505,Lumpsum,257534,Maharashtra,Mumbai,T30,26-35,Male,11.6,Mandate,Verified
INV000087,2024-02-20,119093,SIP,4165,Rajasthan,Jaipur,T30,36-45,Male,56.2,Cheque,Verified
INV000913,2024-02-20,102885,SIP,46136,Gujarat,Ahmedabad,T30,26-35,Female,22.5,UPI,Verified
INV001207,2024-02-20,148567,SIP,2509,Karnataka,Bangalore,T30,18-25,Male,5.9,Cheque,Verified
INV001579,2024-02-20,120506,Lumpsum,356077,Karnataka,Bangalore,T30,46-55,Male,71.1,Mandate,Pending
INV003506,2024-02-20,120841,Lumpsum,171247,Tamil Nadu,Chennai,T30,56+,Female,55.5,UPI,Verified
INV001317,2024-02-20,100033,SIP,8145,Punjab,Chandigarh,T30,26-35,Female,8.9,UPI,Verified
INV003162,2024-02-20,120843,SIP,2317,West Bengal,Kolkata,T30,18-25,Male,4.1,UPI,Verified
INV003363,2024-02-20,119094,SIP,459,Haryana,Gurugram,T30,36-45,Male,46.5,Net Banking,Verified
INV004894,2024-02-20,125497,SIP,26750,Telangana,Hyderabad,T30,26-35,Female,21.0,Mandate,Verified
INV003798,2024-02-20,119095,SIP,2564,Karnataka,Bangalore,T30,36-45,Male,53.9,Cheque,Verified
INV004314,2024-02-20,119095,SIP,564,Haryana,Gurugram,T30,26-35,Male,19.2,Net Banking,Verified
INV000698,2024-02-20,120506,SIP,4410,Madhya Pradesh,Bhopal,B30,18-25,Male,7.1,Net Banking,Verified
INV001228,2024-02-20,149322,SIP,25492,Karnataka,Bangalore,T30,36-45,Female,29.8,Cheque,Verified
INV003848,2024-02-21,149324,SIP,2074,Telangana,Hyderabad,T30,26-35,Male,24.0,Cheque,Verified
INV001088,2024-02-21,125497,SIP,27457,Tamil Nadu,Coimbatore,B30,26-35,Male,15.3,Net Banking,Verified
INV001354,2024-02-21,100025,SIP,2539,Tamil Nadu,Coimbatore,B30,18-25,Male,7.0,UPI,Verified
INV004464,2024-02-21,118632,SIP,5481,Haryana,Faridabad,B30,26-35,Female,11.9,Cheque,Verified
INV004602,2024-02-21,125498,Lumpsum,124931,Delhi,Noida,T30,26-35,Female,9.4,Mandate,Verified
INV003521,2024-02-21,118634,Redemption,232977,Rajasthan,Jaipur,T30,46-55,Male,95.4,Mandate,Verified
INV004463,2024-02-21,118635,Lumpsum,262473,Karnataka,Bangalore,T30,26-35,Female,16.1,Cheque,Verified
INV002117,2024-02-21,119095,SIP,11621,Delhi,Gurugram,T30,26-35,Male,21.7,Cheque,Verified
INV004845,2024-02-21,120505,Lumpsum,339815,West Bengal,Kolkata,T30,18-25,Male,7.5,UPI,Verified
INV001909,2024-02-21,118636,SIP,11354,Telangana,Hyderabad,T30,36-45,Male,34.2,UPI,Verified
INV004858,2024-02-21,125498,SIP,1613,Uttar Pradesh,Kanpur,B30,36-45,Male,56.4,Cheque,Verified
INV001637,2024-02-21,120841,SIP,483,Haryana,Faridabad,B30,36-45,Female,45.1,Cheque,Verified
INV002464,2024-02-21,101206,SIP,27602,Karnataka,Bangalore,T30,26-35,Female,22.9,UPI,Verified
INV002598,2024-02-21,125497,SIP,51183,Uttar Pradesh,Lucknow,T30,26-35,Male,14.6,Cheque,Verified
INV001030,2024-02-21,100033,SIP,41614,Maharashtra,Mumbai,T30,26-35,Female,22.8,UPI,Verified
INV000379,2024-02-21,120506,Redemption,344804,Maharashtra,Pune,T30,46-55,Male,52.0,UPI,Verified
INV001256,2024-02-21,120841,Redemption,147190,West Bengal,Kolkata,T30,18-25,Male,7.0,Cheque,Verified
INV003298,2024-02-21,120504,SIP,53961,Gujarat,Surat,T30,26-35,Male,12.4,Net Banking,Verified
INV000055,2024-02-21,120505,Lumpsum,110439,Karnataka,Bangalore,T30,26-35,Male,13.5,Mandate,Verified
INV002497,2024-02-21,102887,SIP,58265,Telangana,Hyderabad,T30,26-35,Female,13.0,Net Banking,Verified
INV000644,2024-02-21,118633,SIP,544,West Bengal,Kolkata,T30,26-35,Male,9.1,Cheque,Verified
INV000823,2024-02-21,119094,SIP,2236,Madhya Pradesh,Bhopal,B30,46-55,Male,41.5,Net Banking,Verified
INV004117,2024-02-21,119095,SIP,17859,Uttar Pradesh,Kanpur,B30,18-25,Male,6.2,Cheque,Verified
INV003684,2024-02-21,149323,SIP,7000,Karnataka,Bangalore,T30,36-45,Male,42.9,UPI,Verified
INV001658,2024-02-21,101207,SIP,4744,Rajasthan,Jaipur,T30,36-45,Female,48.4,Net Banking,Verified
INV000061,2024-02-21,120507,SIP,2716,Tamil Nadu,Chennai,T30,26-35,Female,23.3,UPI,Verified
INV000737,2024-02-21,102886,Lumpsum,148525,Madhya Pradesh,Indore,T30,26-35,Female,10.0,Net Banking,Verified
INV004332,2024-02-21,120505,SIP,7069,Haryana,Faridabad,B30,36-45,Female,52.1,UPI,Verified
INV003406,2024-02-21,149323,Lumpsum,127946,Madhya Pradesh,Bhopal,B30,26-35,Male,21.2,Net Banking,Verified
INV001766,2024-02-21,101206,SIP,1914,Delhi,Gurugram,T30,46-55,Female,69.8,UPI,Verified
INV004205,2024-02-21,118633,SIP,48898,Telangana,Hyderabad,T30,56+,Female,56.9,Cheque,Verified
INV004117,2024-02-21,119599,SIP,517,Uttar Pradesh,Kanpur,B30,18-25,Male,6.2,Cheque,Verified
INV001661,2024-02-21,101206,SIP,8641,Uttar Pradesh,Lucknow,T30,56+,Female,26.4,Cheque,Verified
INV002204,2024-02-21,148567,Redemption,362325,Punjab,Amritsar,B30,36-45,Male,36.1,Mandate,Verified
INV004080,2024-02-21,149324,SIP,401,Punjab,Amritsar,B30,26-35,Female,18.7,Net Banking,Verified
INV002671,2024-02-21,101207,SIP,5261,Madhya Pradesh,Indore,T30,18-25,Male,6.3,Mandate,Verified
INV003475,2024-02-21,102885,SIP,4485,Telangana,Hyderabad,T30,26-35,Male,20.7,Net Banking,Verified
INV001826,2024-02-21,119552,Redemption,186811,Punjab,Amritsar,B30,18-25,Male,4.7,Net Banking,Verified
INV003268,2024-02-21,101208,Lumpsum,371987,Punjab,Amritsar,B30,26-35,Male,7.1,UPI,Verified
INV003766,2024-02-21,119094,SIP,42093,West Bengal,Kolkata,T30,36-45,Male,52.3,Net Banking,Verified
INV002673,2024-02-21,125498,SIP,56305,Maharashtra,Mumbai,T30,26-35,Male,14.2,Cheque,Verified
INV000063,2024-02-21,102885,SIP,5940,Uttar Pradesh,Agra,B30,46-55,Male,88.9,Net Banking,Verified
INV002143,2024-02-21,120504,SIP,1981,Uttar Pradesh,Lucknow,T30,26-35,Male,11.8,Cheque,Verified
INV001802,2024-02-21,119093,Lumpsum,534944,Punjab,Chandigarh,T30,46-55,Male,77.7,Net Banking,Verified
INV002940,2024-02-21,100033,Lumpsum,10995,Haryana,Faridabad,B30,26-35,Male,18.3,Mandate,Verified
INV002587,2024-02-21,148568,SIP,457,West Bengal,Kolkata,T30,18-25,Male,7.2,Mandate,Verified
INV003587,2024-02-21,120841,Lumpsum,353453,Telangana,Hyderabad,T30,26-35,Female,16.4,Net Banking,Verified
INV002472,2024-02-21,120507,Lumpsum,351347,Maharashtra,Mumbai,T30,26-35,Female,19.1,UPI,Verified
INV004249,2024-02-21,119094,Lumpsum,351351,Karnataka,Mysore,B30,26-35,Male,23.2,Cheque,Verified
INV001783,2024-02-21,118632,SIP,5264,Madhya Pradesh,Bhopal,B30,36-45,Female,52.6,Cheque,Verified
INV003751,2024-02-21,120844,SIP,3459,Delhi,New Delhi,T30,26-35,Male,14.1,UPI,Verified
INV004414,2024-02-21,120507,Redemption,128438,Uttar Pradesh,Lucknow,T30,26-35,Male,6.6,Net Banking,Verified
INV001708,2024-02-21,125498,SIP,15077,Haryana,Faridabad,B30,18-25,Male,7.7,Mandate,Verified
INV000545,2024-02-21,149322,Redemption,33104,Telangana,Hyderabad,T30,26-35,Male,23.6,Mandate,Verified
INV004162,2024-02-21,119598,Redemption,138641,Haryana,Faridabad,B30,18-25,Male,5.1,Cheque,Verified
INV003561,2024-02-21,102886,SIP,1947,West Bengal,Kolkata,T30,26-35,Male,22.0,UPI,Verified
INV001350,2024-02-21,120503,Lumpsum,166489,Madhya Pradesh,Bhopal,B30,46-55,Female,31.7,UPI,Verified
INV004926,2024-02-21,118635,SIP,7024,Karnataka,Mysore,B30,36-45,Male,45.3,Mandate,Pending
INV004504,2024-02-21,118636,SIP,43894,Telangana,Hyderabad,T30,46-55,Male,46.3,Mandate,Verified
INV001795,2024-02-21,149324,SIP,20991,Madhya Pradesh,Indore,T30,46-55,Male,17.7,Net Banking,Verified
INV003721,2024-02-21,100033,SIP,2333,Karnataka,Mysore,B30,26-35,Male,19.5,Mandate,Verified
INV001242,2024-02-21,102886,SIP,2209,Tamil Nadu,Chennai,T30,36-45,Male,57.8,Net Banking,Verified
INV000392,2024-02-21,148569,SIP,6902,Gujarat,Surat,T30,26-35,Female,16.6,Cheque,Verified
INV004780,2024-02-21,101207,SIP,6058,Haryana,Gurugram,T30,36-45,Male,42.4,Net Banking,Verified
INV000698,2024-02-21,118633,SIP,843,Madhya Pradesh,Bhopal,B30,18-25,Male,7.1,Net Banking,Verified
INV001442,2024-02-21,100025,SIP,2592,Uttar Pradesh,Lucknow,T30,26-35,Male,16.2,UPI,Verified
INV001723,2024-02-21,148568,SIP,54152,Tamil Nadu,Chennai,T30,26-35,Male,14.2,Mandate,Verified
INV002552,2024-02-22,119599,SIP,13958,Delhi,Gurugram,T30,36-45,Male,24.4,Cheque,Verified
INV004256,2024-02-22,120844,Lumpsum,207066,Karnataka,Mysore,B30,26-35,Male,22.3,Mandate,Pending
INV002774,2024-02-22,120505,Lumpsum,292800,Haryana,Gurugram,T30,36-45,Male,58.4,Cheque,Verified
INV001599,2024-02-22,119598,SIP,4961,Haryana,Faridabad,B30,36-45,Female,31.0,Cheque,Verified
INV000629,2024-02-22,149322,SIP,14504,West Bengal,Kolkata,T30,46-55,Male,96.4,Mandate,Verified
INV004138,2024-02-22,100016,Redemption,432244,Madhya Pradesh,Indore,T30,36-45,Male,18.2,Mandate,Verified
INV002206,2024-02-22,101206,SIP,16283,Tamil Nadu,Chennai,T30,18-25,Male,7.7,Net Banking,Verified
INV001389,2024-02-22,119599,Lumpsum,208415,Karnataka,Mysore,B30,46-55,Female,39.7,Mandate,Verified
INV001974,2024-02-22,118634,Redemption,322788,Tamil Nadu,Chennai,T30,56+,Male,64.3,UPI,Verified
INV004094,2024-02-22,101208,Redemption,58459,Haryana,Faridabad,B30,26-35,Female,10.0,Mandate,Pending
INV004594,2024-02-22,149322,Lumpsum,464989,Haryana,Gurugram,T30,26-35,Female,9.8,UPI,Verified
INV002943,2024-02-22,101208,Lumpsum,112677,Karnataka,Bangalore,T30,26-35,Female,7.6,Cheque,Verified
INV001692,2024-02-22,148568,Redemption,241380,Rajasthan,Jaipur,T30,26-35,Male,11.7,Mandate,Verified
INV001277,2024-02-22,120842,SIP,545,Maharashtra,Mumbai,T30,18-25,Male,7.0,UPI,Verified
INV001747,2024-02-22,148568,SIP,42085,Madhya Pradesh,Indore,T30,18-25,Female,3.8,Net Banking,Verified
INV003262,2024-02-22,100033,SIP,4490,Telangana,Hyderabad,T30,46-55,Male,80.2,Cheque,Verified
INV001857,2024-02-22,101208,SIP,24144,Tamil Nadu,Chennai,T30,26-35,Male,24.0,Net Banking,Verified
INV003613,2024-02-22,118633,SIP,1986,Punjab,Amritsar,B30,26-35,Male,13.5,Cheque,Verified
INV004950,2024-02-22,120506,Redemption,352477,Madhya Pradesh,Indore,T30,26-35,Male,9.8,UPI,Verified
INV002828,2024-02-22,118633,SIP,5331,West Bengal,Kolkata,T30,26-35,Male,21.8,UPI,Verified
INV001975,2024-02-22,120504,Lumpsum,73940,Delhi,New Delhi,T30,36-45,Female,35.3,Net Banking,Verified
INV003168,2024-02-22,149324,SIP,2093,Uttar Pradesh,Lucknow,T30,18-25,Male,5.1,Net Banking,Pending
INV001442,2024-02-22,118633,SIP,7154,Uttar Pradesh,Lucknow,T30,26-35,Male,16.2,Cheque,Verified
INV000734,2024-02-22,118633,SIP,52694,Maharashtra,Pune,T30,26-35,Female,15.2,UPI,Verified
INV003834,2024-02-22,119120,Lumpsum,139186,Madhya Pradesh,Bhopal,B30,36-45,Male,25.1,Net Banking,Verified
INV002647,2024-02-22,120843,SIP,414,Rajasthan,Jaipur,T30,46-55,Male,87.0,UPI,Verified
INV004165,2024-02-22,119551,Redemption,89661,West Bengal,Kolkata,T30,26-35,Male,9.3,Net Banking,Verified
INV001529,2024-02-22,120503,Redemption,112992,Haryana,Faridabad,B30,56+,Male,72.6,Mandate,Verified
INV000168,2024-02-22,119095,SIP,2090,Rajasthan,Jaipur,T30,26-35,Male,9.7,Cheque,Verified
INV002011,2024-02-22,120843,Lumpsum,310492,Tamil Nadu,Chennai,T30,36-45,Male,41.1,Mandate,Verified
INV001447,2024-02-22,119095,SIP,24284,Madhya Pradesh,Indore,T30,26-35,Female,14.6,Mandate,Verified
INV004028,2024-02-22,149324,SIP,8271,Rajasthan,Jaipur,T30,18-25,Male,3.3,Cheque,Verified
INV001875,2024-02-22,100025,Redemption,8518,Karnataka,Mysore,B30,56+,Female,64.4,Cheque,Verified
INV004151,2024-02-22,120844,SIP,1987,Karnataka,Mysore,B30,26-35,Male,21.6,UPI,Verified
INV000632,2024-02-22,102887,Redemption,265079,Delhi,Gurugram,T30,36-45,Male,49.1,Mandate,Verified
INV002152,2024-02-22,149324,SIP,52733,Tamil Nadu,Coimbatore,B30,46-55,Male,69.8,Mandate,Pending
INV003205,2024-02-22,100033,Lumpsum,338264,Punjab,Chandigarh,T30,26-35,Female,16.1,Cheque,Verified
INV002531,2024-02-22,100016,Lumpsum,382515,Rajasthan,Udaipur,B30,36-45,Female,50.4,Mandate,Verified
INV003306,2024-02-22,149323,SIP,800,Gujarat,Ahmedabad,T30,36-45,Male,14.6,Cheque,Verified
INV000708,2024-02-22,119599,Lumpsum,279763,Delhi,Noida,T30,26-35,Female,13.5,Mandate,Verified
INV002343,2024-02-22,120506,Lumpsum,343696,Punjab,Amritsar,B30,26-35,Male,22.1,Mandate,Verified
INV003541,2024-02-22,125498,Lumpsum,159762,Punjab,Chandigarh,T30,26-35,Female,10.5,UPI,Verified
INV001350,2024-02-22,100033,Lumpsum,22845,Madhya Pradesh,Bhopal,B30,46-55,Female,31.7,Net Banking,Verified
INV004737,2024-02-22,119599,Redemption,76994,Madhya Pradesh,Indore,T30,46-55,Male,98.4,Mandate,Verified
INV002886,2024-02-22,118632,SIP,8220,Tamil Nadu,Chennai,T30,18-25,Female,7.1,Mandate,Verified
INV004056,2024-02-22,119093,Lumpsum,227835,Haryana,Gurugram,T30,26-35,Male,8.3,UPI,Verified
INV001940,2024-02-22,100016,SIP,419,Delhi,New Delhi,T30,36-45,Male,28.4,Mandate,Verified
INV002886,2024-02-22,120844,SIP,3310,Tamil Nadu,Chennai,T30,18-25,Female,7.1,Mandate,Pending
INV000826,2024-02-22,120844,SIP,4030,Madhya Pradesh,Bhopal,B30,36-45,Female,44.3,UPI,Verified
INV002332,2024-02-22,118633,SIP,43446,Punjab,Chandigarh,T30,26-35,Female,13.4,Mandate,Verified
INV001899,2024-02-22,119094,SIP,26157,Gujarat,Ahmedabad,T30,26-35,Male,7.6,Cheque,Verified
INV002968,2024-02-22,102886,SIP,13222,West Bengal,Kolkata,T30,36-45,Female,16.2,UPI,Verified
INV004648,2024-02-22,125497,SIP,2441,Maharashtra,Pune,T30,36-45,Male,54.3,UPI,Pending
INV004634,2024-02-22,118636,SIP,4382,Tamil Nadu,Chennai,T30,26-35,Male,15.1,Mandate,Verified
INV002041,2024-02-22,100025,SIP,563,Madhya Pradesh,Indore,T30,26-35,Male,21.9,Cheque,Verified
INV000161,2024-02-23,125497,SIP,8718,Rajasthan,Jaipur,T30,18-25,Female,6.8,UPI,Pending
INV000958,2024-02-23,100025,SIP,24498,Delhi,Gurugram,T30,56+,Male,74.6,Cheque,Verified
INV002133,2024-02-23,148569,SIP,2869,Rajasthan,Udaipur,B30,26-35,Male,23.0,Net Banking,Verified
INV000955,2024-02-23,119599,Redemption,472466,Gujarat,Surat,T30,26-35,Male,6.7,Mandate,Verified
INV003448,2024-02-23,149324,SIP,3268,Rajasthan,Udaipur,B30,26-35,Male,16.4,Mandate,Verified
INV001515,2024-02-23,125498,SIP,2632,Tamil Nadu,Coimbatore,B30,18-25,Male,7.4,UPI,Verified
INV001485,2024-02-23,100016,Lumpsum,62896,Rajasthan,Jaipur,T30,56+,Female,24.4,UPI,Verified
INV000563,2024-02-23,120503,Lumpsum,280821,Uttar Pradesh,Lucknow,T30,26-35,Male,15.5,Net Banking,Pending
INV003915,2024-02-23,149324,Lumpsum,471992,Delhi,Noida,T30,26-35,Female,19.7,UPI,Verified
INV000941,2024-02-23,120841,SIP,8584,Rajasthan,Udaipur,B30,26-35,Male,7.2,Cheque,Verified
INV000952,2024-02-23,120506,Lumpsum,36310,Telangana,Hyderabad,T30,46-55,Male,65.9,Cheque,Verified
INV002512,2024-02-23,118632,Lumpsum,358798,Rajasthan,Jaipur,T30,46-55,Male,74.6,Mandate,Verified
INV000014,2024-02-23,118635,SIP,5357,Tamil Nadu,Chennai,T30,18-25,Male,4.3,Mandate,Verified
INV000939,2024-02-23,120506,SIP,2526,Karnataka,Bangalore,T30,26-35,Male,19.6,Net Banking,Verified
INV004514,2024-02-23,119599,SIP,488,Haryana,Faridabad,B30,46-55,Male,40.1,UPI,Verified
INV001723,2024-02-23,125498,Redemption,193855,Tamil Nadu,Chennai,T30,26-35,Male,14.2,UPI,Verified
INV002645,2024-02-23,100016,Lumpsum,153047,Haryana,Gurugram,T30,46-55,Female,67.7,Net Banking,Verified
INV000520,2024-02-23,120844,SIP,2978,West Bengal,Kolkata,T30,46-55,Female,59.4,UPI,Verified
INV003250,2024-02-23,119092,SIP,5515,Gujarat,Ahmedabad,T30,26-35,Male,11.3,UPI,Verified
INV000244,2024-02-23,118636,SIP,5928,Telangana,Hyderabad,T30,26-35,Male,24.9,Cheque,Verified
INV003074,2024-02-23,120504,SIP,2280,Haryana,Faridabad,B30,26-35,Male,8.3,Mandate,Verified
INV001166,2024-02-23,100025,SIP,2292,Punjab,Chandigarh,T30,26-35,Male,21.4,UPI,Verified
INV000186,2024-02-23,120844,Lumpsum,343004,Maharashtra,Mumbai,T30,18-25,Male,3.1,Mandate,Verified
INV000606,2024-02-23,125498,SIP,2449,Karnataka,Mysore,B30,18-25,Male,7.8,Net Banking,Verified
INV003512,2024-02-23,119598,Lumpsum,279322,Delhi,Gurugram,T30,56+,Female,31.5,Cheque,Verified
INV002594,2024-02-23,119552,SIP,6974,Haryana,Gurugram,T30,26-35,Male,23.7,Net Banking,Verified
INV001842,2024-02-23,119598,SIP,2302,Gujarat,Surat,T30,26-35,Male,14.4,Cheque,Verified
INV003723,2024-02-23,120503,SIP,4229,Tamil Nadu,Chennai,T30,26-35,Female,10.9,Cheque,Verified
INV003042,2024-02-23,120505,SIP,500,Tamil Nadu,Coimbatore,B30,46-55,Male,23.5,Mandate,Verified
INV004442,2024-02-23,120843,Lumpsum,258996,Haryana,Faridabad,B30,18-25,Male,5.8,Cheque,Verified
INV001141,2024-02-23,120504,Lumpsum,227237,West Bengal,Kolkata,T30,18-25,Female,3.0,Mandate,Verified
INV001284,2024-02-23,100033,Redemption,460094,West Bengal,Kolkata,T30,36-45,Male,49.0,Net Banking,Verified
INV003159,2024-02-23,118636,SIP,24368,Punjab,Amritsar,B30,36-45,Male,25.9,Mandate,Verified
INV003188,2024-02-23,148568,Lumpsum,525441,Tamil Nadu,Coimbatore,B30,26-35,Male,11.0,Net Banking,Verified
INV003597,2024-02-23,119094,Redemption,182381,Punjab,Chandigarh,T30,18-25,Male,5.6,Mandate,Verified
INV001117,2024-02-23,118636,SIP,547,Punjab,Amritsar,B30,18-25,Male,3.9,Cheque,Verified
INV003141,2024-02-23,118633,Lumpsum,21127,Maharashtra,Pune,T30,36-45,Female,40.1,Mandate,Verified
INV002381,2024-02-23,119120,Lumpsum,440883,Karnataka,Mysore,B30,36-45,Male,23.1,Mandate,Pending
INV004642,2024-02-23,100025,SIP,2817,Uttar Pradesh,Kanpur,B30,46-55,Male,31.9,Cheque,Verified
INV002524,2024-02-23,148569,Redemption,445563,Rajasthan,Udaipur,B30,46-55,Male,72.9,UPI,Verified
INV001792,2024-02-23,119092,SIP,3318,Gujarat,Ahmedabad,T30,26-35,Female,18.8,Mandate,Verified
INV001264,2024-02-23,120505,Lumpsum,225708,Madhya Pradesh,Indore,T30,26-35,Female,12.0,UPI,Verified
INV003947,2024-02-23,148567,Redemption,312740,Delhi,Noida,T30,26-35,Male,12.9,Mandate,Verified
INV000477,2024-02-23,120844,Redemption,155907,Uttar Pradesh,Lucknow,T30,18-25,Female,5.3,UPI,Verified
INV000377,2024-02-23,100016,SIP,467,Karnataka,Bangalore,T30,26-35,Male,19.8,UPI,Verified
INV004654,2024-02-23,100016,Lumpsum,26628,Haryana,Gurugram,T30,46-55,Female,95.0,UPI,Verified
INV003359,2024-02-23,119598,Lumpsum,273513,Gujarat,Ahmedabad,T30,26-35,Male,18.4,Net Banking,Verified
INV003784,2024-02-23,120843,SIP,2061,Telangana,Hyderabad,T30,56+,Female,8.2,Net Banking,Verified
INV003694,2024-02-23,119094,SIP,9705,Madhya Pradesh,Bhopal,B30,26-35,Female,24.1,UPI,Verified
INV001762,2024-02-23,118636,Lumpsum,136417,Punjab,Amritsar,B30,18-25,Female,7.5,UPI,Verified
INV003563,2024-02-23,101206,SIP,1966,Haryana,Gurugram,T30,46-55,Male,41.8,Mandate,Verified
INV001079,2024-02-23,120507,SIP,550,West Bengal,Kolkata,T30,26-35,Male,10.1,Cheque,Verified
INV000990,2024-02-23,119093,SIP,2208,West Bengal,Kolkata,T30,56+,Male,32.4,Net Banking,Verified
INV001764,2024-02-23,148569,SIP,3569,Rajasthan,Udaipur,B30,46-55,Female,28.1,UPI,Verified
INV003803,2024-02-23,148568,Lumpsum,167838,Rajasthan,Jaipur,T30,26-35,Male,10.8,Cheque,Verified
INV002252,2024-02-23,149324,SIP,6607,Maharashtra,Pune,T30,36-45,Female,46.4,Net Banking,Pending
INV000270,2024-02-23,120503,SIP,2871,Maharashtra,Mumbai,T30,18-25,Male,7.6,Net Banking,Verified
INV001355,2024-02-23,120841,Lumpsum,247346,Tamil Nadu,Chennai,T30,46-55,Female,89.8,Cheque,Verified
INV000017,2024-02-23,120505,Lumpsum,89132,Gujarat,Surat,T30,46-55,Female,31.5,Cheque,Verified
INV001043,2024-02-24,100033,SIP,2452,Haryana,Gurugram,T30,18-25,Male,7.8,Cheque,Verified
INV003209,2024-02-24,148567,SIP,26332,Delhi,Gurugram,T30,46-55,Male,76.0,Mandate,Verified
INV001616,2024-02-24,149324,SIP,56987,Tamil Nadu,Chennai,T30,26-35,Male,23.2,Net Banking,Verified
INV003672,2024-02-24,101207,SIP,57230,Uttar Pradesh,Agra,B30,36-45,Male,32.5,Cheque,Verified
INV002729,2024-02-24,100033,Redemption,567996,Uttar Pradesh,Kanpur,B30,26-35,Female,15.4,Net Banking,Verified
INV001738,2024-02-24,100033,SIP,4348,Karnataka,Bangalore,T30,36-45,Female,41.2,Net Banking,Verified
INV003586,2024-02-24,120842,Redemption,71739,Haryana,Faridabad,B30,46-55,Male,68.9,Cheque,Verified
INV003650,2024-02-24,118636,SIP,2864,Telangana,Hyderabad,T30,46-55,Male,87.3,Net Banking,Verified
INV001458,2024-02-24,119598,SIP,23128,Tamil Nadu,Coimbatore,B30,46-55,Male,34.9,Mandate,Verified
INV002912,2024-02-24,120503,SIP,59634,Maharashtra,Mumbai,T30,26-35,Female,23.6,Mandate,Verified
INV000331,2024-02-24,101208,SIP,20744,Madhya Pradesh,Indore,T30,36-45,Male,15.5,Mandate,Verified
INV003910,2024-02-24,120504,Lumpsum,61430,Maharashtra,Pune,T30,26-35,Male,8.8,Cheque,Verified
INV003214,2024-02-24,120506,Lumpsum,81628,Punjab,Chandigarh,T30,36-45,Male,18.2,Mandate,Verified
INV004106,2024-02-24,100025,SIP,27436,Gujarat,Surat,T30,26-35,Male,16.3,Mandate,Verified
INV000598,2024-02-24,101208,Lumpsum,420483,Karnataka,Bangalore,T30,26-35,Male,16.6,UPI,Verified
INV000612,2024-02-24,102887,SIP,10046,Punjab,Amritsar,B30,18-25,Male,6.3,Net Banking,Verified
INV003044,2024-02-24,148569,SIP,47676,West Bengal,Kolkata,T30,18-25,Female,3.2,Mandate,Verified
INV004798,2024-02-24,119093,SIP,6791,Madhya Pradesh,Bhopal,B30,26-35,Male,8.4,Net Banking,Verified
INV004642,2024-02-24,120843,SIP,2949,Uttar Pradesh,Kanpur,B30,46-55,Male,31.9,Mandate,Verified
INV004639,2024-02-24,101208,Lumpsum,223352,Rajasthan,Jaipur,T30,18-25,Female,6.0,UPI,Pending
INV001019,2024-02-24,148568,SIP,1166,Madhya Pradesh,Indore,T30,26-35,Male,10.6,UPI,Verified
INV000394,2024-02-24,118634,Redemption,226056,Maharashtra,Mumbai,T30,26-35,Male,12.2,UPI,Verified
INV003891,2024-02-24,149324,SIP,1812,Telangana,Hyderabad,T30,26-35,Male,21.8,UPI,Verified
INV000193,2024-02-24,100033,Lumpsum,360138,Delhi,Gurugram,T30,26-35,Female,11.6,Net Banking,Verified
INV000241,2024-02-24,148568,Lumpsum,120721,Telangana,Hyderabad,T30,26-35,Female,16.5,Cheque,Verified
INV003399,2024-02-24,120841,SIP,12934,Telangana,Hyderabad,T30,26-35,Female,16.0,Cheque,Verified
INV000500,2024-02-24,120506,SIP,26482,West Bengal,Kolkata,T30,26-35,Female,19.9,Cheque,Verified
INV002274,2024-02-24,118632,SIP,4354,Tamil Nadu,Coimbatore,B30,18-25,Female,6.9,Mandate,Verified
INV004593,2024-02-24,101206,SIP,3236,Punjab,Amritsar,B30,26-35,Male,13.7,Cheque,Verified
INV002445,2024-02-24,120506,SIP,12273,Punjab,Chandigarh,T30,26-35,Male,9.5,Mandate,Verified
INV002771,2024-02-24,148569,Lumpsum,253484,West Bengal,Kolkata,T30,36-45,Female,45.1,Cheque,Verified
INV000190,2024-02-24,119599,Lumpsum,56145,Madhya Pradesh,Indore,T30,26-35,Female,8.2,UPI,Verified
INV001334,2024-02-24,119551,SIP,2507,Punjab,Amritsar,B30,36-45,Male,38.6,UPI,Verified
INV004079,2024-02-24,120843,SIP,2542,Karnataka,Bangalore,T30,36-45,Female,57.2,Cheque,Verified
INV004472,2024-02-24,119120,Redemption,237999,West Bengal,Kolkata,T30,26-35,Female,19.1,Mandate,Verified
INV002228,2024-02-24,102887,SIP,48786,Uttar Pradesh,Kanpur,B30,18-25,Male,7.7,Cheque,Verified
INV002722,2024-02-24,101208,Lumpsum,75264,Delhi,Noida,T30,36-45,Female,50.9,Cheque,Verified
INV002764,2024-02-24,149323,Lumpsum,150454,Madhya Pradesh,Bhopal,B30,36-45,Male,40.8,Net Banking,Verified
INV000296,2024-02-24,120507,Lumpsum,356475,Madhya Pradesh,Indore,T30,26-35,Male,16.7,UPI,Verified
INV002785,2024-02-24,120506,Redemption,256909,Delhi,Noida,T30,36-45,Male,20.2,UPI,Verified
INV001695,2024-02-24,120841,SIP,14060,Punjab,Amritsar,B30,36-45,Male,24.0,UPI,Verified
INV003028,2024-02-24,101207,Redemption,534555,Tamil Nadu,Chennai,T30,26-35,Female,12.8,Net Banking,Verified
INV004811,2024-02-24,119095,Lumpsum,100444,Punjab,Amritsar,B30,26-35,Female,9.4,Mandate,Verified
INV002993,2024-02-24,118635,Redemption,310664,Maharashtra,Pune,T30,46-55,Male,36.0,UPI,Verified
INV003781,2024-02-24,119120,Redemption,235057,Tamil Nadu,Coimbatore,B30,26-35,Male,15.8,Net Banking,Verified
INV003336,2024-02-24,100033,SIP,44849,Punjab,Amritsar,B30,46-55,Female,45.8,Cheque,Verified
INV001962,2024-02-24,125498,SIP,11479,Maharashtra,Mumbai,T30,26-35,Male,13.6,UPI,Verified
INV001625,2024-02-24,101207,Lumpsum,442133,Uttar Pradesh,Kanpur,B30,46-55,Female,78.2,Net Banking,Verified
INV001398,2024-02-24,119092,SIP,858,Madhya Pradesh,Indore,T30,26-35,Female,18.4,Mandate,Verified
INV004252,2024-02-24,125497,Redemption,447629,Haryana,Faridabad,B30,36-45,Male,58.7,Mandate,Verified
INV004956,2024-02-24,120503,SIP,14461,Maharashtra,Mumbai,T30,46-55,Male,62.4,Cheque,Verified
INV002815,2024-02-24,120503,Lumpsum,384215,Rajasthan,Jaipur,T30,26-35,Male,10.5,UPI,Pending
INV000448,2024-02-24,101206,Redemption,252475,West Bengal,Kolkata,T30,18-25,Male,3.4,Net Banking,Verified
INV000585,2024-02-24,120507,SIP,7649,Telangana,Hyderabad,T30,46-55,Female,47.0,Mandate,Verified
INV000193,2024-02-25,119551,SIP,14761,Delhi,Gurugram,T30,26-35,Female,11.6,UPI,Verified
INV003304,2024-02-25,119093,SIP,7267,Telangana,Hyderabad,T30,18-25,Female,4.8,UPI,Verified
INV001826,2024-02-25,118636,SIP,5512,Punjab,Amritsar,B30,18-25,Male,4.7,Mandate,Verified
INV004927,2024-02-25,100016,SIP,2203,Maharashtra,Nashik,B30,26-35,Male,19.5,Net Banking,Verified
INV002811,2024-02-25,100033,Redemption,212382,Uttar Pradesh,Agra,B30,36-45,Male,43.7,Mandate,Verified
INV001706,2024-02-25,101207,SIP,14070,West Bengal,Kolkata,T30,26-35,Male,14.2,Net Banking,Verified
INV002987,2024-02-25,100025,Lumpsum,20557,West Bengal,Kolkata,T30,18-25,Male,4.4,UPI,Verified
INV003524,2024-02-25,100025,SIP,492,Telangana,Hyderabad,T30,36-45,Male,12.5,Net Banking,Verified
INV001876,2024-02-25,102887,SIP,1183,Delhi,Gurugram,T30,36-45,Male,13.3,Net Banking,Pending
INV004660,2024-02-25,120507,Lumpsum,363454,Uttar Pradesh,Agra,B30,18-25,Male,4.9,Net Banking,Pending
INV003207,2024-02-25,101207,SIP,853,Rajasthan,Jaipur,T30,46-55,Male,48.9,Mandate,Verified
INV000062,2024-02-25,119092,SIP,17352,Haryana,Faridabad,B30,46-55,Male,22.9,UPI,Verified
INV000624,2024-02-25,120842,SIP,26249,West Bengal,Kolkata,T30,56+,Male,79.6,UPI,Verified
INV003203,2024-02-25,148567,SIP,8603,Telangana,Hyderabad,T30,26-35,Male,22.5,Net Banking,Verified
INV000457,2024-02-25,119095,SIP,2608,Haryana,Faridabad,B30,26-35,Female,22.3,Mandate,Verified
INV004134,2024-02-25,118636,SIP,4265,West Bengal,Kolkata,T30,36-45,Male,24.4,Mandate,Verified
INV004865,2024-02-25,102887,Lumpsum,192394,Maharashtra,Nashik,B30,56+,Male,77.2,UPI,Pending
INV000310,2024-02-25,125497,SIP,4794,Delhi,Noida,T30,36-45,Male,58.4,Net Banking,Verified
INV000764,2024-02-25,102885,SIP,20259,Punjab,Chandigarh,T30,26-35,Male,15.6,Cheque,Verified
INV000315,2024-02-25,102886,SIP,8406,Telangana,Hyderabad,T30,18-25,Male,3.2,Cheque,Verified
INV004165,2024-02-25,101207,Redemption,131947,West Bengal,Kolkata,T30,26-35,Male,9.3,UPI,Verified
INV003862,2024-02-25,101208,SIP,7156,Madhya Pradesh,Indore,T30,26-35,Male,17.0,Cheque,Verified
INV003166,2024-02-25,119598,SIP,8470,Karnataka,Bangalore,T30,26-35,Female,7.1,Cheque,Verified
INV002824,2024-02-25,118633,SIP,11932,Rajasthan,Jaipur,T30,56+,Male,42.5,UPI,Verified
INV004892,2024-02-25,119552,SIP,4140,West Bengal,Kolkata,T30,26-35,Female,22.7,Net Banking,Verified
INV003593,2024-02-25,119120,Lumpsum,257171,Karnataka,Bangalore,T30,26-35,Female,21.6,Cheque,Verified
INV001741,2024-02-25,119598,SIP,3340,Rajasthan,Udaipur,B30,36-45,Male,52.8,Net Banking,Verified
INV003103,2024-02-25,125497,SIP,5456,Tamil Nadu,Coimbatore,B30,36-45,Female,55.8,Mandate,Verified
INV003288,2024-02-25,118634,Lumpsum,142366,Punjab,Chandigarh,T30,56+,Male,57.9,Mandate,Pending
INV003828,2024-02-25,120843,SIP,5440,Karnataka,Bangalore,T30,18-25,Male,7.6,UPI,Verified
INV000864,2024-02-25,102885,SIP,6728,Tamil Nadu,Chennai,T30,26-35,Female,24.9,Net Banking,Verified
INV003573,2024-02-25,102887,SIP,26359,Gujarat,Surat,T30,36-45,Male,51.8,Net Banking,Verified
INV002633,2024-02-25,119092,SIP,14022,Karnataka,Bangalore,T30,26-35,Female,8.1,UPI,Pending
INV003403,2024-02-25,120507,SIP,12142,Madhya Pradesh,Bhopal,B30,18-25,Male,6.3,UPI,Verified
INV001912,2024-02-25,100025,Lumpsum,258309,Haryana,Gurugram,T30,26-35,Male,10.4,Cheque,Verified
INV000267,2024-02-25,120841,SIP,1698,Telangana,Hyderabad,T30,26-35,Male,17.7,UPI,Verified
INV001762,2024-02-25,125497,Redemption,73857,Punjab,Amritsar,B30,18-25,Female,7.5,UPI,Verified
INV004869,2024-02-25,119093,SIP,2799,West Bengal,Kolkata,T30,26-35,Male,9.7,Cheque,Verified
INV003757,2024-02-25,102887,SIP,15260,Uttar Pradesh,Agra,B30,18-25,Male,3.7,Net Banking,Verified
INV001752,2024-02-25,119552,SIP,15021,Rajasthan,Udaipur,B30,26-35,Female,13.4,UPI,Verified
INV004248,2024-02-25,100016,SIP,1045,West Bengal,Kolkata,T30,46-55,Male,89.3,Net Banking,Verified
INV002282,2024-02-25,119598,Lumpsum,127208,West Bengal,Kolkata,T30,36-45,Male,53.7,Net Banking,Verified
INV004265,2024-02-25,119092,SIP,26788,Punjab,Amritsar,B30,18-25,Male,7.6,Cheque,Verified
INV001466,2024-02-25,119094,SIP,21926,Delhi,Noida,T30,46-55,Female,20.3,UPI,Verified
INV002587,2024-02-25,148568,Lumpsum,464482,West Bengal,Kolkata,T30,18-25,Male,7.2,UPI,Verified
INV001031,2024-02-25,119552,SIP,10097,Delhi,New Delhi,T30,36-45,Female,23.0,Cheque,Verified
INV004802,2024-02-25,100025,SIP,3354,Uttar Pradesh,Kanpur,B30,26-35,Male,20.9,Mandate,Verified
INV001806,2024-02-25,118636,SIP,4519,Telangana,Hyderabad,T30,36-45,Male,32.6,UPI,Verified
INV003709,2024-02-25,149324,Lumpsum,110418,Uttar Pradesh,Agra,B30,46-55,Female,21.0,Net Banking,Verified
INV002832,2024-02-25,120504,Redemption,281337,Uttar Pradesh,Lucknow,T30,26-35,Male,15.9,Mandate,Verified
INV002223,2024-02-25,119598,Redemption,453210,Karnataka,Bangalore,T30,36-45,Female,40.7,UPI,Verified
INV000755,2024-02-25,101206,Redemption,300906,Uttar Pradesh,Agra,B30,26-35,Female,13.1,Cheque,Verified
INV004673,2024-02-25,101206,Redemption,214747,Maharashtra,Pune,T30,36-45,Female,39.7,Cheque,Verified
INV000735,2024-02-25,149322,SIP,4482,Maharashtra,Pune,T30,36-45,Male,57.7,Net Banking,Pending
INV000885,2024-02-25,119551,SIP,1801,Gujarat,Ahmedabad,T30,26-35,Male,12.3,Net Banking,Verified
INV004850,2024-02-25,119598,Lumpsum,256335,Madhya Pradesh,Bhopal,B30,56+,Male,34.8,Mandate,Verified
INV000881,2024-02-25,119552,SIP,20695,Uttar Pradesh,Agra,B30,26-35,Male,17.1,UPI,Verified
INV002692,2024-02-25,125498,Lumpsum,317701,West Bengal,Kolkata,T30,26-35,Male,16.7,UPI,Verified
INV004308,2024-02-25,119093,Redemption,160205,Gujarat,Surat,T30,26-35,Female,11.1,UPI,Verified
INV001299,2024-02-26,120506,SIP,13830,Haryana,Faridabad,B30,26-35,Male,19.9,Net Banking,Verified
INV003316,2024-02-26,125498,SIP,3042,Punjab,Chandigarh,T30,36-45,Male,22.9,Mandate,Verified
INV004239,2024-02-26,149322,SIP,56309,Karnataka,Bangalore,T30,18-25,Female,6.3,Net Banking,Pending
INV001321,2024-02-26,125498,SIP,542,Telangana,Hyderabad,T30,46-55,Male,74.1,Cheque,Verified
INV003310,2024-02-26,149322,SIP,4421,Telangana,Hyderabad,T30,26-35,Male,8.0,Mandate,Verified
INV000738,2024-02-26,101208,Redemption,337554,Punjab,Amritsar,B30,26-35,Male,12.1,Cheque,Verified
INV001768,2024-02-26,148568,Lumpsum,135777,Madhya Pradesh,Bhopal,B30,26-35,Female,14.1,Cheque,Verified
INV001037,2024-02-26,119551,SIP,1743,Haryana,Faridabad,B30,36-45,Female,41.8,Mandate,Verified
INV003527,2024-02-26,119598,Lumpsum,112678,Telangana,Hyderabad,T30,36-45,Female,26.2,Net Banking,Verified
INV003554,2024-02-26,120507,Lumpsum,247611,Rajasthan,Jaipur,T30,26-35,Female,15.6,Net Banking,Pending
INV000994,2024-02-26,119093,Lumpsum,433180,Maharashtra,Pune,T30,26-35,Female,6.1,Mandate,Verified
INV001150,2024-02-26,125497,Lumpsum,410080,Tamil Nadu,Coimbatore,B30,26-35,Female,19.5,Net Banking,Verified
INV000823,2024-02-26,125498,SIP,7329,Madhya Pradesh,Bhopal,B30,46-55,Male,41.5,Net Banking,Verified
INV001850,2024-02-26,101208,SIP,902,Uttar Pradesh,Kanpur,B30,26-35,Male,17.1,UPI,Pending
INV001065,2024-02-26,149322,SIP,1903,Haryana,Gurugram,T30,56+,Female,37.2,Cheque,Verified
INV000669,2024-02-26,118632,SIP,902,Madhya Pradesh,Indore,T30,36-45,Male,25.2,Net Banking,Verified
INV000761,2024-02-26,100016,SIP,13570,Rajasthan,Udaipur,B30,18-25,Female,7.5,Net Banking,Verified
INV000557,2024-02-26,120844,SIP,575,West Bengal,Kolkata,T30,26-35,Male,10.3,Mandate,Verified
INV003603,2024-02-26,120505,SIP,961,Madhya Pradesh,Indore,T30,36-45,Male,52.4,Mandate,Verified
INV004483,2024-02-26,120843,Lumpsum,236309,Tamil Nadu,Chennai,T30,46-55,Female,72.3,UPI,Verified
INV001158,2024-02-26,119092,SIP,1148,Karnataka,Mysore,B30,18-25,Male,6.4,Mandate,Verified
INV000559,2024-02-26,100016,Lumpsum,476386,Madhya Pradesh,Indore,T30,26-35,Male,6.1,UPI,Verified
INV002886,2024-02-26,148567,SIP,12060,Tamil Nadu,Chennai,T30,18-25,Female,7.1,Net Banking,Verified
INV000708,2024-02-26,119551,SIP,1166,Delhi,Noida,T30,26-35,Female,13.5,UPI,Verified
INV003531,2024-02-26,120844,Lumpsum,61411,Delhi,Gurugram,T30,36-45,Male,41.9,Mandate,Verified
INV000592,2024-02-26,102887,SIP,5316,Maharashtra,Mumbai,T30,26-35,Male,21.2,Mandate,Verified
INV004250,2024-02-26,120841,Lumpsum,527006,Haryana,Gurugram,T30,26-35,Female,6.4,Net Banking,Verified
INV001902,2024-02-26,118633,Redemption,114584,Punjab,Chandigarh,T30,46-55,Female,22.2,UPI,Verified
INV001652,2024-02-26,118636,Redemption,57851,Tamil Nadu,Chennai,T30,26-35,Female,12.7,Cheque,Verified
INV003336,2024-02-26,120507,SIP,25966,Punjab,Amritsar,B30,46-55,Female,45.8,Cheque,Verified
INV003868,2024-02-26,120844,SIP,2763,Gujarat,Surat,T30,36-45,Male,25.8,Net Banking,Verified
INV004279,2024-02-26,125498,SIP,42778,Gujarat,Ahmedabad,T30,36-45,Male,35.7,Net Banking,Verified
INV000745,2024-02-26,120505,Lumpsum,158025,Punjab,Chandigarh,T30,26-35,Female,13.2,Cheque,Verified
INV000950,2024-02-26,118635,SIP,2126,Punjab,Amritsar,B30,36-45,Male,33.1,Mandate,Verified
INV004141,2024-02-26,118635,Redemption,138770,Telangana,Hyderabad,T30,36-45,Female,45.8,Net Banking,Verified
INV003899,2024-02-26,120507,SIP,9642,Haryana,Gurugram,T30,36-45,Female,21.3,Net Banking,Verified
INV003097,2024-02-26,120843,Lumpsum,483216,Punjab,Chandigarh,T30,26-35,Male,21.5,UPI,Verified
INV004874,2024-02-26,120843,SIP,455,Tamil Nadu,Coimbatore,B30,46-55,Male,35.2,Mandate,Verified
INV004605,2024-02-26,101207,Lumpsum,398968,Maharashtra,Nashik,B30,36-45,Male,17.8,Net Banking,Pending
INV002144,2024-02-26,102887,SIP,17810,Maharashtra,Pune,T30,18-25,Male,3.2,Net Banking,Verified
INV001396,2024-02-26,120841,Lumpsum,67764,Rajasthan,Jaipur,T30,26-35,Female,10.6,Net Banking,Verified
INV002349,2024-02-26,119120,Lumpsum,168699,Punjab,Amritsar,B30,26-35,Female,9.6,Mandate,Verified
INV002070,2024-02-26,119092,Redemption,267173,Telangana,Hyderabad,T30,36-45,Male,40.3,Net Banking,Verified
INV003193,2024-02-26,118632,SIP,438,Rajasthan,Jaipur,T30,36-45,Male,40.4,UPI,Pending
INV004523,2024-02-26,148568,SIP,1958,Haryana,Gurugram,T30,26-35,Female,13.5,Net Banking,Verified
INV002039,2024-02-26,102886,Lumpsum,483765,Madhya Pradesh,Bhopal,B30,46-55,Male,17.3,Net Banking,Verified
INV000105,2024-02-26,100016,Lumpsum,198069,Punjab,Chandigarh,T30,56+,Male,41.4,Mandate,Verified
INV003645,2024-02-26,118635,SIP,3471,Punjab,Amritsar,B30,26-35,Male,13.4,Net Banking,Verified
INV002570,2024-02-26,119093,Lumpsum,318646,Punjab,Chandigarh,T30,36-45,Male,55.3,Net Banking,Verified
INV004560,2024-02-26,118635,SIP,2455,Tamil Nadu,Coimbatore,B30,36-45,Male,42.7,Net Banking,Verified
INV001383,2024-02-26,119552,SIP,2642,Maharashtra,Pune,T30,26-35,Male,18.6,Cheque,Verified
INV000427,2024-02-26,120842,Lumpsum,399400,Punjab,Amritsar,B30,56+,Female,18.6,Net Banking,Verified
INV002045,2024-02-26,119552,SIP,887,Rajasthan,Jaipur,T30,18-25,Female,3.8,Cheque,Verified
INV000517,2024-02-26,119095,SIP,1653,Punjab,Amritsar,B30,36-45,Female,31.8,Mandate,Verified
INV001970,2024-02-26,101208,Lumpsum,310253,Gujarat,Surat,T30,36-45,Male,55.1,UPI,Verified
INV004917,2024-02-26,149322,Lumpsum,44716,Uttar Pradesh,Kanpur,B30,26-35,Male,18.3,UPI,Verified
INV001970,2024-02-26,102887,SIP,2469,Gujarat,Surat,T30,36-45,Male,55.1,UPI,Verified
INV003144,2024-02-26,149323,Redemption,157231,Haryana,Gurugram,T30,36-45,Female,38.0,UPI,Verified
INV001943,2024-02-26,119093,SIP,995,West Bengal,Kolkata,T30,56+,Female,28.3,Net Banking,Verified
INV002648,2024-02-26,101206,Lumpsum,445665,Punjab,Chandigarh,T30,36-45,Male,57.1,Mandate,Verified
INV002565,2024-02-26,119095,SIP,3100,Rajasthan,Jaipur,T30,26-35,Male,10.0,Mandate,Verified
INV004636,2024-02-26,118632,SIP,5619,Uttar Pradesh,Kanpur,B30,18-25,Female,5.0,UPI,Verified
INV001342,2024-02-26,100025,Lumpsum,44093,West Bengal,Kolkata,T30,26-35,Female,15.5,Cheque,Verified
INV000051,2024-02-27,148567,SIP,8151,Haryana,Gurugram,T30,36-45,Male,21.0,Net Banking,Verified
INV003147,2024-02-27,102886,SIP,10619,West Bengal,Kolkata,T30,26-35,Male,18.9,UPI,Verified
INV003340,2024-02-27,119599,Lumpsum,250922,Madhya Pradesh,Indore,T30,26-35,Male,22.5,Mandate,Verified
INV004552,2024-02-27,149323,Lumpsum,197695,Telangana,Hyderabad,T30,36-45,Female,42.8,UPI,Verified
INV001022,2024-02-27,119120,Redemption,16485,Karnataka,Mysore,B30,36-45,Male,19.6,Cheque,Verified
INV002286,2024-02-27,119093,Lumpsum,230977,Tamil Nadu,Coimbatore,B30,18-25,Male,5.9,Net Banking,Verified
INV000710,2024-02-27,125497,SIP,10037,Delhi,Noida,T30,26-35,Male,6.1,Mandate,Verified
INV000388,2024-02-27,119551,SIP,2479,Maharashtra,Nashik,B30,36-45,Male,33.6,Cheque,Verified
INV001905,2024-02-27,149322,Redemption,287299,Tamil Nadu,Chennai,T30,26-35,Male,19.2,UPI,Verified
INV002184,2024-02-27,149324,SIP,50426,Uttar Pradesh,Agra,B30,36-45,Female,38.1,Net Banking,Verified
INV002399,2024-02-27,148568,Redemption,90033,Gujarat,Ahmedabad,T30,46-55,Female,34.7,Net Banking,Pending
INV002643,2024-02-27,148568,SIP,16771,Telangana,Hyderabad,T30,36-45,Male,29.2,Mandate,Verified
INV004837,2024-02-27,120505,SIP,14205,Punjab,Amritsar,B30,18-25,Male,5.7,Net Banking,Verified
INV000346,2024-02-27,118636,Lumpsum,433700,Haryana,Faridabad,B30,26-35,Male,22.0,Cheque,Verified
INV003077,2024-02-27,149323,Redemption,208026,Tamil Nadu,Coimbatore,B30,18-25,Female,4.6,UPI,Verified
INV003451,2024-02-27,119092,SIP,933,Punjab,Amritsar,B30,18-25,Female,5.2,Cheque,Verified
INV004320,2024-02-27,120505,SIP,1697,Delhi,Gurugram,T30,26-35,Female,8.1,Net Banking,Verified
INV001706,2024-02-27,148567,Lumpsum,186496,West Bengal,Kolkata,T30,26-35,Male,14.2,Mandate,Verified
INV003656,2024-02-27,119120,SIP,10722,Rajasthan,Udaipur,B30,36-45,Female,58.5,UPI,Verified
INV003283,2024-02-27,102887,SIP,2817,Delhi,New Delhi,T30,56+,Female,45.7,UPI,Verified
INV002792,2024-02-27,148569,SIP,13076,Gujarat,Surat,T30,18-25,Male,3.6,UPI,Verified
INV002567,2024-02-27,102886,SIP,583,Madhya Pradesh,Indore,T30,36-45,Male,20.3,Net Banking,Verified
INV001804,2024-02-27,118632,SIP,15333,Punjab,Amritsar,B30,26-35,Male,20.1,Mandate,Verified
INV002182,2024-02-27,120841,Lumpsum,287809,Madhya Pradesh,Bhopal,B30,36-45,Male,54.3,Net Banking,Verified
INV004531,2024-02-27,119598,SIP,57957,Haryana,Gurugram,T30,26-35,Male,8.4,Cheque,Verified
INV000399,2024-02-27,119551,SIP,10394,Karnataka,Bangalore,T30,26-35,Male,14.3,Net Banking,Verified
INV001079,2024-02-27,149322,Redemption,175311,West Bengal,Kolkata,T30,26-35,Male,10.1,Mandate,Verified
INV003219,2024-02-27,120506,SIP,1167,Maharashtra,Pune,T30,46-55,Male,57.8,Net Banking,Pending
INV001442,2024-02-27,102885,Redemption,343420,Uttar Pradesh,Lucknow,T30,26-35,Male,16.2,UPI,Verified
INV003359,2024-02-27,120504,Redemption,165945,Gujarat,Ahmedabad,T30,26-35,Male,18.4,UPI,Verified
INV001514,2024-02-27,118636,SIP,17737,Delhi,Gurugram,T30,46-55,Male,75.8,UPI,Verified
INV000628,2024-02-27,118634,SIP,56382,Gujarat,Surat,T30,56+,Male,57.9,Mandate,Verified
INV000625,2024-02-27,100033,Lumpsum,22643,Rajasthan,Jaipur,T30,46-55,Female,19.7,Mandate,Verified
INV003203,2024-02-27,120507,SIP,561,Telangana,Hyderabad,T30,26-35,Male,22.5,Cheque,Verified
INV003912,2024-02-27,148567,SIP,1171,West Bengal,Kolkata,T30,26-35,Male,8.5,UPI,Verified
INV003693,2024-02-27,101208,SIP,17472,Madhya Pradesh,Bhopal,B30,36-45,Male,25.2,UPI,Verified
INV000786,2024-02-27,148567,SIP,5684,Madhya Pradesh,Bhopal,B30,26-35,Male,17.9,UPI,Verified
INV002997,2024-02-27,120507,SIP,11841,West Bengal,Kolkata,T30,26-35,Male,23.7,Mandate,Verified
INV004748,2024-02-27,101206,SIP,2722,Delhi,Noida,T30,26-35,Male,12.6,Net Banking,Verified
INV003398,2024-02-27,102887,SIP,589,Karnataka,Bangalore,T30,36-45,Male,42.0,Mandate,Verified
INV004986,2024-02-27,118634,SIP,5980,Madhya Pradesh,Bhopal,B30,26-35,Male,12.3,Cheque,Verified
INV001866,2024-02-27,120844,SIP,8788,Telangana,Hyderabad,T30,36-45,Female,33.9,UPI,Verified
INV004997,2024-02-27,120841,SIP,29811,Tamil Nadu,Coimbatore,B30,36-45,Female,54.3,UPI,Verified
INV000227,2024-02-27,148567,Lumpsum,329688,Haryana,Gurugram,T30,36-45,Male,29.1,Cheque,Verified
INV001875,2024-02-27,120507,Redemption,134107,Karnataka,Mysore,B30,56+,Female,64.4,Cheque,Verified
INV001414,2024-02-27,118636,SIP,1876,Gujarat,Ahmedabad,T30,18-25,Male,4.8,Cheque,Pending
INV001312,2024-02-27,100025,SIP,11908,Delhi,Noida,T30,26-35,Male,6.9,Net Banking,Verified
INV000563,2024-02-27,120842,SIP,5187,Uttar Pradesh,Lucknow,T30,26-35,Male,15.5,Cheque,Verified
INV004545,2024-02-27,101207,SIP,8355,Madhya Pradesh,Indore,T30,26-35,Male,12.8,UPI,Verified
INV000030,2024-02-27,119093,SIP,13303,Delhi,Noida,T30,18-25,Female,5.1,Net Banking,Verified
INV003610,2024-02-27,118632,SIP,2265,Delhi,Gurugram,T30,26-35,Male,16.9,Net Banking,Pending
INV002572,2024-02-27,101207,Lumpsum,337835,Rajasthan,Jaipur,T30,56+,Male,19.5,Cheque,Verified
INV002430,2024-02-27,119598,Redemption,373750,Madhya Pradesh,Bhopal,B30,26-35,Male,16.2,UPI,Verified
INV004565,2024-02-27,101206,Redemption,343460,Gujarat,Surat,T30,26-35,Male,9.2,UPI,Verified
INV000507,2024-02-27,125498,SIP,5980,Gujarat,Ahmedabad,T30,36-45,Male,44.1,Net Banking,Verified
INV002937,2024-02-27,119120,SIP,58251,Rajasthan,Jaipur,T30,56+,Male,64.5,Cheque,Pending
INV003289,2024-02-27,101208,Redemption,231440,Uttar Pradesh,Lucknow,T30,26-35,Male,11.2,Mandate,Verified
INV001128,2024-02-27,118635,Lumpsum,128770,West Bengal,Kolkata,T30,36-45,Female,43.2,Mandate,Verified
INV000869,2024-02-27,120504,SIP,5386,West Bengal,Kolkata,T30,26-35,Female,12.1,Net Banking,Verified
INV001123,2024-02-27,120841,Lumpsum,184636,Uttar Pradesh,Lucknow,T30,26-35,Male,23.9,Cheque,Verified
INV000986,2024-02-28,120504,SIP,27246,Tamil Nadu,Coimbatore,B30,26-35,Male,24.2,Cheque,Verified
INV004517,2024-02-28,120506,Lumpsum,296327,West Bengal,Kolkata,T30,46-55,Female,68.5,Net Banking,Pending
INV003592,2024-02-28,119120,Redemption,580964,Madhya Pradesh,Indore,T30,56+,Female,27.6,Net Banking,Verified
INV002284,2024-02-28,149324,SIP,1145,Karnataka,Bangalore,T30,36-45,Male,55.3,UPI,Verified
INV004677,2024-02-28,101206,SIP,8507,Punjab,Amritsar,B30,26-35,Male,6.2,Cheque,Verified
INV001748,2024-02-28,120504,Lumpsum,277936,Gujarat,Ahmedabad,T30,36-45,Female,16.2,Mandate,Verified
INV004028,2024-02-28,120842,Redemption,406172,Rajasthan,Jaipur,T30,18-25,Male,3.3,Mandate,Verified
INV001372,2024-02-28,120504,SIP,2728,Haryana,Faridabad,B30,56+,Male,46.7,Net Banking,Verified
INV000143,2024-02-28,119551,SIP,53566,Haryana,Gurugram,T30,26-35,Male,23.8,Net Banking,Verified
INV004874,2024-02-28,118633,Lumpsum,424342,Tamil Nadu,Coimbatore,B30,46-55,Male,35.2,Mandate,Verified
INV002052,2024-02-28,119552,SIP,8317,Uttar Pradesh,Lucknow,T30,36-45,Male,50.8,Mandate,Verified
INV001547,2024-02-28,119120,SIP,24580,Tamil Nadu,Coimbatore,B30,36-45,Male,55.7,Mandate,Verified
INV002852,2024-02-28,102885,Lumpsum,104478,West Bengal,Kolkata,T30,46-55,Male,69.5,UPI,Verified
INV000586,2024-02-28,102886,Lumpsum,249909,West Bengal,Kolkata,T30,36-45,Male,43.8,Net Banking,Verified
INV002738,2024-02-28,119093,SIP,2573,Haryana,Faridabad,B30,36-45,Male,38.7,Net Banking,Verified
INV003655,2024-02-28,101208,SIP,484,Madhya Pradesh,Bhopal,B30,36-45,Female,24.9,Net Banking,Verified
INV003063,2024-02-28,119092,SIP,552,Maharashtra,Mumbai,T30,36-45,Female,45.0,Mandate,Verified
INV002632,2024-02-28,119599,SIP,494,Tamil Nadu,Chennai,T30,26-35,Female,14.1,Net Banking,Pending
INV002738,2024-02-28,120505,Lumpsum,314843,Haryana,Faridabad,B30,36-45,Male,38.7,UPI,Verified
INV004201,2024-02-28,101208,Redemption,351919,Telangana,Hyderabad,T30,36-45,Male,20.2,UPI,Verified
INV003484,2024-02-28,120504,SIP,8293,Madhya Pradesh,Bhopal,B30,26-35,Female,7.1,Mandate,Verified
INV000718,2024-02-28,120503,SIP,570,Delhi,Gurugram,T30,26-35,Male,10.8,Cheque,Verified
INV004915,2024-02-28,148569,SIP,2134,Uttar Pradesh,Kanpur,B30,26-35,Male,9.6,Cheque,Verified
INV001833,2024-02-28,119599,SIP,21064,Karnataka,Bangalore,T30,36-45,Female,28.4,Cheque,Verified
INV000484,2024-02-28,100033,SIP,44058,Uttar Pradesh,Agra,B30,26-35,Male,21.7,Net Banking,Pending
INV003342,2024-02-28,125498,Lumpsum,445548,Tamil Nadu,Chennai,T30,56+,Male,32.8,Mandate,Verified
INV004781,2024-02-28,119095,SIP,17696,Haryana,Faridabad,B30,18-25,Female,5.7,Net Banking,Verified
INV004632,2024-02-28,119551,SIP,807,Punjab,Chandigarh,T30,26-35,Male,18.0,Cheque,Verified
INV000404,2024-02-28,100033,Redemption,59015,Telangana,Hyderabad,T30,36-45,Female,35.5,Mandate,Verified
INV001615,2024-02-28,118635,SIP,2097,Tamil Nadu,Chennai,T30,26-35,Male,15.7,Cheque,Verified
INV004364,2024-02-28,102887,Redemption,401930,West Bengal,Kolkata,T30,36-45,Male,30.6,Net Banking,Verified
INV001343,2024-02-28,149323,SIP,2128,Gujarat,Surat,T30,18-25,Female,6.9,Cheque,Verified
INV003005,2024-02-28,118634,SIP,1869,Punjab,Amritsar,B30,26-35,Male,24.5,Net Banking,Verified
INV001627,2024-02-28,120844,SIP,1155,Uttar Pradesh,Agra,B30,26-35,Male,15.9,Net Banking,Pending
INV001739,2024-02-28,101206,SIP,8852,West Bengal,Kolkata,T30,36-45,Female,45.5,Mandate,Verified
INV000536,2024-02-28,120505,SIP,7500,Delhi,New Delhi,T30,36-45,Female,29.6,Mandate,Verified
INV002101,2024-02-28,120841,Redemption,129587,Uttar Pradesh,Lucknow,T30,26-35,Male,14.7,Cheque,Verified
INV000602,2024-02-28,120506,Lumpsum,129601,West Bengal,Kolkata,T30,18-25,Male,8.0,Mandate,Verified
INV004989,2024-02-28,119599,Lumpsum,56909,Karnataka,Bangalore,T30,26-35,Male,6.4,Mandate,Verified
INV000441,2024-02-28,119094,Lumpsum,387062,Tamil Nadu,Chennai,T30,26-35,Female,8.3,Mandate,Verified
INV000215,2024-02-28,101208,SIP,2729,Maharashtra,Nashik,B30,26-35,Female,18.3,UPI,Verified
INV004408,2024-02-28,148568,Lumpsum,332797,Punjab,Amritsar,B30,26-35,Male,23.5,UPI,Verified
INV001163,2024-02-28,119551,SIP,6922,Karnataka,Mysore,B30,26-35,Male,10.2,Mandate,Verified
INV004413,2024-02-28,120506,SIP,17651,Maharashtra,Mumbai,T30,26-35,Male,14.7,UPI,Verified
INV003298,2024-02-28,118634,SIP,4179,Gujarat,Surat,T30,26-35,Male,12.4,Mandate,Verified
INV003787,2024-02-28,118635,SIP,12407,Karnataka,Mysore,B30,46-55,Male,29.3,UPI,Verified
INV004131,2024-02-28,120506,Lumpsum,327418,Uttar Pradesh,Kanpur,B30,26-35,Male,10.3,Cheque,Verified
INV003957,2024-02-28,119598,Redemption,197501,Delhi,Noida,T30,36-45,Male,30.9,Mandate,Verified
INV000056,2024-02-28,118636,SIP,16592,Haryana,Faridabad,B30,26-35,Female,22.5,Cheque,Verified
INV003036,2024-02-28,120844,Lumpsum,15512,Telangana,Hyderabad,T30,26-35,Male,18.2,Net Banking,Verified
INV003659,2024-02-28,148569,Redemption,429318,Madhya Pradesh,Bhopal,B30,56+,Male,27.4,Mandate,Verified
INV000862,2024-02-28,100025,SIP,908,Uttar Pradesh,Agra,B30,26-35,Female,24.4,Mandate,Verified
INV004929,2024-02-28,118634,SIP,55441,Telangana,Hyderabad,T30,36-45,Female,56.8,Cheque,Verified
INV001433,2024-02-28,125497,Redemption,525193,West Bengal,Kolkata,T30,26-35,Male,10.9,UPI,Verified
INV003105,2024-02-28,125497,SIP,45355,Rajasthan,Jaipur,T30,18-25,Female,6.0,Cheque,Verified
INV004932,2024-02-28,149324,Redemption,49573,Tamil Nadu,Chennai,T30,26-35,Female,21.1,Net Banking,Verified
INV003984,2024-02-28,148569,SIP,53695,Uttar Pradesh,Agra,B30,56+,Female,30.1,Mandate,Verified
INV003231,2024-02-28,118632,Redemption,379193,Haryana,Gurugram,T30,26-35,Male,9.1,Mandate,Verified
INV001384,2024-02-28,119599,SIP,41043,Maharashtra,Mumbai,T30,26-35,Female,16.0,Cheque,Verified
INV000293,2024-02-28,119599,Lumpsum,149327,Karnataka,Mysore,B30,26-35,Female,19.3,Mandate,Verified
INV002676,2024-02-28,102886,SIP,808,Delhi,Gurugram,T30,46-55,Male,81.0,Mandate,Verified
INV000200,2024-02-28,149324,SIP,8347,Rajasthan,Udaipur,B30,18-25,Male,4.0,UPI,Verified
INV003675,2024-02-28,119599,SIP,509,West Bengal,Kolkata,T30,56+,Male,63.9,Mandate,Verified
INV003521,2024-02-28,149324,SIP,21965,Rajasthan,Jaipur,T30,46-55,Male,95.4,Mandate,Verified
INV002095,2024-02-28,148569,Redemption,361399,Punjab,Amritsar,B30,26-35,Male,9.2,Cheque,Verified
INV002133,2024-02-29,120843,SIP,1650,Rajasthan,Udaipur,B30,26-35,Male,23.0,Net Banking,Verified
INV002761,2024-02-29,101206,Lumpsum,9801,Rajasthan,Jaipur,T30,26-35,Male,14.9,Mandate,Verified
INV003058,2024-02-29,120844,SIP,11487,Karnataka,Mysore,B30,36-45,Male,46.2,Net Banking,Verified
INV003450,2024-02-29,149323,SIP,6767,Maharashtra,Nashik,B30,18-25,Female,4.2,Mandate,Verified
INV001230,2024-02-29,120505,SIP,5364,Gujarat,Surat,T30,46-55,Male,96.9,UPI,Verified
INV002085,2024-02-29,120507,SIP,42655,Telangana,Hyderabad,T30,56+,Female,12.5,Mandate,Verified
INV002110,2024-02-29,120504,Lumpsum,147528,Haryana,Faridabad,B30,26-35,Female,20.8,UPI,Verified
INV004854,2024-02-29,120506,SIP,4965,Rajasthan,Udaipur,B30,18-25,Female,3.5,UPI,Verified
INV001483,2024-02-29,118635,SIP,7659,Rajasthan,Jaipur,T30,36-45,Male,38.8,UPI,Verified
INV002641,2024-02-29,118633,Lumpsum,55060,Maharashtra,Nashik,B30,56+,Male,27.1,UPI,Verified
INV003436,2024-02-29,148567,Redemption,184392,Maharashtra,Mumbai,T30,36-45,Female,54.4,Mandate,Verified
INV002656,2024-02-29,119093,Lumpsum,226598,Tamil Nadu,Coimbatore,B30,26-35,Male,9.6,Mandate,Pending
INV002564,2024-02-29,101207,Redemption,330487,Maharashtra,Pune,T30,18-25,Male,5.6,UPI,Verified
INV004228,2024-02-29,102886,SIP,2946,Madhya Pradesh,Bhopal,B30,26-35,Female,18.0,UPI,Verified
INV004169,2024-02-29,119120,Lumpsum,376179,Rajasthan,Udaipur,B30,26-35,Female,20.4,UPI,Pending
INV004211,2024-02-29,119552,Lumpsum,119465,Tamil Nadu,Chennai,T30,56+,Male,40.3,UPI,Verified
INV004220,2024-02-29,102887,SIP,517,Uttar Pradesh,Agra,B30,26-35,Female,15.1,Cheque,Verified
INV004857,2024-02-29,100016,Lumpsum,330814,Delhi,Noida,T30,26-35,Male,15.3,Cheque,Verified
INV004822,2024-02-29,120843,Redemption,263698,Rajasthan,Udaipur,B30,26-35,Male,14.8,Mandate,Verified
INV001692,2024-02-29,100025,Redemption,50100,Rajasthan,Jaipur,T30,26-35,Male,11.7,Mandate,Pending
INV004024,2024-02-29,119095,SIP,8426,Telangana,Hyderabad,T30,36-45,Male,23.1,Mandate,Verified
INV000789,2024-02-29,119552,SIP,8774,Gujarat,Surat,T30,56+,Male,47.7,Net Banking,Verified
INV001544,2024-02-29,102885,SIP,20533,Uttar Pradesh,Kanpur,B30,18-25,Female,5.9,UPI,Verified
INV003734,2024-02-29,119095,SIP,6552,Tamil Nadu,Coimbatore,B30,56+,Male,70.3,Mandate,Pending
INV004665,2024-02-29,120503,SIP,11606,Madhya Pradesh,Bhopal,B30,36-45,Male,17.1,UPI,Verified
INV003395,2024-02-29,118635,Lumpsum,330044,Gujarat,Ahmedabad,T30,36-45,Male,39.2,Net Banking,Verified
INV000085,2024-02-29,119599,SIP,8466,Gujarat,Surat,T30,26-35,Female,14.6,Mandate,Verified
INV002332,2024-02-29,120843,SIP,16934,Punjab,Chandigarh,T30,26-35,Female,13.4,UPI,Verified
INV000719,2024-02-29,119551,SIP,2393,Tamil Nadu,Coimbatore,B30,18-25,Male,6.8,Mandate,Verified
INV003979,2024-02-29,118633,SIP,1864,Madhya Pradesh,Indore,T30,36-45,Male,44.4,Net Banking,Pending
INV002979,2024-02-29,118635,SIP,2087,Punjab,Chandigarh,T30,36-45,Female,56.2,Net Banking,Verified
INV003736,2024-02-29,100016,SIP,11149,Karnataka,Mysore,B30,18-25,Male,4.9,UPI,Verified
INV002598,2024-02-29,101206,SIP,9880,Uttar Pradesh,Lucknow,T30,26-35,Male,14.6,Net Banking,Verified
INV004627,2024-02-29,148568,Redemption,523963,West Bengal,Kolkata,T30,36-45,Male,47.7,Cheque,Verified
INV000671,2024-02-29,119551,SIP,11252,Uttar Pradesh,Agra,B30,36-45,Female,15.3,Mandate,Verified
INV000031,2024-02-29,118636,Redemption,90549,Madhya Pradesh,Indore,T30,36-45,Male,27.3,Cheque,Pending
INV001137,2024-02-29,118632,SIP,529,West Bengal,Kolkata,T30,56+,Female,55.8,Mandate,Verified
INV001182,2024-02-29,120844,Lumpsum,447124,Punjab,Amritsar,B30,26-35,Male,9.1,Mandate,Pending
INV003783,2024-02-29,102887,Redemption,521063,Madhya Pradesh,Indore,T30,18-25,Male,3.5,Net Banking,Verified
INV004990,2024-02-29,149324,Lumpsum,380449,Maharashtra,Nashik,B30,26-35,Female,9.5,Cheque,Verified
INV000451,2024-02-29,118634,Lumpsum,224227,Madhya Pradesh,Indore,T30,46-55,Male,23.4,Mandate,Verified
INV000467,2024-02-29,148568,SIP,28989,Karnataka,Bangalore,T30,18-25,Female,7.1,Net Banking,Verified
INV000470,2024-02-29,149323,SIP,20617,Madhya Pradesh,Bhopal,B30,26-35,Male,17.8,UPI,Verified
INV003806,2024-02-29,118636,SIP,2151,Karnataka,Bangalore,T30,26-35,Male,14.7,UPI,Verified
INV004299,2024-02-29,101207,SIP,7448,Telangana,Hyderabad,T30,26-35,Female,23.1,UPI,Verified
INV002975,2024-02-29,102887,SIP,15028,Rajasthan,Udaipur,B30,26-35,Male,15.1,Mandate,Verified
INV002046,2024-02-29,119095,SIP,29942,Madhya Pradesh,Bhopal,B30,26-35,Male,20.8,Cheque,Verified
INV001217,2024-02-29,101206,SIP,3463,Rajasthan,Jaipur,T30,26-35,Male,21.5,UPI,Verified
INV004891,2024-02-29,100025,Lumpsum,273035,Telangana,Hyderabad,T30,46-55,Female,83.5,Net Banking,Verified
INV003487,2024-02-29,149322,SIP,3056,Gujarat,Ahmedabad,T30,26-35,Female,12.0,Cheque,Verified
INV004274,2024-02-29,119095,SIP,545,Rajasthan,Udaipur,B30,26-35,Male,20.4,Net Banking,Verified
INV001037,2024-02-29,120505,SIP,7256,Haryana,Faridabad,B30,36-45,Female,41.8,Cheque,Verified
INV002741,2024-02-29,119552,SIP,993,West Bengal,Kolkata,T30,26-35,Male,19.9,Net Banking,Pending
INV000109,2024-02-29,148569,SIP,2595,Karnataka,Bangalore,T30,26-35,Female,15.0,Net Banking,Verified
INV001261,2024-02-29,119094,Redemption,474118,Rajasthan,Jaipur,T30,46-55,Male,50.0,Net Banking,Verified
INV003640,2024-02-29,119093,SIP,5555,Gujarat,Ahmedabad,T30,26-35,Male,14.0,Mandate,Verified
INV004293,2024-02-29,119120,SIP,1843,Rajasthan,Jaipur,T30,36-45,Male,54.9,Mandate,Verified
INV001035,2024-02-29,101207,SIP,7351,Telangana,Hyderabad,T30,26-35,Male,8.4,Cheque,Verified
INV001318,2024-02-29,100016,SIP,20922,Telangana,Hyderabad,T30,36-45,Male,59.3,Mandate,Verified
INV001549,2024-02-29,119094,SIP,8422,Haryana,Gurugram,T30,36-45,Male,19.5,Cheque,Verified
INV000423,2024-03-01,118634,SIP,8468,Delhi,Gurugram,T30,26-35,Female,6.2,Net Banking,Verified
INV000879,2024-03-01,119120,SIP,2298,Gujarat,Surat,T30,36-45,Male,59.0,Net Banking,Verified
INV001993,2024-03-01,118636,SIP,13924,Uttar Pradesh,Agra,B30,36-45,Female,44.2,Mandate,Verified
INV000279,2024-03-01,101207,SIP,1629,Gujarat,Ahmedabad,T30,26-35,Male,12.4,UPI,Verified
INV003362,2024-03-01,119598,Redemption,129675,Karnataka,Bangalore,T30,36-45,Female,22.6,Cheque,Verified
INV003403,2024-03-01,101206,SIP,16812,Madhya Pradesh,Bhopal,B30,18-25,Male,6.3,Net Banking,Pending
INV003644,2024-03-01,101207,Lumpsum,313751,Gujarat,Ahmedabad,T30,26-35,Female,8.2,UPI,Verified
INV002956,2024-03-01,125498,Lumpsum,289520,Gujarat,Surat,T30,36-45,Female,53.7,UPI,Verified
INV001527,2024-03-01,119551,SIP,1824,Delhi,Gurugram,T30,26-35,Male,23.4,Mandate,Verified
INV000606,2024-03-01,149324,Lumpsum,435956,Karnataka,Mysore,B30,18-25,Male,7.8,Net Banking,Verified
INV000809,2024-03-01,120507,SIP,8230,Tamil Nadu,Chennai,T30,56+,Male,59.1,Mandate,Verified
INV004600,2024-03-01,100033,Lumpsum,92811,West Bengal,Kolkata,T30,46-55,Female,35.5,Net Banking,Verified
INV003389,2024-03-01,119120,Lumpsum,310950,Telangana,Hyderabad,T30,26-35,Male,22.3,Mandate,Verified
INV003404,2024-03-01,120506,SIP,25031,Tamil Nadu,Chennai,T30,36-45,Male,26.8,Net Banking,Verified
INV004790,2024-03-01,102887,Lumpsum,313552,Tamil Nadu,Coimbatore,B30,18-25,Male,3.4,Mandate,Verified
INV000407,2024-03-01,119599,SIP,28171,Tamil Nadu,Coimbatore,B30,36-45,Male,32.8,Net Banking,Verified
INV000392,2024-03-01,119094,SIP,9517,Gujarat,Surat,T30,26-35,Female,16.6,UPI,Verified
INV000695,2024-03-01,102887,SIP,487,Gujarat,Surat,T30,36-45,Male,48.0,Mandate,Verified
INV000493,2024-03-01,101206,SIP,517,Punjab,Chandigarh,T30,18-25,Male,4.2,Cheque,Verified
INV003352,2024-03-01,125498,SIP,9603,Maharashtra,Mumbai,T30,36-45,Male,59.3,Mandate,Verified
INV000314,2024-03-01,119551,SIP,2438,West Bengal,Kolkata,T30,26-35,Male,20.5,UPI,Verified
INV002244,2024-03-01,102885,Lumpsum,108195,Maharashtra,Mumbai,T30,36-45,Male,49.4,Cheque,Verified
INV000861,2024-03-01,120843,Redemption,306304,Uttar Pradesh,Lucknow,T30,18-25,Male,4.2,Cheque,Verified
INV004318,2024-03-01,119095,SIP,2490,Tamil Nadu,Coimbatore,B30,56+,Female,54.7,Cheque,Verified
INV000242,2024-03-01,119552,Redemption,44049,Maharashtra,Nashik,B30,36-45,Male,40.2,Mandate,Verified
INV000332,2024-03-01,119599,Lumpsum,511864,Telangana,Hyderabad,T30,36-45,Female,12.9,UPI,Verified
INV000243,2024-03-01,102885,SIP,6124,Punjab,Chandigarh,T30,26-35,Male,21.5,Cheque,Verified
INV003741,2024-03-01,148568,SIP,14479,Madhya Pradesh,Bhopal,B30,36-45,Male,30.3,Mandate,Verified
INV000893,2024-03-01,125498,SIP,2594,Punjab,Chandigarh,T30,46-55,Male,35.3,UPI,Verified
INV002235,2024-03-01,102886,Lumpsum,342397,Uttar Pradesh,Agra,B30,36-45,Female,32.1,Cheque,Verified
INV004071,2024-03-01,119095,SIP,59694,Gujarat,Ahmedabad,T30,36-45,Female,22.2,Cheque,Pending
INV002206,2024-03-01,148569,SIP,46119,Tamil Nadu,Chennai,T30,18-25,Male,7.7,Cheque,Verified
INV001562,2024-03-01,119093,SIP,2970,Delhi,Noida,T30,26-35,Male,7.0,UPI,Verified
INV002610,2024-03-01,101206,Lumpsum,200775,Tamil Nadu,Coimbatore,B30,36-45,Female,31.7,Mandate,Verified
INV001230,2024-03-01,119095,SIP,16004,Gujarat,Surat,T30,46-55,Male,96.9,Mandate,Verified
INV002617,2024-03-01,119093,Redemption,33308,Maharashtra,Nashik,B30,26-35,Male,13.9,Mandate,Verified
INV001922,2024-03-01,120505,Redemption,51182,West Bengal,Kolkata,T30,18-25,Male,5.5,Cheque,Verified
INV002769,2024-03-01,100025,Lumpsum,277270,Maharashtra,Pune,T30,18-25,Female,4.5,Net Banking,Verified
INV004529,2024-03-01,120844,Lumpsum,24538,Uttar Pradesh,Kanpur,B30,18-25,Male,6.3,UPI,Verified
INV004519,2024-03-01,149324,SIP,4655,Tamil Nadu,Coimbatore,B30,18-25,Female,6.2,UPI,Verified
INV004968,2024-03-01,100025,SIP,17065,Delhi,Noida,T30,26-35,Male,22.2,Mandate,Verified
INV000124,2024-03-01,119095,Lumpsum,115540,Punjab,Amritsar,B30,36-45,Female,46.2,UPI,Verified
INV003967,2024-03-01,120506,Lumpsum,281177,Tamil Nadu,Coimbatore,B30,46-55,Male,79.9,Mandate,Verified
INV000051,2024-03-01,120504,Redemption,513580,Haryana,Gurugram,T30,36-45,Male,21.0,UPI,Verified
INV002205,2024-03-01,102885,SIP,991,Gujarat,Surat,T30,26-35,Female,10.9,UPI,Verified
INV004876,2024-03-01,149324,SIP,23405,Karnataka,Bangalore,T30,18-25,Male,7.1,UPI,Pending
INV002640,2024-03-01,149324,Redemption,22722,Haryana,Faridabad,B30,56+,Female,50.5,Cheque,Verified
INV001222,2024-03-01,120504,SIP,2602,Delhi,Noida,T30,26-35,Female,14.9,Mandate,Verified
INV003903,2024-03-01,102886,Lumpsum,501761,Karnataka,Mysore,B30,18-25,Female,6.6,Net Banking,Pending
INV000955,2024-03-01,119552,Lumpsum,243486,Gujarat,Surat,T30,26-35,Male,6.7,UPI,Verified
INV002761,2024-03-01,119598,SIP,10121,Rajasthan,Jaipur,T30,26-35,Male,14.9,UPI,Verified
INV002911,2024-03-01,100016,Lumpsum,6678,Gujarat,Surat,T30,26-35,Male,24.1,UPI,Verified
INV002207,2024-03-01,119095,Redemption,213858,Madhya Pradesh,Indore,T30,26-35,Female,6.6,UPI,Verified
INV002216,2024-03-01,120505,SIP,2197,Maharashtra,Mumbai,T30,46-55,Male,26.5,Mandate,Verified
INV003934,2024-03-01,125498,SIP,546,Delhi,Gurugram,T30,26-35,Male,24.1,Cheque,Verified
INV004011,2024-03-01,101208,SIP,40353,Punjab,Amritsar,B30,18-25,Female,5.0,Net Banking,Verified
INV000032,2024-03-01,120843,SIP,14929,Delhi,Noida,T30,36-45,Male,21.8,UPI,Verified
INV002630,2024-03-01,118636,Lumpsum,96515,Punjab,Amritsar,B30,36-45,Male,19.6,UPI,Verified
INV004504,2024-03-01,120844,SIP,55447,Telangana,Hyderabad,T30,46-55,Male,46.3,Cheque,Verified
INV003089,2024-03-01,119094,SIP,9936,Uttar Pradesh,Agra,B30,26-35,Male,14.1,UPI,Verified
INV002315,2024-03-01,125498,SIP,15749,Haryana,Faridabad,B30,18-25,Male,6.4,Mandate,Verified
INV003547,2024-03-01,101207,SIP,2221,Telangana,Hyderabad,T30,26-35,Male,17.1,UPI,Verified
INV003985,2024-03-01,120506,SIP,2697,Tamil Nadu,Coimbatore,B30,18-25,Male,4.3,Net Banking,Verified
INV003302,2024-03-02,120842,SIP,14977,Uttar Pradesh,Lucknow,T30,18-25,Male,3.0,UPI,Verified
INV002334,2024-03-02,119599,Redemption,240370,Gujarat,Surat,T30,56+,Male,40.4,Mandate,Verified
INV002283,2024-03-02,120844,Lumpsum,177346,Karnataka,Bangalore,T30,26-35,Female,14.5,Mandate,Pending
INV002180,2024-03-02,101206,SIP,1804,Delhi,Gurugram,T30,18-25,Male,5.1,Mandate,Verified
INV000460,2024-03-02,120842,SIP,3465,Delhi,Noida,T30,36-45,Male,47.1,Net Banking,Verified
INV004872,2024-03-02,119120,SIP,1057,West Bengal,Kolkata,T30,26-35,Male,13.8,Net Banking,Verified
INV001943,2024-03-02,118632,SIP,2517,West Bengal,Kolkata,T30,56+,Female,28.3,Cheque,Verified
INV000791,2024-03-02,101207,Redemption,288385,Madhya Pradesh,Bhopal,B30,26-35,Male,18.4,Net Banking,Verified
INV000352,2024-03-02,101206,SIP,5609,Tamil Nadu,Chennai,T30,46-55,Male,21.1,Cheque,Verified
INV003393,2024-03-02,149323,SIP,28898,Delhi,New Delhi,T30,26-35,Male,17.1,Net Banking,Pending
INV003959,2024-03-02,148569,Lumpsum,320312,Haryana,Gurugram,T30,46-55,Male,81.1,UPI,Verified
INV001959,2024-03-02,118635,Lumpsum,241187,Tamil Nadu,Chennai,T30,18-25,Female,4.7,Mandate,Verified
INV004075,2024-03-02,102885,SIP,5960,Rajasthan,Jaipur,T30,36-45,Male,56.5,Cheque,Verified
INV000586,2024-03-02,120844,SIP,2783,West Bengal,Kolkata,T30,36-45,Male,43.8,Net Banking,Verified
INV003602,2024-03-02,119093,SIP,1880,Maharashtra,Nashik,B30,46-55,Male,75.4,UPI,Verified
INV001679,2024-03-02,120503,Redemption,274911,Haryana,Faridabad,B30,36-45,Female,46.7,Net Banking,Verified
INV004026,2024-03-02,148567,SIP,20848,Haryana,Faridabad,B30,26-35,Female,8.3,Net Banking,Verified
INV003910,2024-03-02,102887,SIP,11287,Maharashtra,Pune,T30,26-35,Male,8.8,Cheque,Verified
INV003155,2024-03-02,120841,Lumpsum,414830,Rajasthan,Jaipur,T30,36-45,Male,50.9,Cheque,Verified
INV000754,2024-03-02,118632,SIP,6376,West Bengal,Kolkata,T30,26-35,Male,8.0,Mandate,Verified
INV000589,2024-03-02,148569,Lumpsum,505227,Uttar Pradesh,Kanpur,B30,18-25,Female,6.3,Cheque,Verified
INV002671,2024-03-02,120843,Lumpsum,359805,Madhya Pradesh,Indore,T30,18-25,Male,6.3,Net Banking,Verified
INV000478,2024-03-02,120842,SIP,990,Gujarat,Surat,T30,36-45,Female,16.5,UPI,Verified
INV001264,2024-03-02,118636,SIP,15423,Madhya Pradesh,Indore,T30,26-35,Female,12.0,Net Banking,Verified
INV003684,2024-03-02,118636,SIP,9535,Karnataka,Bangalore,T30,36-45,Male,42.9,Cheque,Pending
INV000624,2024-03-02,149322,SIP,4550,West Bengal,Kolkata,T30,56+,Male,79.6,Net Banking,Verified
INV002594,2024-03-02,102885,Redemption,288663,Haryana,Gurugram,T30,26-35,Male,23.7,Net Banking,Verified
INV003380,2024-03-02,149324,SIP,509,Delhi,Noida,T30,36-45,Male,21.0,Mandate,Verified
INV000717,2024-03-02,119094,Lumpsum,417969,Tamil Nadu,Chennai,T30,46-55,Male,44.9,Net Banking,Verified
INV003277,2024-03-02,118636,Lumpsum,207110,Rajasthan,Jaipur,T30,18-25,Male,3.3,UPI,Verified
INV004410,2024-03-02,102886,SIP,453,Tamil Nadu,Chennai,T30,36-45,Male,45.5,Net Banking,Verified
INV000776,2024-03-02,120841,Lumpsum,477270,Rajasthan,Jaipur,T30,26-35,Male,12.4,Mandate,Verified
INV000396,2024-03-02,118635,SIP,1064,Rajasthan,Jaipur,T30,46-55,Male,38.5,Net Banking,Verified
INV004980,2024-03-02,118636,Lumpsum,307872,Punjab,Amritsar,B30,36-45,Female,36.6,Cheque,Verified
INV003420,2024-03-02,102885,SIP,2159,Haryana,Faridabad,B30,36-45,Male,47.2,Mandate,Verified
INV004963,2024-03-02,119598,Lumpsum,189578,Delhi,Noida,T30,36-45,Female,59.6,UPI,Verified
INV000256,2024-03-02,102885,SIP,1989,Delhi,New Delhi,T30,36-45,Male,14.0,Mandate,Pending
INV002915,2024-03-02,102887,SIP,4257,West Bengal,Kolkata,T30,18-25,Male,7.7,Mandate,Pending
INV002606,2024-03-02,100025,SIP,2727,Telangana,Hyderabad,T30,26-35,Female,8.1,Net Banking,Verified
INV003211,2024-03-02,119093,Redemption,368068,Uttar Pradesh,Lucknow,T30,36-45,Male,55.1,UPI,Verified
INV002914,2024-03-02,101207,Redemption,385754,Rajasthan,Udaipur,B30,18-25,Male,7.4,Cheque,Verified
INV004191,2024-03-02,119552,SIP,3064,Maharashtra,Nashik,B30,26-35,Female,19.5,UPI,Verified
INV002568,2024-03-02,118636,SIP,7096,Uttar Pradesh,Lucknow,T30,26-35,Female,7.3,Net Banking,Verified
INV001126,2024-03-02,119599,Redemption,424631,Rajasthan,Jaipur,T30,26-35,Female,22.6,Net Banking,Verified
INV004785,2024-03-02,119599,SIP,2411,Punjab,Amritsar,B30,26-35,Female,14.5,Net Banking,Verified
INV001398,2024-03-02,118635,Lumpsum,128165,Madhya Pradesh,Indore,T30,26-35,Female,18.4,Mandate,Verified
INV000230,2024-03-02,119094,SIP,11192,Haryana,Faridabad,B30,18-25,Male,3.3,Mandate,Verified
INV003242,2024-03-02,118636,Lumpsum,110127,Punjab,Chandigarh,T30,26-35,Female,18.1,Cheque,Verified
INV004160,2024-03-02,120843,SIP,55497,Uttar Pradesh,Kanpur,B30,18-25,Male,3.9,UPI,Verified
INV000472,2024-03-02,148568,SIP,41483,Uttar Pradesh,Lucknow,T30,46-55,Male,70.1,Net Banking,Verified
INV002607,2024-03-02,119599,Lumpsum,354957,Rajasthan,Udaipur,B30,36-45,Male,57.5,UPI,Verified
INV000265,2024-03-02,125498,Lumpsum,168814,Madhya Pradesh,Bhopal,B30,36-45,Male,14.1,UPI,Verified
INV001643,2024-03-02,119599,SIP,848,Punjab,Amritsar,B30,36-45,Male,28.4,Cheque,Verified
INV003467,2024-03-02,149324,Lumpsum,556090,Madhya Pradesh,Indore,T30,46-55,Female,89.7,Cheque,Verified
INV003404,2024-03-02,148568,SIP,12852,Tamil Nadu,Chennai,T30,36-45,Male,26.8,Cheque,Verified
INV002393,2024-03-02,119598,Redemption,57944,Madhya Pradesh,Bhopal,B30,26-35,Female,15.2,UPI,Verified
INV003951,2024-03-02,100025,SIP,913,Uttar Pradesh,Lucknow,T30,18-25,Male,7.8,Mandate,Verified
INV001950,2024-03-02,119095,Redemption,252649,Maharashtra,Pune,T30,26-35,Female,6.0,Cheque,Verified
INV003828,2024-03-03,120505,SIP,9221,Karnataka,Bangalore,T30,18-25,Male,7.6,Cheque,Verified
INV001614,2024-03-03,102887,SIP,2290,Punjab,Amritsar,B30,18-25,Male,4.6,Mandate,Verified
INV001535,2024-03-03,149322,SIP,46732,Rajasthan,Udaipur,B30,56+,Male,74.1,Cheque,Verified
INV004511,2024-03-03,148567,Lumpsum,147587,Gujarat,Ahmedabad,T30,46-55,Female,43.6,Cheque,Verified
INV003911,2024-03-03,102886,SIP,12585,Telangana,Hyderabad,T30,36-45,Male,21.5,UPI,Verified
INV001569,2024-03-03,148568,SIP,2584,Punjab,Chandigarh,T30,46-55,Male,50.1,Mandate,Verified
INV000828,2024-03-03,120843,SIP,854,Maharashtra,Nashik,B30,26-35,Female,17.1,Cheque,Verified
INV003439,2024-03-03,125498,SIP,17331,West Bengal,Kolkata,T30,18-25,Female,3.9,UPI,Verified
INV003903,2024-03-03,119598,SIP,583,Karnataka,Mysore,B30,18-25,Female,6.6,Net Banking,Verified
INV000739,2024-03-03,148567,SIP,9875,Uttar Pradesh,Agra,B30,46-55,Female,97.0,Mandate,Verified
INV000637,2024-03-03,119551,Lumpsum,359934,Punjab,Chandigarh,T30,26-35,Male,13.9,UPI,Verified
INV000873,2024-03-03,118635,SIP,2688,Uttar Pradesh,Lucknow,T30,26-35,Male,8.9,Cheque,Verified
INV001038,2024-03-03,125498,Lumpsum,472193,West Bengal,Kolkata,T30,26-35,Male,24.4,Mandate,Verified
INV000372,2024-03-03,101207,SIP,6869,Gujarat,Surat,T30,36-45,Male,12.4,UPI,Verified
INV001170,2024-03-03,119598,SIP,14193,Karnataka,Mysore,B30,36-45,Male,34.6,Mandate,Verified
INV000097,2024-03-03,149323,Lumpsum,189598,Karnataka,Mysore,B30,18-25,Male,6.0,UPI,Verified
INV001882,2024-03-03,100033,Lumpsum,396256,Rajasthan,Udaipur,B30,26-35,Male,22.9,Net Banking,Verified
INV001407,2024-03-03,118632,Redemption,139095,Rajasthan,Udaipur,B30,26-35,Female,22.2,UPI,Verified
INV002650,2024-03-03,102887,Redemption,239667,Telangana,Hyderabad,T30,26-35,Male,13.7,Mandate,Verified
INV003095,2024-03-03,125497,SIP,2217,Madhya Pradesh,Bhopal,B30,18-25,Male,5.1,UPI,Verified
INV002200,2024-03-03,102887,SIP,3598,Madhya Pradesh,Indore,T30,26-35,Male,23.1,Net Banking,Verified
INV001276,2024-03-03,118632,Redemption,227211,Rajasthan,Jaipur,T30,56+,Male,46.2,UPI,Verified
INV001943,2024-03-03,102887,Lumpsum,532316,West Bengal,Kolkata,T30,56+,Female,28.3,Cheque,Verified
INV002543,2024-03-03,120843,Redemption,301263,Madhya Pradesh,Indore,T30,18-25,Female,7.7,Net Banking,Pending
INV004146,2024-03-03,125497,SIP,21625,Uttar Pradesh,Agra,B30,56+,Male,40.7,Mandate,Verified
INV004925,2024-03-03,120841,SIP,3410,Maharashtra,Pune,T30,18-25,Female,5.4,Mandate,Verified
INV001926,2024-03-03,120842,Lumpsum,251744,Uttar Pradesh,Agra,B30,46-55,Female,26.9,Cheque,Verified
INV000011,2024-03-03,102887,SIP,59280,West Bengal,Kolkata,T30,26-35,Male,9.6,Cheque,Verified
INV000418,2024-03-03,101206,SIP,6617,Rajasthan,Jaipur,T30,26-35,Female,13.6,UPI,Verified
INV004032,2024-03-03,119093,Redemption,303093,West Bengal,Kolkata,T30,46-55,Male,55.5,Cheque,Verified
INV001784,2024-03-03,148568,Lumpsum,251127,Madhya Pradesh,Bhopal,B30,26-35,Male,15.5,Cheque,Verified
INV001845,2024-03-03,102886,Redemption,287683,Uttar Pradesh,Agra,B30,26-35,Female,14.8,Net Banking,Verified
INV004574,2024-03-03,102885,Lumpsum,159707,Maharashtra,Mumbai,T30,36-45,Male,54.3,UPI,Verified
INV004220,2024-03-03,148568,Lumpsum,152570,Uttar Pradesh,Agra,B30,26-35,Female,15.1,Cheque,Verified
INV004048,2024-03-03,120843,Redemption,330391,Delhi,New Delhi,T30,26-35,Male,13.0,Cheque,Verified
INV002364,2024-03-03,100025,Lumpsum,142557,Rajasthan,Jaipur,T30,46-55,Male,51.3,Net Banking,Verified
INV003904,2024-03-03,120504,Redemption,310642,Karnataka,Bangalore,T30,46-55,Male,67.6,Net Banking,Verified
INV002905,2024-03-03,101208,SIP,27143,Tamil Nadu,Chennai,T30,36-45,Female,32.4,UPI,Verified
INV000327,2024-03-03,101208,SIP,531,Uttar Pradesh,Kanpur,B30,26-35,Male,9.2,UPI,Verified
INV004876,2024-03-03,118636,SIP,551,Karnataka,Bangalore,T30,18-25,Male,7.1,UPI,Verified
INV004963,2024-03-03,149322,SIP,6950,Delhi,Noida,T30,36-45,Female,59.6,Net Banking,Verified
INV003407,2024-03-03,148568,SIP,2194,West Bengal,Kolkata,T30,26-35,Male,6.7,Mandate,Pending
INV002751,2024-03-03,119598,Redemption,285955,Delhi,New Delhi,T30,36-45,Male,45.4,UPI,Verified
INV002951,2024-03-03,125498,SIP,2955,Karnataka,Bangalore,T30,36-45,Male,58.6,Net Banking,Verified
INV000694,2024-03-03,125498,Redemption,192133,Rajasthan,Jaipur,T30,46-55,Male,50.6,Mandate,Pending
INV002540,2024-03-03,120843,SIP,5160,Uttar Pradesh,Agra,B30,26-35,Male,10.8,Cheque,Pending
INV000169,2024-03-03,118634,Lumpsum,66489,Rajasthan,Jaipur,T30,26-35,Male,6.9,Net Banking,Verified
INV000314,2024-03-03,102885,SIP,2079,West Bengal,Kolkata,T30,26-35,Male,20.5,Cheque,Verified
INV002348,2024-03-03,148568,Lumpsum,399107,Uttar Pradesh,Agra,B30,26-35,Male,13.4,Mandate,Pending
INV003956,2024-03-03,119095,Redemption,227662,Punjab,Amritsar,B30,36-45,Male,32.3,Net Banking,Verified
INV003214,2024-03-03,119598,Lumpsum,533023,Punjab,Chandigarh,T30,36-45,Male,18.2,Net Banking,Verified
INV002249,2024-03-03,119599,SIP,496,Karnataka,Bangalore,T30,36-45,Male,19.6,UPI,Verified
INV000315,2024-03-03,100025,SIP,1189,Telangana,Hyderabad,T30,18-25,Male,3.2,Cheque,Verified
INV001295,2024-03-03,101208,SIP,2256,Madhya Pradesh,Indore,T30,36-45,Male,30.8,UPI,Verified
INV003864,2024-03-03,119092,SIP,2314,Gujarat,Ahmedabad,T30,36-45,Female,49.8,Mandate,Verified
INV001549,2024-03-03,149324,Redemption,460166,Haryana,Gurugram,T30,36-45,Male,19.5,Cheque,Verified
INV004627,2024-03-03,120842,SIP,11402,West Bengal,Kolkata,T30,36-45,Male,47.7,UPI,Verified
INV002138,2024-03-03,118635,Redemption,163566,Karnataka,Bangalore,T30,46-55,Female,78.2,UPI,Verified
INV000683,2024-03-03,119120,Lumpsum,169349,Maharashtra,Mumbai,T30,26-35,Female,17.4,Mandate,Verified
INV003970,2024-03-03,101206,Redemption,382059,Telangana,Hyderabad,T30,18-25,Male,4.1,Net Banking,Verified
INV001831,2024-03-03,119599,SIP,27569,Madhya Pradesh,Indore,T30,18-25,Female,4.3,Cheque,Verified
INV001605,2024-03-04,120844,Lumpsum,381697,Uttar Pradesh,Kanpur,B30,26-35,Female,12.4,Net Banking,Verified
INV001603,2024-03-04,120506,SIP,4860,Uttar Pradesh,Agra,B30,46-55,Female,53.9,UPI,Verified
INV000644,2024-03-04,118635,SIP,7149,West Bengal,Kolkata,T30,26-35,Male,9.1,Mandate,Verified
INV003017,2024-03-04,100016,SIP,3193,West Bengal,Kolkata,T30,56+,Male,75.3,Cheque,Verified
INV000668,2024-03-04,120841,Redemption,41867,Telangana,Hyderabad,T30,18-25,Male,4.8,Mandate,Verified
INV004962,2024-03-04,118635,SIP,11681,Uttar Pradesh,Agra,B30,18-25,Male,6.7,Net Banking,Verified
INV004443,2024-03-04,119094,SIP,1887,Maharashtra,Nashik,B30,26-35,Female,13.0,Net Banking,Verified
INV001849,2024-03-04,120504,Redemption,376901,Gujarat,Ahmedabad,T30,36-45,Female,49.3,UPI,Verified
INV002037,2024-03-04,120844,SIP,2261,Delhi,New Delhi,T30,56+,Male,22.0,Cheque,Verified
INV001342,2024-03-04,149322,SIP,50588,West Bengal,Kolkata,T30,26-35,Female,15.5,Net Banking,Pending
INV001055,2024-03-04,125497,Lumpsum,59484,Haryana,Gurugram,T30,26-35,Female,17.6,Net Banking,Verified
INV002418,2024-03-04,125498,Redemption,283870,Haryana,Faridabad,B30,36-45,Male,34.0,Mandate,Verified
INV003901,2024-03-04,119598,Redemption,42491,Delhi,Gurugram,T30,46-55,Male,45.4,Mandate,Verified
INV002287,2024-03-04,101207,SIP,6152,Madhya Pradesh,Bhopal,B30,46-55,Male,64.1,Net Banking,Verified
INV000259,2024-03-04,119094,SIP,996,Tamil Nadu,Coimbatore,B30,36-45,Male,17.2,Cheque,Verified
INV000856,2024-03-04,119552,Redemption,206193,Madhya Pradesh,Indore,T30,26-35,Male,24.8,Cheque,Verified
INV002090,2024-03-04,120505,Redemption,255570,Maharashtra,Mumbai,T30,26-35,Male,23.7,Net Banking,Verified
INV004116,2024-03-04,119094,SIP,5657,Gujarat,Ahmedabad,T30,36-45,Male,59.4,UPI,Verified
INV004134,2024-03-04,120843,Lumpsum,42451,West Bengal,Kolkata,T30,36-45,Male,24.4,Mandate,Verified
INV004860,2024-03-04,118636,SIP,2086,Punjab,Amritsar,B30,46-55,Male,47.7,Mandate,Verified
INV002111,2024-03-04,149322,SIP,2179,Telangana,Hyderabad,T30,36-45,Female,29.2,Cheque,Pending
INV003438,2024-03-04,101208,SIP,6042,Delhi,Noida,T30,26-35,Female,19.6,UPI,Verified
INV003755,2024-03-04,118635,Lumpsum,538480,Punjab,Chandigarh,T30,46-55,Male,42.7,UPI,Verified
INV001346,2024-03-04,120507,SIP,508,Gujarat,Surat,T30,18-25,Male,5.7,Net Banking,Verified
INV000572,2024-03-04,102885,SIP,2576,Gujarat,Surat,T30,36-45,Female,28.9,Mandate,Verified
INV004162,2024-03-04,119095,SIP,7599,Haryana,Faridabad,B30,18-25,Male,5.1,Cheque,Verified
INV000573,2024-03-04,119552,SIP,43675,Madhya Pradesh,Bhopal,B30,56+,Female,38.5,Cheque,Verified
INV004534,2024-03-04,119598,Lumpsum,285242,Maharashtra,Nashik,B30,26-35,Male,8.8,Cheque,Verified
INV000215,2024-03-04,125498,SIP,822,Maharashtra,Nashik,B30,26-35,Female,18.3,Mandate,Verified
INV001735,2024-03-04,100033,SIP,577,Maharashtra,Pune,T30,56+,Male,41.9,UPI,Verified
INV003426,2024-03-04,100016,SIP,1115,Karnataka,Bangalore,T30,46-55,Male,27.8,Cheque,Verified
INV004860,2024-03-04,118632,Lumpsum,95145,Punjab,Amritsar,B30,46-55,Male,47.7,Mandate,Verified
INV001456,2024-03-04,125498,SIP,4326,Punjab,Chandigarh,T30,36-45,Male,36.3,Mandate,Verified
INV004271,2024-03-04,100016,Redemption,237981,Maharashtra,Mumbai,T30,18-25,Male,3.2,Cheque,Verified
INV002037,2024-03-04,118634,SIP,48735,Delhi,New Delhi,T30,56+,Male,22.0,Cheque,Verified
INV003372,2024-03-04,100033,SIP,3289,Karnataka,Mysore,B30,36-45,Female,38.1,UPI,Verified
INV000752,2024-03-04,120844,SIP,15019,Punjab,Chandigarh,T30,46-55,Male,32.7,Mandate,Verified
INV001811,2024-03-04,119552,SIP,22928,Punjab,Amritsar,B30,18-25,Male,7.8,Net Banking,Verified
INV004996,2024-03-04,119552,SIP,49177,Delhi,New Delhi,T30,46-55,Male,87.8,UPI,Verified
INV002779,2024-03-04,101207,Lumpsum,534856,Uttar Pradesh,Lucknow,T30,26-35,Male,10.4,Cheque,Verified
INV003235,2024-03-04,148567,Redemption,346620,Haryana,Faridabad,B30,56+,Male,19.0,Cheque,Verified
INV001674,2024-03-04,119598,Lumpsum,367102,Delhi,Noida,T30,26-35,Male,12.0,Cheque,Pending
INV001210,2024-03-04,120842,SIP,2041,Uttar Pradesh,Agra,B30,36-45,Male,25.5,Cheque,Verified
INV003573,2024-03-04,149323,SIP,28343,Gujarat,Surat,T30,36-45,Male,51.8,Mandate,Verified
INV001210,2024-03-04,120844,SIP,2425,Uttar Pradesh,Agra,B30,36-45,Male,25.5,UPI,Verified
INV001219,2024-03-04,102886,SIP,26510,West Bengal,Kolkata,T30,26-35,Male,18.4,Net Banking,Verified
INV004449,2024-03-04,118636,SIP,2695,Maharashtra,Pune,T30,36-45,Male,16.6,Mandate,Verified
INV000460,2024-03-04,148569,SIP,2506,Delhi,Noida,T30,36-45,Male,47.1,UPI,Verified
INV003766,2024-03-04,119093,SIP,2783,West Bengal,Kolkata,T30,36-45,Male,52.3,Net Banking,Verified
INV001521,2024-03-04,120843,SIP,2385,Haryana,Faridabad,B30,18-25,Male,4.9,Net Banking,Pending
INV004869,2024-03-04,120503,Redemption,393032,West Bengal,Kolkata,T30,26-35,Male,9.7,UPI,Verified
INV004456,2024-03-04,118636,SIP,452,West Bengal,Kolkata,T30,26-35,Female,7.0,Cheque,Verified
INV004669,2024-03-04,118635,Lumpsum,333774,Punjab,Chandigarh,T30,26-35,Male,8.6,Net Banking,Pending
INV001034,2024-03-04,118636,SIP,44384,Maharashtra,Pune,T30,26-35,Male,20.4,Net Banking,Verified
INV001449,2024-03-05,149324,SIP,8203,Gujarat,Ahmedabad,T30,36-45,Male,45.2,Mandate,Verified
INV003204,2024-03-05,102886,Redemption,304613,West Bengal,Kolkata,T30,18-25,Male,6.7,Mandate,Verified
INV001510,2024-03-05,120841,SIP,4902,Gujarat,Surat,T30,26-35,Male,15.4,Mandate,Verified
INV000650,2024-03-05,148567,SIP,12481,Karnataka,Mysore,B30,26-35,Male,22.8,Net Banking,Verified
INV002989,2024-03-05,118634,SIP,8924,Haryana,Faridabad,B30,46-55,Male,16.3,Net Banking,Verified
INV002360,2024-03-05,119094,SIP,28563,Maharashtra,Mumbai,T30,26-35,Male,11.6,Mandate,Verified
INV000434,2024-03-05,119093,SIP,2353,Gujarat,Surat,T30,46-55,Male,28.1,Mandate,Verified
INV002989,2024-03-05,118632,Redemption,270272,Haryana,Faridabad,B30,46-55,Male,16.3,Net Banking,Verified
INV002718,2024-03-05,119552,Redemption,408296,Telangana,Hyderabad,T30,36-45,Male,15.6,UPI,Verified
INV003781,2024-03-05,118635,Redemption,443034,Tamil Nadu,Coimbatore,B30,26-35,Male,15.8,Net Banking,Pending
INV001972,2024-03-05,101207,Redemption,140114,Uttar Pradesh,Kanpur,B30,18-25,Male,4.6,Net Banking,Verified
INV001560,2024-03-05,120843,Lumpsum,278483,Punjab,Amritsar,B30,26-35,Male,22.5,Cheque,Verified
INV001356,2024-03-05,148567,SIP,1097,Gujarat,Ahmedabad,T30,26-35,Male,19.7,UPI,Verified
INV000777,2024-03-05,119599,SIP,404,Uttar Pradesh,Lucknow,T30,26-35,Male,15.7,Net Banking,Verified
INV004711,2024-03-05,120843,SIP,2691,Rajasthan,Udaipur,B30,56+,Male,70.9,Net Banking,Verified
INV001687,2024-03-05,119599,SIP,8786,West Bengal,Kolkata,T30,26-35,Male,7.6,Mandate,Verified
INV004864,2024-03-05,100033,SIP,24606,Punjab,Amritsar,B30,26-35,Female,10.5,Net Banking,Verified
INV000811,2024-03-05,100016,Lumpsum,77179,Haryana,Faridabad,B30,36-45,Female,34.5,Mandate,Verified
INV004861,2024-03-05,120844,SIP,906,Telangana,Hyderabad,T30,18-25,Male,3.6,Cheque,Verified
INV000280,2024-03-05,119552,SIP,59301,Punjab,Amritsar,B30,26-35,Female,22.9,Cheque,Verified
INV001696,2024-03-05,102885,SIP,5101,West Bengal,Kolkata,T30,56+,Female,55.8,UPI,Verified
INV000969,2024-03-05,118635,Redemption,295677,Uttar Pradesh,Lucknow,T30,18-25,Male,6.2,Cheque,Verified
INV002071,2024-03-05,102886,Redemption,259194,Punjab,Chandigarh,T30,56+,Male,61.1,Cheque,Verified
INV001476,2024-03-05,118634,Redemption,310212,Rajasthan,Jaipur,T30,36-45,Male,38.1,Net Banking,Verified
INV003462,2024-03-05,148568,SIP,40631,Rajasthan,Jaipur,T30,26-35,Female,24.3,Cheque,Verified
INV001228,2024-03-05,120506,Redemption,92775,Karnataka,Bangalore,T30,36-45,Female,29.8,Net Banking,Verified
INV000255,2024-03-05,118633,SIP,1651,Haryana,Gurugram,T30,26-35,Female,19.9,Cheque,Verified
INV003417,2024-03-05,120842,SIP,2384,Karnataka,Mysore,B30,26-35,Male,17.6,Cheque,Verified
INV001480,2024-03-05,125497,SIP,956,West Bengal,Kolkata,T30,18-25,Male,3.1,Mandate,Verified
INV003444,2024-03-05,101207,SIP,3485,Telangana,Hyderabad,T30,36-45,Female,41.4,Cheque,Verified
INV004814,2024-03-05,120507,SIP,17904,Karnataka,Bangalore,T30,18-25,Female,7.8,Net Banking,Verified
INV000890,2024-03-05,101206,Redemption,166186,Karnataka,Bangalore,T30,26-35,Male,13.5,UPI,Verified
INV003813,2024-03-05,101208,SIP,26266,Rajasthan,Udaipur,B30,36-45,Male,23.6,Cheque,Verified
INV002224,2024-03-05,120507,SIP,2015,Rajasthan,Udaipur,B30,26-35,Male,21.4,UPI,Verified
INV001496,2024-03-05,101207,Lumpsum,544906,West Bengal,Kolkata,T30,18-25,Male,4.5,Cheque,Verified
INV004891,2024-03-05,101207,SIP,3143,Telangana,Hyderabad,T30,46-55,Female,83.5,Mandate,Verified
INV000410,2024-03-05,118634,SIP,2164,Rajasthan,Jaipur,T30,18-25,Female,5.3,Mandate,Verified
INV002195,2024-03-05,100025,SIP,8189,Telangana,Hyderabad,T30,26-35,Male,24.5,Net Banking,Verified
INV003336,2024-03-05,118636,SIP,5121,Punjab,Amritsar,B30,46-55,Female,45.8,Cheque,Verified
INV003882,2024-03-05,119552,SIP,1944,Maharashtra,Nashik,B30,36-45,Male,51.6,Mandate,Verified
INV002277,2024-03-05,102887,SIP,8525,Haryana,Gurugram,T30,26-35,Female,10.3,Net Banking,Verified
INV004342,2024-03-05,120504,Lumpsum,414680,Tamil Nadu,Coimbatore,B30,46-55,Female,22.1,UPI,Verified
INV003972,2024-03-05,148567,SIP,26801,Uttar Pradesh,Agra,B30,26-35,Male,10.2,UPI,Verified
INV004643,2024-03-05,118636,SIP,2796,Delhi,Noida,T30,26-35,Female,12.4,UPI,Verified
INV001636,2024-03-05,118633,SIP,2109,Rajasthan,Udaipur,B30,18-25,Male,6.0,Net Banking,Verified
INV003670,2024-03-05,120506,SIP,1012,Punjab,Chandigarh,T30,36-45,Male,38.4,Cheque,Verified
INV001500,2024-03-05,119599,SIP,591,Maharashtra,Pune,T30,26-35,Female,6.5,Net Banking,Verified
INV001644,2024-03-05,120844,Lumpsum,78327,Madhya Pradesh,Bhopal,B30,18-25,Female,6.7,UPI,Verified
INV001208,2024-03-05,118636,Lumpsum,246807,Gujarat,Ahmedabad,T30,56+,Male,18.7,UPI,Verified
INV001210,2024-03-05,118632,Redemption,504784,Uttar Pradesh,Agra,B30,36-45,Male,25.5,Cheque,Verified
INV004908,2024-03-05,120506,SIP,15427,Rajasthan,Jaipur,T30,18-25,Male,6.1,Mandate,Verified
INV002758,2024-03-05,118634,Redemption,344346,Delhi,Gurugram,T30,26-35,Male,7.3,UPI,Verified
INV001422,2024-03-05,120842,SIP,910,Punjab,Amritsar,B30,36-45,Male,38.6,Cheque,Pending
INV000105,2024-03-05,118634,SIP,6831,Punjab,Chandigarh,T30,56+,Male,41.4,Mandate,Verified
INV002155,2024-03-05,119093,Lumpsum,313049,Telangana,Hyderabad,T30,56+,Male,26.2,Mandate,Verified
INV004040,2024-03-05,119552,Redemption,64400,Gujarat,Ahmedabad,T30,36-45,Male,54.3,Cheque,Verified
INV000062,2024-03-05,102885,SIP,7322,Haryana,Faridabad,B30,46-55,Male,22.9,Mandate,Verified
INV000609,2024-03-05,102887,Lumpsum,173643,Tamil Nadu,Coimbatore,B30,18-25,Male,3.9,Cheque,Verified
INV004204,2024-03-05,120503,Lumpsum,201776,Tamil Nadu,Chennai,T30,36-45,Male,51.7,UPI,Verified
INV002696,2024-03-05,100033,SIP,22007,Punjab,Amritsar,B30,18-25,Male,7.1,Cheque,Verified
INV001885,2024-03-05,148569,SIP,2641,Karnataka,Bangalore,T30,26-35,Male,18.8,Cheque,Pending
INV001519,2024-03-05,101207,SIP,10717,Gujarat,Ahmedabad,T30,46-55,Female,38.8,UPI,Verified
INV004483,2024-03-05,101207,SIP,1758,Tamil Nadu,Chennai,T30,46-55,Female,72.3,Cheque,Verified
INV002506,2024-03-05,102886,SIP,1053,Karnataka,Bangalore,T30,18-25,Female,3.2,Net Banking,Verified
INV002501,2024-03-05,119094,Redemption,169066,Gujarat,Ahmedabad,T30,26-35,Female,24.8,UPI,Verified
INV003844,2024-03-06,125498,SIP,9312,Maharashtra,Nashik,B30,26-35,Female,15.9,UPI,Verified
INV000499,2024-03-06,119599,SIP,22230,Delhi,New Delhi,T30,36-45,Female,59.5,UPI,Verified
INV001746,2024-03-06,119092,SIP,8411,Rajasthan,Udaipur,B30,26-35,Male,11.2,Net Banking,Verified
INV003724,2024-03-06,125497,SIP,805,Punjab,Amritsar,B30,56+,Male,52.5,Mandate,Verified
INV000652,2024-03-06,101208,Lumpsum,461128,Delhi,Gurugram,T30,26-35,Male,8.0,Net Banking,Verified
INV002219,2024-03-06,149324,SIP,1115,Karnataka,Mysore,B30,26-35,Male,6.9,UPI,Verified
INV000129,2024-03-06,102887,SIP,23158,Punjab,Amritsar,B30,26-35,Female,21.4,Mandate,Verified
INV004287,2024-03-06,102886,Lumpsum,25338,Gujarat,Surat,T30,26-35,Female,18.1,Net Banking,Verified
INV004076,2024-03-06,120507,SIP,5279,Madhya Pradesh,Indore,T30,26-35,Male,15.7,Cheque,Verified
INV002884,2024-03-06,148569,Lumpsum,91530,West Bengal,Kolkata,T30,18-25,Male,7.3,Mandate,Verified
INV004607,2024-03-06,118636,SIP,17184,Telangana,Hyderabad,T30,26-35,Female,7.0,Cheque,Verified
INV002585,2024-03-06,100025,Lumpsum,459087,Uttar Pradesh,Lucknow,T30,18-25,Male,3.2,Net Banking,Verified
INV004847,2024-03-06,120842,SIP,10238,Maharashtra,Pune,T30,26-35,Female,7.0,Mandate,Verified
INV001331,2024-03-06,100016,SIP,2343,Gujarat,Ahmedabad,T30,26-35,Male,17.5,Net Banking,Verified
INV004415,2024-03-06,148569,SIP,2674,Tamil Nadu,Chennai,T30,26-35,Male,6.3,Mandate,Verified
INV000369,2024-03-06,120504,SIP,1613,Delhi,Gurugram,T30,26-35,Male,20.7,UPI,Verified
INV001928,2024-03-06,101206,Redemption,342394,Telangana,Hyderabad,T30,46-55,Female,29.2,Net Banking,Verified
INV000259,2024-03-06,119599,Lumpsum,323331,Tamil Nadu,Coimbatore,B30,36-45,Male,17.2,UPI,Verified
INV002379,2024-03-06,120507,SIP,4954,Madhya Pradesh,Bhopal,B30,26-35,Male,15.6,Cheque,Verified
INV001614,2024-03-06,119093,Lumpsum,216677,Punjab,Amritsar,B30,18-25,Male,4.6,Mandate,Verified
INV003763,2024-03-06,102887,Redemption,35558,Haryana,Faridabad,B30,26-35,Female,19.1,Mandate,Verified
INV001831,2024-03-06,119095,Lumpsum,400680,Madhya Pradesh,Indore,T30,18-25,Female,4.3,Cheque,Verified
INV003909,2024-03-06,120841,Lumpsum,551189,Haryana,Gurugram,T30,46-55,Male,29.1,Mandate,Verified
INV000736,2024-03-06,100033,SIP,2194,Haryana,Faridabad,B30,36-45,Female,39.4,Net Banking,Verified
INV000344,2024-03-06,149323,Lumpsum,243426,Madhya Pradesh,Bhopal,B30,36-45,Male,56.7,Cheque,Verified
INV001400,2024-03-06,120503,Lumpsum,86342,Tamil Nadu,Coimbatore,B30,36-45,Male,36.5,Net Banking,Verified
INV003134,2024-03-06,125498,SIP,2984,Telangana,Hyderabad,T30,36-45,Female,41.3,Net Banking,Verified
INV000893,2024-03-06,100025,Lumpsum,226089,Punjab,Chandigarh,T30,46-55,Male,35.3,Mandate,Verified
INV001662,2024-03-06,118632,Lumpsum,319464,Delhi,Gurugram,T30,36-45,Male,45.6,Mandate,Pending
INV000011,2024-03-06,118633,SIP,7578,West Bengal,Kolkata,T30,26-35,Male,9.6,Cheque,Verified
INV002242,2024-03-06,118636,SIP,22430,Gujarat,Ahmedabad,T30,26-35,Male,22.2,Mandate,Verified
INV000316,2024-03-06,119093,SIP,1663,Karnataka,Bangalore,T30,46-55,Female,39.5,Net Banking,Verified
INV003794,2024-03-06,118636,Lumpsum,327499,Gujarat,Ahmedabad,T30,26-35,Male,22.1,Cheque,Verified
INV000578,2024-03-06,148568,Redemption,398327,Maharashtra,Nashik,B30,26-35,Male,10.9,Mandate,Verified
INV003832,2024-03-06,119599,SIP,4223,Karnataka,Mysore,B30,46-55,Male,34.4,Cheque,Verified
INV000162,2024-03-06,119095,SIP,1679,Haryana,Gurugram,T30,26-35,Female,25.0,Net Banking,Verified
INV004972,2024-03-06,118635,SIP,8783,Uttar Pradesh,Lucknow,T30,18-25,Male,4.0,Cheque,Verified
INV000704,2024-03-06,119120,SIP,2918,Gujarat,Ahmedabad,T30,18-25,Male,4.5,UPI,Verified
INV002574,2024-03-06,120507,Lumpsum,57666,Maharashtra,Nashik,B30,26-35,Male,11.1,Mandate,Verified
INV001733,2024-03-06,148567,Lumpsum,45430,Tamil Nadu,Coimbatore,B30,36-45,Female,29.5,UPI,Verified
INV001902,2024-03-06,148568,Lumpsum,356121,Punjab,Chandigarh,T30,46-55,Female,22.2,Mandate,Verified
INV002825,2024-03-06,149322,SIP,4790,Delhi,New Delhi,T30,36-45,Male,52.4,Mandate,Verified
INV001245,2024-03-06,119095,SIP,16991,Haryana,Faridabad,B30,46-55,Female,44.0,UPI,Pending
INV003124,2024-03-06,120844,Lumpsum,164732,West Bengal,Kolkata,T30,36-45,Male,28.8,Net Banking,Verified
INV003693,2024-03-06,125497,SIP,7232,Madhya Pradesh,Bhopal,B30,36-45,Male,25.2,Net Banking,Verified
INV002270,2024-03-06,125498,SIP,46513,Madhya Pradesh,Indore,T30,46-55,Female,23.9,UPI,Verified
INV003515,2024-03-06,120841,SIP,2460,West Bengal,Kolkata,T30,26-35,Male,16.3,Mandate,Verified
INV000450,2024-03-06,102885,SIP,21149,West Bengal,Kolkata,T30,26-35,Female,18.4,Cheque,Verified
INV000631,2024-03-06,149322,SIP,8003,Delhi,Noida,T30,36-45,Female,48.6,UPI,Verified
INV000991,2024-03-06,118635,SIP,15888,Madhya Pradesh,Bhopal,B30,46-55,Male,59.1,Cheque,Verified
INV002195,2024-03-06,120841,SIP,14739,Telangana,Hyderabad,T30,26-35,Male,24.5,Mandate,Verified
INV004288,2024-03-06,148568,SIP,8545,Punjab,Amritsar,B30,18-25,Female,6.1,Mandate,Verified
INV001274,2024-03-06,100033,SIP,2786,Maharashtra,Mumbai,T30,36-45,Female,55.7,Cheque,Verified
INV002588,2024-03-06,148568,Lumpsum,522599,West Bengal,Kolkata,T30,18-25,Male,5.5,Mandate,Verified
INV004489,2024-03-06,148568,SIP,13678,Haryana,Faridabad,B30,26-35,Male,15.2,UPI,Verified
INV004896,2024-03-06,120505,SIP,902,Uttar Pradesh,Agra,B30,18-25,Female,3.5,Cheque,Pending
INV003425,2024-03-06,100016,SIP,1841,Gujarat,Surat,T30,26-35,Female,14.5,Net Banking,Verified
INV002319,2024-03-06,101206,Redemption,10497,Karnataka,Mysore,B30,26-35,Male,8.7,Mandate,Verified
INV001174,2024-03-06,148568,Lumpsum,217941,Maharashtra,Nashik,B30,36-45,Male,12.7,UPI,Verified
INV000359,2024-03-06,118634,SIP,2857,Tamil Nadu,Chennai,T30,18-25,Male,3.1,Net Banking,Verified
INV002761,2024-03-06,120505,SIP,2328,Rajasthan,Jaipur,T30,26-35,Male,14.9,Net Banking,Verified
INV001337,2024-03-06,119120,SIP,2109,Tamil Nadu,Chennai,T30,26-35,Male,10.0,UPI,Verified
INV004377,2024-03-06,120507,SIP,2039,Haryana,Faridabad,B30,18-25,Male,6.1,Mandate,Verified
INV000575,2024-03-06,101208,Redemption,349238,Punjab,Amritsar,B30,26-35,Female,16.4,Net Banking,Verified
INV000758,2024-03-06,148568,Redemption,88234,Delhi,New Delhi,T30,56+,Male,61.5,Cheque,Verified
INV004268,2024-03-06,100025,Lumpsum,206751,Delhi,Gurugram,T30,26-35,Female,10.1,Net Banking,Verified
INV002475,2024-03-06,120507,SIP,13470,Delhi,New Delhi,T30,26-35,Male,14.4,UPI,Verified
INV000505,2024-03-06,120505,SIP,967,Rajasthan,Jaipur,T30,36-45,Male,40.9,UPI,Verified
INV003537,2024-03-06,149323,Lumpsum,44751,Punjab,Amritsar,B30,18-25,Male,3.7,Cheque,Verified
INV004336,2024-03-06,120844,SIP,42432,West Bengal,Kolkata,T30,46-55,Female,35.0,Mandate,Verified
INV000726,2024-03-07,119598,Lumpsum,97513,Punjab,Chandigarh,T30,26-35,Male,21.1,Net Banking,Verified
INV004635,2024-03-07,119092,SIP,2371,Punjab,Chandigarh,T30,18-25,Male,4.4,Mandate,Verified
INV000527,2024-03-07,148569,Lumpsum,417377,Telangana,Hyderabad,T30,26-35,Male,12.1,Cheque,Verified
INV000636,2024-03-07,100025,Lumpsum,136286,Delhi,Noida,T30,46-55,Male,79.6,Mandate,Verified
INV001290,2024-03-07,125498,SIP,2957,Tamil Nadu,Chennai,T30,36-45,Female,26.4,UPI,Verified
INV003045,2024-03-07,120506,SIP,16435,Telangana,Hyderabad,T30,26-35,Male,12.2,UPI,Verified
INV003146,2024-03-07,119094,Lumpsum,56233,Rajasthan,Udaipur,B30,26-35,Male,20.2,Cheque,Verified
INV002476,2024-03-07,120505,SIP,14078,Telangana,Hyderabad,T30,36-45,Female,58.6,Net Banking,Verified
INV003239,2024-03-07,118633,SIP,11749,Uttar Pradesh,Agra,B30,56+,Female,48.3,Mandate,Verified
INV000445,2024-03-07,120506,SIP,941,Madhya Pradesh,Bhopal,B30,26-35,Female,24.7,Mandate,Verified
INV001280,2024-03-07,118635,SIP,2339,Rajasthan,Jaipur,T30,18-25,Male,4.7,Net Banking,Verified
INV003044,2024-03-07,119599,SIP,2334,West Bengal,Kolkata,T30,18-25,Female,3.2,Net Banking,Verified
INV000776,2024-03-07,125497,SIP,3077,Rajasthan,Jaipur,T30,26-35,Male,12.4,UPI,Verified
INV002848,2024-03-07,101208,SIP,3539,West Bengal,Kolkata,T30,46-55,Male,70.2,Cheque,Verified
INV003037,2024-03-07,120504,SIP,2923,Telangana,Hyderabad,T30,18-25,Female,7.6,Net Banking,Pending
INV002601,2024-03-07,118634,Redemption,426492,Tamil Nadu,Coimbatore,B30,36-45,Female,34.1,Net Banking,Verified
INV003160,2024-03-07,120844,SIP,3529,Delhi,Gurugram,T30,26-35,Male,24.9,Cheque,Verified
INV000556,2024-03-07,120507,SIP,9402,Rajasthan,Udaipur,B30,18-25,Male,7.2,UPI,Verified
INV003962,2024-03-07,125497,SIP,2138,Haryana,Gurugram,T30,26-35,Male,20.4,Cheque,Verified
INV002400,2024-03-07,120844,SIP,2768,Punjab,Chandigarh,T30,36-45,Male,15.5,Cheque,Verified
INV004038,2024-03-07,119094,SIP,44178,Gujarat,Surat,T30,26-35,Female,24.6,Net Banking,Verified
INV000963,2024-03-07,119095,Lumpsum,472961,Punjab,Chandigarh,T30,18-25,Male,4.9,UPI,Verified
INV002252,2024-03-07,120841,Lumpsum,379542,Maharashtra,Pune,T30,36-45,Female,46.4,UPI,Verified
INV002651,2024-03-07,120842,SIP,522,Haryana,Faridabad,B30,26-35,Male,12.5,UPI,Verified
INV004473,2024-03-07,101207,SIP,2759,Karnataka,Mysore,B30,18-25,Male,5.6,Net Banking,Verified
INV000387,2024-03-07,119598,SIP,2590,Gujarat,Surat,T30,36-45,Male,53.8,Cheque,Verified
INV002392,2024-03-07,120842,Lumpsum,255465,Madhya Pradesh,Indore,T30,56+,Female,68.4,UPI,Verified
INV004826,2024-03-07,120842,Lumpsum,449780,Tamil Nadu,Coimbatore,B30,26-35,Male,14.7,Mandate,Pending
INV000158,2024-03-07,102885,SIP,5743,Madhya Pradesh,Bhopal,B30,36-45,Male,26.1,Mandate,Verified
INV003448,2024-03-07,148568,Redemption,5644,Rajasthan,Udaipur,B30,26-35,Male,16.4,Net Banking,Verified
INV000321,2024-03-07,101208,Lumpsum,299947,Maharashtra,Mumbai,T30,26-35,Male,24.2,Net Banking,Verified
INV004912,2024-03-07,119093,SIP,6307,West Bengal,Kolkata,T30,18-25,Male,6.4,UPI,Verified
INV004515,2024-03-07,125497,Lumpsum,87581,Rajasthan,Udaipur,B30,18-25,Female,5.2,Net Banking,Verified
INV001532,2024-03-07,120841,SIP,5605,Madhya Pradesh,Bhopal,B30,36-45,Female,39.5,Net Banking,Verified
INV000811,2024-03-07,119599,Lumpsum,407063,Haryana,Faridabad,B30,36-45,Female,34.5,Mandate,Verified
INV001115,2024-03-07,119552,SIP,2492,Uttar Pradesh,Kanpur,B30,26-35,Male,20.7,Mandate,Verified
INV000215,2024-03-07,119093,SIP,53392,Maharashtra,Nashik,B30,26-35,Female,18.3,Net Banking,Verified
INV003867,2024-03-07,120841,SIP,951,Punjab,Amritsar,B30,18-25,Male,4.4,Net Banking,Verified
INV001346,2024-03-07,101206,SIP,2750,Gujarat,Surat,T30,18-25,Male,5.7,Cheque,Verified
INV004563,2024-03-07,120842,Lumpsum,429729,Gujarat,Surat,T30,46-55,Female,32.2,UPI,Verified
INV003975,2024-03-07,119599,Lumpsum,376276,Gujarat,Ahmedabad,T30,36-45,Male,26.2,Net Banking,Verified
INV002905,2024-03-07,119092,Lumpsum,196404,Tamil Nadu,Chennai,T30,36-45,Female,32.4,Cheque,Verified
INV000269,2024-03-07,119552,Lumpsum,269590,Punjab,Amritsar,B30,46-55,Male,47.3,Cheque,Verified
INV004513,2024-03-07,119094,Redemption,183288,Karnataka,Mysore,B30,36-45,Female,16.9,UPI,Verified
INV000092,2024-03-07,119092,Lumpsum,390937,Haryana,Gurugram,T30,18-25,Female,3.7,Mandate,Verified
INV002931,2024-03-07,120503,SIP,29042,Tamil Nadu,Coimbatore,B30,56+,Female,32.4,Net Banking,Pending
INV003478,2024-03-07,148568,Redemption,250937,Punjab,Chandigarh,T30,26-35,Male,21.2,Net Banking,Verified
INV000595,2024-03-07,120842,SIP,2306,Gujarat,Surat,T30,18-25,Male,7.6,Cheque,Pending
INV002620,2024-03-07,102885,SIP,4793,Maharashtra,Nashik,B30,46-55,Female,88.5,Mandate,Verified
INV000317,2024-03-07,102887,Redemption,302382,West Bengal,Kolkata,T30,36-45,Male,50.2,Net Banking,Verified
INV003526,2024-03-07,120504,SIP,1180,Maharashtra,Nashik,B30,36-45,Male,24.2,Cheque,Verified
INV003643,2024-03-07,119093,SIP,25045,Telangana,Hyderabad,T30,36-45,Male,48.4,Net Banking,Verified
INV004827,2024-03-07,148568,Lumpsum,69410,Uttar Pradesh,Kanpur,B30,56+,Female,43.7,Net Banking,Verified
INV002915,2024-03-07,101208,SIP,10702,West Bengal,Kolkata,T30,18-25,Male,7.7,Net Banking,Verified
INV001753,2024-03-07,119598,SIP,13222,Rajasthan,Jaipur,T30,26-35,Male,10.0,Cheque,Verified
INV001348,2024-03-07,149324,SIP,1776,Haryana,Gurugram,T30,26-35,Female,8.6,Cheque,Verified
INV001225,2024-03-07,119120,SIP,58227,Karnataka,Mysore,B30,26-35,Male,16.5,Mandate,Verified
INV004950,2024-03-07,148568,SIP,27763,Madhya Pradesh,Indore,T30,26-35,Male,9.8,Cheque,Verified
INV002969,2024-03-07,149324,Lumpsum,282181,Karnataka,Bangalore,T30,26-35,Male,15.4,Net Banking,Verified
INV004120,2024-03-07,102887,Lumpsum,195572,Telangana,Hyderabad,T30,18-25,Male,7.2,Net Banking,Verified
INV001842,2024-03-07,120842,SIP,2611,Gujarat,Surat,T30,26-35,Male,14.4,Cheque,Verified
INV002245,2024-03-07,120507,SIP,3048,Karnataka,Mysore,B30,26-35,Female,24.6,Cheque,Verified
INV000735,2024-03-07,120841,Redemption,266553,Maharashtra,Pune,T30,36-45,Male,57.7,UPI,Verified
INV000507,2024-03-07,100016,SIP,14554,Gujarat,Ahmedabad,T30,36-45,Male,44.1,Mandate,Verified
INV003070,2024-03-08,119599,SIP,14040,West Bengal,Kolkata,T30,26-35,Male,23.7,UPI,Verified
INV002372,2024-03-08,149322,Lumpsum,28284,Maharashtra,Pune,T30,36-45,Female,28.6,UPI,Verified
INV001683,2024-03-08,125498,SIP,45167,Haryana,Gurugram,T30,26-35,Male,8.7,UPI,Verified
INV000276,2024-03-08,118636,SIP,2098,Telangana,Hyderabad,T30,36-45,Female,38.3,Mandate,Pending
INV004068,2024-03-08,120841,SIP,5056,West Bengal,Kolkata,T30,46-55,Male,63.0,Mandate,Verified
INV001806,2024-03-08,120506,SIP,2567,Telangana,Hyderabad,T30,36-45,Male,32.6,Mandate,Verified
INV000865,2024-03-08,149323,Redemption,290730,Tamil Nadu,Coimbatore,B30,26-35,Male,24.2,UPI,Verified
INV000279,2024-03-08,119598,SIP,6574,Gujarat,Ahmedabad,T30,26-35,Male,12.4,UPI,Verified
INV003395,2024-03-08,102886,SIP,2704,Gujarat,Ahmedabad,T30,36-45,Male,39.2,Net Banking,Verified
INV003782,2024-03-08,119092,Lumpsum,432219,Tamil Nadu,Chennai,T30,36-45,Male,44.5,UPI,Pending
INV003876,2024-03-08,120507,SIP,2650,Rajasthan,Udaipur,B30,18-25,Male,5.6,Net Banking,Verified
INV003675,2024-03-08,148568,SIP,9280,West Bengal,Kolkata,T30,56+,Male,63.9,Cheque,Verified
INV003916,2024-03-08,118634,SIP,9677,Karnataka,Mysore,B30,26-35,Male,23.6,Mandate,Verified
INV000255,2024-03-08,100016,SIP,5396,Haryana,Gurugram,T30,26-35,Female,19.9,Mandate,Verified
INV000275,2024-03-08,120503,Redemption,157309,Karnataka,Mysore,B30,26-35,Male,10.2,Net Banking,Verified
INV003672,2024-03-08,102886,SIP,534,Uttar Pradesh,Agra,B30,36-45,Male,32.5,Mandate,Verified
INV003986,2024-03-08,118632,SIP,2866,Telangana,Hyderabad,T30,36-45,Male,44.2,Net Banking,Verified
INV001135,2024-03-08,148567,Redemption,509344,Haryana,Faridabad,B30,36-45,Male,35.9,Net Banking,Verified
INV004376,2024-03-08,102887,Redemption,185168,West Bengal,Kolkata,T30,46-55,Female,92.6,Net Banking,Verified
INV001189,2024-03-08,119598,SIP,2225,Maharashtra,Nashik,B30,56+,Male,70.1,Net Banking,Verified
INV002075,2024-03-08,120506,SIP,838,Uttar Pradesh,Lucknow,T30,36-45,Female,34.4,UPI,Verified
INV004525,2024-03-08,101206,SIP,10663,Haryana,Gurugram,T30,26-35,Male,11.4,Cheque,Verified
INV003529,2024-03-08,101207,SIP,2102,Tamil Nadu,Chennai,T30,36-45,Female,36.6,Net Banking,Verified
INV004594,2024-03-08,101206,SIP,3130,Haryana,Gurugram,T30,26-35,Female,9.8,Net Banking,Verified
INV002275,2024-03-08,118636,Lumpsum,69439,Maharashtra,Mumbai,T30,18-25,Male,7.1,Mandate,Verified
INV003394,2024-03-08,149322,Redemption,289226,West Bengal,Kolkata,T30,26-35,Male,14.6,UPI,Verified
INV000837,2024-03-08,120505,Lumpsum,371684,Telangana,Hyderabad,T30,56+,Male,9.8,Net Banking,Verified
INV000250,2024-03-08,120505,Lumpsum,107697,Maharashtra,Pune,T30,46-55,Male,41.6,Mandate,Verified
INV003539,2024-03-08,118634,Lumpsum,152225,Rajasthan,Udaipur,B30,56+,Female,54.9,Cheque,Pending
INV004319,2024-03-08,101208,SIP,3067,Gujarat,Surat,T30,18-25,Male,3.9,Mandate,Verified
INV000562,2024-03-08,119095,SIP,5826,Gujarat,Ahmedabad,T30,36-45,Male,32.9,Cheque,Verified
INV002026,2024-03-08,120843,SIP,7027,Telangana,Hyderabad,T30,26-35,Male,6.8,Net Banking,Verified
INV004321,2024-03-08,120507,SIP,12164,West Bengal,Kolkata,T30,26-35,Male,16.0,UPI,Verified
INV000281,2024-03-08,100033,Redemption,7967,Punjab,Chandigarh,T30,26-35,Male,20.5,Mandate,Pending
INV002171,2024-03-08,120843,SIP,20830,Telangana,Hyderabad,T30,56+,Male,21.8,Cheque,Verified
INV001123,2024-03-08,119095,Lumpsum,144966,Uttar Pradesh,Lucknow,T30,26-35,Male,23.9,Cheque,Verified
INV004403,2024-03-08,119095,SIP,2874,West Bengal,Kolkata,T30,26-35,Male,17.6,Mandate,Verified
INV003527,2024-03-08,118632,Lumpsum,413286,Telangana,Hyderabad,T30,36-45,Female,26.2,Mandate,Verified
INV000852,2024-03-08,119093,SIP,6823,Maharashtra,Nashik,B30,26-35,Female,18.1,UPI,Verified
INV004889,2024-03-08,118634,SIP,9178,Rajasthan,Jaipur,T30,46-55,Male,34.5,Mandate,Verified
INV003230,2024-03-08,148567,Lumpsum,247090,Punjab,Amritsar,B30,18-25,Female,3.2,Net Banking,Verified
INV004002,2024-03-08,125498,Lumpsum,235594,Madhya Pradesh,Bhopal,B30,56+,Male,33.1,Cheque,Verified
INV002717,2024-03-08,119552,SIP,7465,Maharashtra,Nashik,B30,26-35,Female,24.8,Net Banking,Verified
INV004910,2024-03-08,120842,Lumpsum,301958,Karnataka,Mysore,B30,26-35,Female,22.7,Net Banking,Verified
INV001031,2024-03-08,119120,SIP,54122,Delhi,New Delhi,T30,36-45,Female,23.0,Net Banking,Verified
INV000183,2024-03-08,120506,SIP,5797,Tamil Nadu,Coimbatore,B30,26-35,Male,9.8,Cheque,Verified
INV004278,2024-03-08,119095,Lumpsum,100418,Punjab,Chandigarh,T30,26-35,Male,21.8,UPI,Verified
INV001350,2024-03-08,102886,Redemption,134189,Madhya Pradesh,Bhopal,B30,46-55,Female,31.7,Cheque,Verified
INV004340,2024-03-08,149324,SIP,4443,Karnataka,Mysore,B30,26-35,Male,17.9,UPI,Verified
INV001061,2024-03-08,102885,SIP,5567,Punjab,Amritsar,B30,18-25,Male,7.4,UPI,Pending
INV001466,2024-03-08,100016,Lumpsum,193402,Delhi,Noida,T30,46-55,Female,20.3,Cheque,Verified
INV002911,2024-03-08,120505,Redemption,96157,Gujarat,Surat,T30,26-35,Male,24.1,Mandate,Verified
INV000912,2024-03-08,120843,Lumpsum,59057,Haryana,Faridabad,B30,36-45,Male,26.7,Net Banking,Verified
INV002697,2024-03-08,101206,SIP,2538,West Bengal,Kolkata,T30,26-35,Male,14.1,Net Banking,Verified
INV004027,2024-03-08,100025,Lumpsum,439724,Punjab,Amritsar,B30,26-35,Male,8.7,UPI,Pending
INV001722,2024-03-08,125498,SIP,47483,Delhi,Noida,T30,36-45,Female,55.0,Mandate,Verified
INV002514,2024-03-08,120841,Redemption,59315,Rajasthan,Udaipur,B30,18-25,Male,7.5,Cheque,Verified
INV003210,2024-03-08,148569,SIP,2895,Haryana,Faridabad,B30,36-45,Female,23.1,Net Banking,Verified
INV004679,2024-03-08,119599,SIP,54961,Madhya Pradesh,Indore,T30,18-25,Female,4.0,UPI,Verified
INV003018,2024-03-08,125498,Redemption,284397,Delhi,Gurugram,T30,36-45,Male,14.1,Mandate,Verified
INV002473,2024-03-08,148567,Lumpsum,515413,Uttar Pradesh,Lucknow,T30,36-45,Male,41.8,UPI,Verified
INV002302,2024-03-08,101208,SIP,2174,West Bengal,Kolkata,T30,26-35,Male,10.1,Cheque,Pending
INV002157,2024-03-08,119095,SIP,529,Punjab,Chandigarh,T30,26-35,Male,16.9,Net Banking,Verified
INV001891,2024-03-08,148567,Lumpsum,79538,West Bengal,Kolkata,T30,26-35,Male,22.2,Mandate,Verified
INV002900,2024-03-09,120503,Lumpsum,405732,Haryana,Faridabad,B30,26-35,Female,14.2,Cheque,Verified
INV004530,2024-03-09,120503,Lumpsum,376034,Maharashtra,Nashik,B30,36-45,Male,36.2,Cheque,Verified
INV003974,2024-03-09,119552,Lumpsum,185318,Maharashtra,Nashik,B30,46-55,Male,73.6,Net Banking,Verified
INV000265,2024-03-09,119598,SIP,16212,Madhya Pradesh,Bhopal,B30,36-45,Male,14.1,UPI,Verified
INV003068,2024-03-09,119599,SIP,15461,Delhi,New Delhi,T30,26-35,Male,11.6,Cheque,Pending
INV000745,2024-03-09,120844,SIP,5458,Punjab,Chandigarh,T30,26-35,Female,13.2,Net Banking,Verified
INV004012,2024-03-09,148567,SIP,2410,Delhi,Noida,T30,46-55,Male,82.3,Cheque,Verified
INV002863,2024-03-09,120506,SIP,5347,Rajasthan,Udaipur,B30,36-45,Female,49.8,Net Banking,Verified
INV001843,2024-03-09,101206,Lumpsum,509062,West Bengal,Kolkata,T30,46-55,Male,51.9,UPI,Verified
INV004496,2024-03-09,119094,SIP,2219,Madhya Pradesh,Indore,T30,18-25,Female,6.3,Mandate,Verified
INV003263,2024-03-09,100033,SIP,21391,Tamil Nadu,Chennai,T30,26-35,Female,12.5,UPI,Verified
INV003514,2024-03-09,119093,SIP,41527,Delhi,Gurugram,T30,36-45,Female,40.2,Mandate,Verified
INV004557,2024-03-09,119551,SIP,58136,Maharashtra,Nashik,B30,26-35,Male,8.0,UPI,Verified
INV003314,2024-03-09,119092,SIP,24253,Telangana,Hyderabad,T30,36-45,Female,25.6,Mandate,Verified
INV000227,2024-03-09,119598,SIP,1180,Haryana,Gurugram,T30,36-45,Male,29.1,Mandate,Verified
INV004233,2024-03-09,125498,Lumpsum,171376,Maharashtra,Nashik,B30,26-35,Female,8.7,Cheque,Verified
INV000942,2024-03-09,118635,SIP,56719,Haryana,Faridabad,B30,56+,Male,70.2,Cheque,Verified
INV000480,2024-03-09,148567,SIP,2255,Maharashtra,Mumbai,T30,18-25,Male,6.2,Mandate,Verified
INV003473,2024-03-09,120507,SIP,531,Telangana,Hyderabad,T30,26-35,Male,16.5,UPI,Verified
INV001857,2024-03-09,120505,SIP,858,Tamil Nadu,Chennai,T30,26-35,Male,24.0,UPI,Verified
INV003904,2024-03-09,119094,SIP,2926,Karnataka,Bangalore,T30,46-55,Male,67.6,UPI,Verified
INV000772,2024-03-09,100016,Redemption,257808,Karnataka,Bangalore,T30,56+,Female,16.1,UPI,Verified
INV004005,2024-03-09,148569,SIP,7426,West Bengal,Kolkata,T30,26-35,Male,11.0,Mandate,Verified
INV000841,2024-03-09,119094,Redemption,456268,Maharashtra,Mumbai,T30,36-45,Male,56.5,Mandate,Verified
INV001217,2024-03-09,102886,SIP,466,Rajasthan,Jaipur,T30,26-35,Male,21.5,Cheque,Verified
INV004400,2024-03-09,119093,SIP,16671,Uttar Pradesh,Agra,B30,26-35,Male,19.5,Mandate,Verified
INV000021,2024-03-09,149323,Lumpsum,191049,Uttar Pradesh,Agra,B30,46-55,Male,76.8,Net Banking,Verified
INV001417,2024-03-09,102885,Lumpsum,279566,West Bengal,Kolkata,T30,36-45,Female,12.3,Cheque,Pending
INV001219,2024-03-09,119120,SIP,9634,West Bengal,Kolkata,T30,26-35,Male,18.4,UPI,Verified
INV000352,2024-03-09,120841,SIP,1119,Tamil Nadu,Chennai,T30,46-55,Male,21.1,Mandate,Verified
INV000586,2024-03-09,119120,SIP,4192,West Bengal,Kolkata,T30,36-45,Male,43.8,Net Banking,Verified
INV003720,2024-03-09,101207,SIP,991,Madhya Pradesh,Bhopal,B30,36-45,Female,49.4,Mandate,Verified
INV002852,2024-03-09,118633,SIP,55087,West Bengal,Kolkata,T30,46-55,Male,69.5,Mandate,Verified
INV004007,2024-03-09,118634,SIP,501,Delhi,New Delhi,T30,18-25,Female,4.5,Cheque,Verified
INV002955,2024-03-09,120842,SIP,7986,Tamil Nadu,Coimbatore,B30,36-45,Female,46.9,Mandate,Verified
INV003424,2024-03-09,118634,Lumpsum,304850,Madhya Pradesh,Indore,T30,26-35,Female,19.7,UPI,Verified
INV000542,2024-03-09,102885,SIP,5894,Haryana,Faridabad,B30,36-45,Male,20.3,Cheque,Verified
INV003289,2024-03-09,120841,SIP,5486,Uttar Pradesh,Lucknow,T30,26-35,Male,11.2,Cheque,Verified
INV001735,2024-03-09,148567,Redemption,538014,Maharashtra,Pune,T30,56+,Male,41.9,Mandate,Verified
INV000274,2024-03-09,102886,SIP,16371,Uttar Pradesh,Kanpur,B30,26-35,Male,23.7,Net Banking,Pending
INV004476,2024-03-09,120505,SIP,4727,Gujarat,Surat,T30,26-35,Male,9.3,Mandate,Verified
INV002593,2024-03-09,125497,Lumpsum,113249,Madhya Pradesh,Indore,T30,36-45,Male,36.5,Mandate,Verified
INV000328,2024-03-09,101206,SIP,3017,Madhya Pradesh,Bhopal,B30,26-35,Male,19.6,Cheque,Verified
INV004522,2024-03-09,119120,Lumpsum,332640,Punjab,Chandigarh,T30,46-55,Female,69.1,UPI,Verified
INV004614,2024-03-09,120505,SIP,2775,Delhi,New Delhi,T30,18-25,Male,7.7,UPI,Verified
INV002865,2024-03-09,149322,Lumpsum,261558,Maharashtra,Pune,T30,18-25,Male,3.3,Net Banking,Verified
INV004880,2024-03-09,149323,SIP,2061,Punjab,Chandigarh,T30,26-35,Male,6.3,Net Banking,Verified
INV001008,2024-03-09,120506,SIP,6484,Rajasthan,Udaipur,B30,46-55,Male,85.8,UPI,Verified
INV003161,2024-03-09,118636,SIP,28892,Uttar Pradesh,Kanpur,B30,36-45,Female,30.2,Mandate,Verified
INV004155,2024-03-09,149324,SIP,8375,West Bengal,Kolkata,T30,36-45,Male,43.3,Net Banking,Verified
INV000698,2024-03-09,148568,SIP,2147,Madhya Pradesh,Bhopal,B30,18-25,Male,7.1,UPI,Verified
INV001763,2024-03-09,148569,Redemption,43871,Uttar Pradesh,Lucknow,T30,46-55,Male,42.0,Cheque,Pending
INV002326,2024-03-09,119598,Lumpsum,98870,Telangana,Hyderabad,T30,36-45,Female,33.2,UPI,Verified
INV000452,2024-03-09,119092,SIP,1903,Tamil Nadu,Coimbatore,B30,26-35,Male,18.1,Mandate,Verified
INV003099,2024-03-09,119551,SIP,589,Gujarat,Surat,T30,36-45,Male,14.4,Net Banking,Verified
INV000213,2024-03-09,119551,SIP,1720,Punjab,Chandigarh,T30,26-35,Male,19.6,UPI,Verified
INV004819,2024-03-09,149324,SIP,2253,Telangana,Hyderabad,T30,26-35,Female,14.8,Cheque,Verified
INV000341,2024-03-09,119552,SIP,16927,Delhi,New Delhi,T30,26-35,Male,19.6,Cheque,Verified
INV004320,2024-03-09,120841,SIP,3187,Delhi,Gurugram,T30,26-35,Female,8.1,Cheque,Verified
INV002467,2024-03-09,120503,SIP,50248,Punjab,Chandigarh,T30,36-45,Male,12.3,Mandate,Pending
INV003444,2024-03-09,120503,SIP,8530,Telangana,Hyderabad,T30,36-45,Female,41.4,Net Banking,Verified
INV001654,2024-03-10,119120,Lumpsum,136913,Uttar Pradesh,Lucknow,T30,36-45,Female,28.1,UPI,Verified
INV000317,2024-03-10,118633,SIP,16609,West Bengal,Kolkata,T30,36-45,Male,50.2,Mandate,Verified
INV002734,2024-03-10,148568,Lumpsum,139596,Haryana,Faridabad,B30,26-35,Female,15.8,UPI,Verified
INV002357,2024-03-10,125498,SIP,4141,Delhi,Gurugram,T30,26-35,Male,7.8,Cheque,Verified
INV003395,2024-03-10,118635,Redemption,106511,Gujarat,Ahmedabad,T30,36-45,Male,39.2,Mandate,Verified
INV000361,2024-03-10,125498,SIP,13776,Maharashtra,Pune,T30,46-55,Male,27.1,UPI,Verified
INV003558,2024-03-10,118634,SIP,2492,Uttar Pradesh,Lucknow,T30,18-25,Male,6.1,Cheque,Verified
INV001851,2024-03-10,120503,Lumpsum,419847,Gujarat,Ahmedabad,T30,26-35,Male,16.2,UPI,Verified
INV004651,2024-03-10,100025,Lumpsum,339790,Rajasthan,Udaipur,B30,46-55,Male,39.1,Net Banking,Verified
INV003801,2024-03-10,100025,Redemption,211982,Punjab,Chandigarh,T30,26-35,Male,17.8,UPI,Verified
INV001800,2024-03-10,119092,SIP,9168,Tamil Nadu,Chennai,T30,26-35,Female,12.8,Cheque,Verified
INV003810,2024-03-10,100016,Lumpsum,347722,Maharashtra,Nashik,B30,26-35,Male,24.7,UPI,Verified
INV004696,2024-03-10,101206,SIP,525,Tamil Nadu,Coimbatore,B30,46-55,Female,70.2,UPI,Verified
INV000986,2024-03-10,120507,Lumpsum,213985,Tamil Nadu,Coimbatore,B30,26-35,Male,24.2,UPI,Verified
INV000709,2024-03-10,148569,SIP,23779,Telangana,Hyderabad,T30,26-35,Female,13.6,Net Banking,Verified
INV004933,2024-03-10,100016,Lumpsum,446695,Karnataka,Bangalore,T30,46-55,Female,65.3,UPI,Verified
INV003681,2024-03-10,120841,SIP,499,Telangana,Hyderabad,T30,26-35,Female,17.4,Mandate,Verified
INV004993,2024-03-10,125498,Lumpsum,244649,Karnataka,Bangalore,T30,36-45,Female,55.6,Cheque,Verified
INV000735,2024-03-10,101206,Lumpsum,298881,Maharashtra,Pune,T30,36-45,Male,57.7,Cheque,Verified
INV003820,2024-03-10,118635,Redemption,95832,Tamil Nadu,Chennai,T30,56+,Male,61.2,Net Banking,Verified
INV002529,2024-03-10,118633,Lumpsum,328592,Maharashtra,Mumbai,T30,18-25,Female,5.3,UPI,Verified
INV000320,2024-03-10,119093,SIP,14671,Uttar Pradesh,Kanpur,B30,26-35,Male,19.7,Cheque,Verified
INV003955,2024-03-10,118632,SIP,2635,Gujarat,Ahmedabad,T30,26-35,Female,8.9,Cheque,Verified
INV002370,2024-03-10,120844,SIP,2552,Delhi,Noida,T30,26-35,Male,16.6,Cheque,Verified
INV002209,2024-03-10,118633,SIP,518,West Bengal,Kolkata,T30,56+,Male,9.6,Net Banking,Verified
INV003535,2024-03-10,148569,Redemption,60231,Maharashtra,Nashik,B30,26-35,Male,12.5,Mandate,Verified
INV004261,2024-03-10,102886,Lumpsum,40761,West Bengal,Kolkata,T30,56+,Male,49.8,Mandate,Verified
INV004117,2024-03-10,119599,Lumpsum,370269,Uttar Pradesh,Kanpur,B30,18-25,Male,6.2,Net Banking,Verified
INV004117,2024-03-10,118634,Redemption,46463,Uttar Pradesh,Kanpur,B30,18-25,Male,6.2,UPI,Verified
INV001161,2024-03-10,120505,SIP,2365,Uttar Pradesh,Kanpur,B30,26-35,Male,13.4,Net Banking,Verified
INV001359,2024-03-10,102886,SIP,26406,Haryana,Gurugram,T30,36-45,Female,41.8,Cheque,Verified
INV004719,2024-03-10,118632,SIP,26719,Haryana,Gurugram,T30,46-55,Male,86.8,Net Banking,Verified
INV002786,2024-03-10,102887,Lumpsum,314522,Tamil Nadu,Coimbatore,B30,26-35,Female,13.3,Net Banking,Verified
INV001784,2024-03-10,118634,SIP,25773,Madhya Pradesh,Bhopal,B30,26-35,Male,15.5,Mandate,Verified
INV002129,2024-03-10,148567,SIP,968,Rajasthan,Jaipur,T30,56+,Male,10.0,Cheque,Verified
INV002053,2024-03-10,119599,SIP,9582,West Bengal,Kolkata,T30,26-35,Male,8.8,Mandate,Verified
INV002632,2024-03-10,119093,Lumpsum,20810,Tamil Nadu,Chennai,T30,26-35,Female,14.1,Mandate,Verified
INV000643,2024-03-10,118634,SIP,824,Haryana,Faridabad,B30,26-35,Female,23.5,UPI,Verified
INV003311,2024-03-10,120843,Redemption,336608,Madhya Pradesh,Bhopal,B30,26-35,Male,9.5,Cheque,Verified
INV004348,2024-03-10,120504,Lumpsum,377362,Delhi,New Delhi,T30,26-35,Female,13.4,Mandate,Verified
INV000962,2024-03-10,119598,SIP,1104,Punjab,Chandigarh,T30,26-35,Male,24.5,Cheque,Verified
INV004252,2024-03-10,100033,Lumpsum,294297,Haryana,Faridabad,B30,36-45,Male,58.7,Mandate,Pending
INV001527,2024-03-10,120504,Lumpsum,89394,Delhi,Gurugram,T30,26-35,Male,23.4,Cheque,Verified
INV004508,2024-03-10,120843,Lumpsum,64804,Punjab,Amritsar,B30,36-45,Female,36.5,Net Banking,Verified
INV003750,2024-03-10,148569,SIP,1644,Uttar Pradesh,Kanpur,B30,26-35,Female,23.6,UPI,Verified
INV002689,2024-03-10,118634,SIP,9362,Madhya Pradesh,Bhopal,B30,26-35,Male,7.4,Cheque,Verified
INV004905,2024-03-10,102887,Redemption,317209,Punjab,Amritsar,B30,56+,Male,40.4,Cheque,Verified
INV004790,2024-03-10,119599,SIP,9460,Tamil Nadu,Coimbatore,B30,18-25,Male,3.4,Net Banking,Verified
INV004033,2024-03-10,119552,Lumpsum,277851,West Bengal,Kolkata,T30,36-45,Male,56.1,Net Banking,Verified
INV004716,2024-03-10,100025,SIP,13121,Telangana,Hyderabad,T30,18-25,Male,5.4,Cheque,Verified
INV000562,2024-03-10,119095,SIP,2147,Gujarat,Ahmedabad,T30,36-45,Male,32.9,Net Banking,Verified
INV001073,2024-03-10,148568,SIP,1113,West Bengal,Kolkata,T30,36-45,Female,25.1,Mandate,Verified
INV003781,2024-03-10,119551,SIP,12328,Tamil Nadu,Coimbatore,B30,26-35,Male,15.8,Net Banking,Verified
INV003455,2024-03-11,148568,Lumpsum,76603,Tamil Nadu,Coimbatore,B30,46-55,Male,40.2,Mandate,Verified
INV003577,2024-03-11,120505,SIP,22997,Punjab,Amritsar,B30,26-35,Female,22.7,Net Banking,Verified
INV002827,2024-03-11,120841,Lumpsum,100551,Karnataka,Mysore,B30,36-45,Female,58.1,Mandate,Verified
INV003140,2024-03-11,119092,SIP,2966,West Bengal,Kolkata,T30,26-35,Male,16.9,Mandate,Verified
INV002577,2024-03-11,120507,SIP,2904,Karnataka,Mysore,B30,36-45,Female,60.0,Net Banking,Verified
INV000947,2024-03-11,102886,SIP,26458,Delhi,Noida,T30,26-35,Male,11.0,Net Banking,Verified
INV003672,2024-03-11,118632,Redemption,97718,Uttar Pradesh,Agra,B30,36-45,Male,32.5,Mandate,Verified
INV004303,2024-03-11,125497,SIP,9471,Punjab,Chandigarh,T30,26-35,Male,24.4,Cheque,Verified
INV004810,2024-03-11,120507,Redemption,430327,Telangana,Hyderabad,T30,26-35,Female,14.5,Cheque,Verified
INV001924,2024-03-11,101208,SIP,10150,Karnataka,Bangalore,T30,18-25,Male,4.9,UPI,Verified
INV004825,2024-03-11,120841,SIP,13500,Delhi,Noida,T30,56+,Male,15.3,Cheque,Verified
INV000580,2024-03-11,120842,SIP,11033,Uttar Pradesh,Agra,B30,56+,Male,31.8,Net Banking,Verified
INV002702,2024-03-11,119552,SIP,1744,Punjab,Chandigarh,T30,36-45,Male,25.4,Net Banking,Verified
INV002039,2024-03-11,120506,Lumpsum,397248,Madhya Pradesh,Bhopal,B30,46-55,Male,17.3,UPI,Verified
INV003458,2024-03-11,119599,SIP,12756,Gujarat,Surat,T30,36-45,Male,21.3,Net Banking,Verified
INV001720,2024-03-11,101207,SIP,14889,Karnataka,Mysore,B30,36-45,Male,43.6,Mandate,Verified
INV004112,2024-03-11,120507,Lumpsum,18616,Madhya Pradesh,Bhopal,B30,46-55,Male,30.0,Cheque,Verified
INV002188,2024-03-11,100033,Lumpsum,156655,Rajasthan,Jaipur,T30,26-35,Male,19.1,Net Banking,Verified
INV002262,2024-03-11,119551,Lumpsum,391119,Rajasthan,Udaipur,B30,26-35,Male,8.2,Mandate,Verified
INV000281,2024-03-11,118636,Redemption,374732,Punjab,Chandigarh,T30,26-35,Male,20.5,UPI,Pending
INV000550,2024-03-11,119092,SIP,7348,Rajasthan,Udaipur,B30,26-35,Male,6.7,Mandate,Verified
INV003537,2024-03-11,120844,SIP,2563,Punjab,Amritsar,B30,18-25,Male,3.7,Cheque,Verified
INV003917,2024-03-11,100016,SIP,2654,Haryana,Faridabad,B30,26-35,Male,16.0,Mandate,Verified
INV002050,2024-03-11,118632,Lumpsum,361568,Tamil Nadu,Chennai,T30,18-25,Female,7.2,UPI,Verified
INV000908,2024-03-11,120844,SIP,2594,Karnataka,Mysore,B30,26-35,Male,11.3,Cheque,Verified
INV003949,2024-03-11,119598,SIP,12372,Madhya Pradesh,Bhopal,B30,56+,Male,54.8,UPI,Verified
INV002067,2024-03-11,119599,Redemption,103723,Gujarat,Ahmedabad,T30,36-45,Female,46.2,Cheque,Verified
INV000148,2024-03-11,100033,SIP,7434,Telangana,Hyderabad,T30,18-25,Female,3.5,Cheque,Pending
INV000378,2024-03-11,102887,SIP,1149,Madhya Pradesh,Bhopal,B30,26-35,Male,8.7,Net Banking,Verified
INV002365,2024-03-11,148567,Lumpsum,419606,Gujarat,Ahmedabad,T30,46-55,Male,76.9,Net Banking,Verified
INV004322,2024-03-11,119599,Lumpsum,305864,Tamil Nadu,Chennai,T30,26-35,Female,19.8,Net Banking,Verified
INV002163,2024-03-11,119094,SIP,8373,Tamil Nadu,Coimbatore,B30,26-35,Female,10.5,Cheque,Verified
INV000011,2024-03-11,118632,Redemption,428390,West Bengal,Kolkata,T30,26-35,Male,9.6,Net Banking,Verified
INV002161,2024-03-11,125498,Lumpsum,345664,Maharashtra,Nashik,B30,26-35,Male,11.4,UPI,Verified
INV002221,2024-03-11,120504,Lumpsum,319924,Madhya Pradesh,Indore,T30,18-25,Male,5.7,Cheque,Verified
INV001352,2024-03-11,148568,SIP,461,Punjab,Chandigarh,T30,26-35,Female,8.3,UPI,Verified
INV004600,2024-03-11,120506,SIP,2228,West Bengal,Kolkata,T30,46-55,Female,35.5,Mandate,Verified
INV002083,2024-03-11,120504,SIP,5787,Gujarat,Surat,T30,26-35,Male,21.2,Mandate,Verified
INV000030,2024-03-11,119120,SIP,586,Delhi,Noida,T30,18-25,Female,5.1,Cheque,Verified
INV004989,2024-03-11,120844,Lumpsum,176203,Karnataka,Bangalore,T30,26-35,Male,6.4,Net Banking,Verified
INV000587,2024-03-11,118636,Redemption,435504,Punjab,Chandigarh,T30,26-35,Male,15.5,Cheque,Verified
INV002722,2024-03-11,118635,Lumpsum,215618,Delhi,Noida,T30,36-45,Female,50.9,Cheque,Verified
INV001318,2024-03-11,101208,SIP,438,Telangana,Hyderabad,T30,36-45,Male,59.3,Net Banking,Verified
INV004930,2024-03-11,119599,Lumpsum,263953,West Bengal,Kolkata,T30,26-35,Male,15.5,Cheque,Verified
INV003075,2024-03-11,149324,SIP,7028,Delhi,Gurugram,T30,46-55,Male,83.5,Net Banking,Verified
INV002748,2024-03-11,118632,SIP,2337,Punjab,Amritsar,B30,26-35,Male,7.8,UPI,Verified
INV002929,2024-03-11,119093,SIP,27188,West Bengal,Kolkata,T30,26-35,Male,13.0,Mandate,Verified
INV001820,2024-03-11,118636,SIP,5538,Maharashtra,Mumbai,T30,36-45,Female,39.3,Cheque,Verified
INV001317,2024-03-11,119095,Lumpsum,219528,Punjab,Chandigarh,T30,26-35,Female,8.9,Cheque,Verified
INV004569,2024-03-11,120844,SIP,850,Tamil Nadu,Coimbatore,B30,36-45,Male,47.3,Mandate,Verified
INV003983,2024-03-11,118636,Redemption,99474,Haryana,Faridabad,B30,26-35,Female,22.3,UPI,Verified
INV002740,2024-03-11,119092,Lumpsum,244916,Maharashtra,Mumbai,T30,26-35,Female,24.5,Mandate,Pending
INV004428,2024-03-11,100016,SIP,9958,Rajasthan,Udaipur,B30,26-35,Female,6.7,Net Banking,Verified
INV001256,2024-03-11,120841,SIP,21287,West Bengal,Kolkata,T30,18-25,Male,7.0,Net Banking,Verified
INV002912,2024-03-11,125497,SIP,11107,Maharashtra,Mumbai,T30,26-35,Female,23.6,UPI,Verified
INV000076,2024-03-11,119093,SIP,12092,Gujarat,Ahmedabad,T30,56+,Female,67.1,UPI,Verified
INV004236,2024-03-11,120842,SIP,16247,Punjab,Amritsar,B30,26-35,Female,19.0,UPI,Verified
INV001823,2024-03-11,119598,Lumpsum,230304,Tamil Nadu,Coimbatore,B30,26-35,Male,17.1,Mandate,Verified
INV001505,2024-03-11,101206,SIP,493,Uttar Pradesh,Lucknow,T30,26-35,Female,17.0,UPI,Verified
INV004494,2024-03-11,148567,SIP,12053,Delhi,Noida,T30,26-35,Female,22.0,Net Banking,Verified
INV004248,2024-03-11,125498,SIP,478,West Bengal,Kolkata,T30,46-55,Male,89.3,Mandate,Verified
INV002405,2024-03-11,118636,SIP,4880,Maharashtra,Nashik,B30,18-25,Male,7.6,Mandate,Verified
INV004911,2024-03-11,118633,SIP,7426,West Bengal,Kolkata,T30,26-35,Female,9.4,Net Banking,Verified
INV003635,2024-03-11,119095,SIP,40131,West Bengal,Kolkata,T30,56+,Female,55.1,Cheque,Verified
INV003808,2024-03-11,101207,Lumpsum,140894,Madhya Pradesh,Bhopal,B30,46-55,Female,62.5,Mandate,Verified
INV001342,2024-03-12,149323,Lumpsum,364241,West Bengal,Kolkata,T30,26-35,Female,15.5,Net Banking,Verified
INV002744,2024-03-12,149324,SIP,2778,Karnataka,Bangalore,T30,36-45,Male,25.9,Cheque,Verified
INV000781,2024-03-12,120842,SIP,5492,Delhi,Gurugram,T30,26-35,Male,6.8,UPI,Verified
INV001190,2024-03-12,120506,SIP,11016,Maharashtra,Mumbai,T30,26-35,Male,15.6,UPI,Verified
INV000309,2024-03-12,120503,Redemption,137805,Delhi,Gurugram,T30,26-35,Male,18.1,Net Banking,Verified
INV000822,2024-03-12,120843,SIP,403,Punjab,Amritsar,B30,26-35,Male,9.2,Cheque,Verified
INV001087,2024-03-12,102887,Redemption,270591,Rajasthan,Udaipur,B30,26-35,Female,20.6,Net Banking,Verified
INV004692,2024-03-12,101206,Lumpsum,512632,Madhya Pradesh,Bhopal,B30,26-35,Male,11.6,Net Banking,Pending
INV001257,2024-03-12,100016,Lumpsum,315228,Punjab,Chandigarh,T30,26-35,Female,6.3,Net Banking,Verified
INV002481,2024-03-12,120505,SIP,2615,West Bengal,Kolkata,T30,46-55,Male,64.1,UPI,Verified
INV001421,2024-03-12,148567,SIP,5700,Telangana,Hyderabad,T30,26-35,Male,19.8,Mandate,Pending
INV000587,2024-03-12,120503,Lumpsum,263150,Punjab,Chandigarh,T30,26-35,Male,15.5,Cheque,Verified
INV003682,2024-03-12,102886,Lumpsum,164184,Madhya Pradesh,Indore,T30,36-45,Male,45.6,Cheque,Verified
INV000675,2024-03-12,118635,Lumpsum,221581,Uttar Pradesh,Kanpur,B30,36-45,Male,27.9,Net Banking,Verified
INV004951,2024-03-12,119093,SIP,5423,Karnataka,Mysore,B30,26-35,Female,7.5,Net Banking,Verified
INV000698,2024-03-12,118632,SIP,882,Madhya Pradesh,Bhopal,B30,18-25,Male,7.1,Mandate,Pending
INV004330,2024-03-12,119092,SIP,16573,Haryana,Faridabad,B30,46-55,Female,92.7,Cheque,Verified
INV002800,2024-03-12,148569,SIP,15409,West Bengal,Kolkata,T30,36-45,Male,51.9,Net Banking,Verified
INV004625,2024-03-12,118635,SIP,2137,Tamil Nadu,Coimbatore,B30,18-25,Male,6.6,UPI,Verified
INV003974,2024-03-12,149324,SIP,4361,Maharashtra,Nashik,B30,46-55,Male,73.6,Cheque,Verified
INV002008,2024-03-12,119120,Lumpsum,448981,Haryana,Gurugram,T30,46-55,Male,83.3,UPI,Verified
INV002830,2024-03-12,120504,SIP,8182,Karnataka,Mysore,B30,56+,Male,72.2,UPI,Verified
INV004913,2024-03-12,119599,SIP,24877,Rajasthan,Udaipur,B30,26-35,Male,8.6,UPI,Verified
INV003275,2024-03-12,120841,SIP,2858,Uttar Pradesh,Agra,B30,26-35,Female,8.1,Cheque,Pending
INV003385,2024-03-12,102886,Lumpsum,396242,Punjab,Amritsar,B30,56+,Female,65.9,Net Banking,Verified
INV003525,2024-03-12,120506,Lumpsum,149626,Karnataka,Mysore,B30,36-45,Male,36.1,Cheque,Verified
INV001827,2024-03-12,119599,SIP,7034,Haryana,Faridabad,B30,36-45,Female,54.3,Cheque,Verified
INV000113,2024-03-12,119094,SIP,6566,Punjab,Chandigarh,T30,26-35,Female,7.3,Cheque,Pending
INV003373,2024-03-12,119551,Lumpsum,122543,Gujarat,Surat,T30,56+,Male,62.9,Cheque,Verified
INV000604,2024-03-12,148568,Lumpsum,377736,Karnataka,Bangalore,T30,26-35,Male,9.5,UPI,Verified
INV001561,2024-03-12,102885,Lumpsum,453825,Rajasthan,Udaipur,B30,36-45,Male,39.4,Net Banking,Verified
INV001926,2024-03-12,119598,Lumpsum,26974,Uttar Pradesh,Agra,B30,46-55,Female,26.9,UPI,Verified
INV000148,2024-03-12,119092,SIP,2291,Telangana,Hyderabad,T30,18-25,Female,3.5,Cheque,Verified
INV002970,2024-03-12,120841,SIP,27097,Telangana,Hyderabad,T30,26-35,Female,12.4,Mandate,Verified
INV001512,2024-03-12,119551,SIP,58426,Haryana,Gurugram,T30,46-55,Male,49.4,Net Banking,Verified
INV000966,2024-03-12,149323,Lumpsum,320128,Telangana,Hyderabad,T30,26-35,Male,22.8,UPI,Verified
INV002546,2024-03-12,101206,Lumpsum,447480,Gujarat,Surat,T30,26-35,Male,19.3,Net Banking,Verified
INV000012,2024-03-12,120504,Redemption,320916,Uttar Pradesh,Kanpur,B30,46-55,Male,51.6,Net Banking,Verified
INV003091,2024-03-12,120844,SIP,585,Delhi,New Delhi,T30,36-45,Female,36.4,Net Banking,Verified
INV000722,2024-03-12,120504,SIP,2308,Punjab,Chandigarh,T30,26-35,Female,8.1,UPI,Verified
INV003205,2024-03-12,100033,SIP,8287,Punjab,Chandigarh,T30,26-35,Female,16.1,Mandate,Pending
INV002689,2024-03-12,118636,SIP,5604,Madhya Pradesh,Bhopal,B30,26-35,Male,7.4,Mandate,Verified
INV003911,2024-03-12,100025,Lumpsum,194182,Telangana,Hyderabad,T30,36-45,Male,21.5,Cheque,Verified
INV003647,2024-03-12,125497,SIP,5652,Haryana,Faridabad,B30,56+,Male,57.2,Net Banking,Verified
INV003543,2024-03-12,120506,Lumpsum,183451,Maharashtra,Nashik,B30,26-35,Male,8.3,Net Banking,Verified
INV000836,2024-03-12,101206,SIP,14554,Haryana,Gurugram,T30,26-35,Male,24.4,Cheque,Pending
INV003098,2024-03-12,118632,SIP,23646,Gujarat,Surat,T30,26-35,Female,9.5,Mandate,Verified
INV001701,2024-03-12,120507,SIP,14377,Karnataka,Mysore,B30,26-35,Female,24.4,UPI,Pending
INV003987,2024-03-12,100025,SIP,9892,Tamil Nadu,Coimbatore,B30,26-35,Female,24.1,Net Banking,Verified
INV003056,2024-03-12,118635,Lumpsum,337542,Karnataka,Bangalore,T30,26-35,Female,20.6,Mandate,Verified
INV004306,2024-03-12,120841,Redemption,395580,Telangana,Hyderabad,T30,26-35,Female,20.4,Net Banking,Verified
INV002558,2024-03-12,118632,SIP,6906,Haryana,Faridabad,B30,26-35,Female,9.1,Mandate,Verified
INV000937,2024-03-12,120843,SIP,3191,Madhya Pradesh,Indore,T30,26-35,Male,22.8,Net Banking,Verified
INV002237,2024-03-12,119095,Lumpsum,206850,Uttar Pradesh,Agra,B30,46-55,Male,23.1,Net Banking,Verified
INV000891,2024-03-12,118635,SIP,41568,Gujarat,Surat,T30,26-35,Male,20.9,Net Banking,Verified
INV003598,2024-03-12,118635,Lumpsum,190938,Delhi,Gurugram,T30,26-35,Female,12.7,Cheque,Verified
INV000488,2024-03-12,119092,SIP,15496,Karnataka,Mysore,B30,56+,Male,31.4,Net Banking,Verified
INV003450,2024-03-12,148568,SIP,2585,Maharashtra,Nashik,B30,18-25,Female,4.2,UPI,Verified
INV003514,2024-03-12,119094,Lumpsum,376382,Delhi,Gurugram,T30,36-45,Female,40.2,UPI,Verified
INV003267,2024-03-12,148569,SIP,3420,Rajasthan,Udaipur,B30,36-45,Male,29.9,UPI,Verified
INV001399,2024-03-12,102885,SIP,22894,Delhi,New Delhi,T30,26-35,Female,16.4,Cheque,Verified
INV002864,2024-03-12,101206,SIP,5165,Madhya Pradesh,Bhopal,B30,26-35,Male,6.8,Mandate,Verified
INV002175,2024-03-12,125498,Lumpsum,94938,Uttar Pradesh,Kanpur,B30,36-45,Male,47.8,UPI,Verified
INV000544,2024-03-12,100016,SIP,13426,Madhya Pradesh,Bhopal,B30,18-25,Male,3.6,Net Banking,Verified
INV001344,2024-03-12,125498,SIP,497,Rajasthan,Jaipur,T30,26-35,Male,10.0,Net Banking,Verified
INV002737,2024-03-12,119095,Redemption,369579,Gujarat,Ahmedabad,T30,18-25,Female,5.4,Net Banking,Verified
INV001406,2024-03-12,101207,SIP,2455,Telangana,Hyderabad,T30,46-55,Male,86.0,UPI,Verified
INV002944,2024-03-13,118633,Lumpsum,230285,Karnataka,Mysore,B30,36-45,Female,28.1,Cheque,Verified
INV003018,2024-03-13,100025,SIP,27835,Delhi,Gurugram,T30,36-45,Male,14.1,UPI,Verified
INV003891,2024-03-13,125497,Redemption,539575,Telangana,Hyderabad,T30,26-35,Male,21.8,Net Banking,Verified
INV001092,2024-03-13,120841,Lumpsum,155884,Haryana,Gurugram,T30,26-35,Male,14.9,Mandate,Verified
INV003640,2024-03-13,119551,Lumpsum,428950,Gujarat,Ahmedabad,T30,26-35,Male,14.0,Mandate,Verified
INV000649,2024-03-13,119094,Lumpsum,189037,Tamil Nadu,Chennai,T30,36-45,Male,27.3,Net Banking,Verified
INV000294,2024-03-13,120843,SIP,415,Maharashtra,Nashik,B30,36-45,Female,30.8,UPI,Verified
INV003600,2024-03-13,120503,SIP,57083,West Bengal,Kolkata,T30,56+,Female,19.3,Mandate,Verified
INV001579,2024-03-13,119092,Lumpsum,387262,Karnataka,Bangalore,T30,46-55,Male,71.1,UPI,Verified
INV003287,2024-03-13,101207,Redemption,21195,Delhi,New Delhi,T30,36-45,Male,54.9,Net Banking,Verified
INV003563,2024-03-13,149322,Lumpsum,276102,Haryana,Gurugram,T30,46-55,Male,41.8,Mandate,Verified
INV002378,2024-03-13,149323,SIP,17082,Haryana,Gurugram,T30,26-35,Male,12.1,Mandate,Verified
INV003918,2024-03-13,120507,SIP,2092,Madhya Pradesh,Indore,T30,56+,Male,51.2,UPI,Verified
INV002680,2024-03-13,119599,SIP,40307,West Bengal,Kolkata,T30,36-45,Male,17.4,Mandate,Verified
INV000568,2024-03-13,102886,SIP,9730,Delhi,New Delhi,T30,36-45,Male,48.4,Net Banking,Verified
INV003185,2024-03-13,118632,Redemption,406385,Rajasthan,Udaipur,B30,26-35,Female,23.1,Mandate,Verified
INV000635,2024-03-13,149322,SIP,11827,Delhi,New Delhi,T30,18-25,Female,4.2,Net Banking,Verified
INV004040,2024-03-13,125497,Lumpsum,12332,Gujarat,Ahmedabad,T30,36-45,Male,54.3,Mandate,Verified
INV000691,2024-03-13,118636,SIP,597,Tamil Nadu,Chennai,T30,18-25,Female,7.8,Mandate,Verified
INV001015,2024-03-13,101208,Lumpsum,473716,Haryana,Gurugram,T30,36-45,Female,21.1,UPI,Verified
INV002123,2024-03-13,120504,SIP,11374,West Bengal,Kolkata,T30,26-35,Male,14.7,UPI,Verified
INV003744,2024-03-13,125498,SIP,2037,Karnataka,Mysore,B30,18-25,Female,4.1,Cheque,Verified
INV003000,2024-03-13,120503,SIP,2515,Delhi,Gurugram,T30,36-45,Male,32.3,Cheque,Verified
INV003735,2024-03-13,120504,Lumpsum,148726,Gujarat,Ahmedabad,T30,36-45,Female,13.9,Cheque,Verified
INV001021,2024-03-13,120506,SIP,8576,Maharashtra,Mumbai,T30,56+,Male,50.5,Cheque,Verified
INV001021,2024-03-13,118636,Lumpsum,551508,Maharashtra,Mumbai,T30,56+,Male,50.5,UPI,Verified
INV000861,2024-03-13,100025,SIP,2010,Uttar Pradesh,Lucknow,T30,18-25,Male,4.2,UPI,Pending
INV002344,2024-03-13,119092,SIP,56148,Punjab,Chandigarh,T30,46-55,Female,92.9,Mandate,Verified
INV000500,2024-03-13,118636,Lumpsum,118679,West Bengal,Kolkata,T30,26-35,Female,19.9,UPI,Verified
INV000643,2024-03-13,149322,SIP,421,Haryana,Faridabad,B30,26-35,Female,23.5,Cheque,Verified
INV004681,2024-03-13,119120,SIP,5666,Haryana,Faridabad,B30,26-35,Female,19.0,UPI,Verified
INV003491,2024-03-13,149322,SIP,5452,Delhi,Noida,T30,46-55,Male,92.5,Mandate,Verified
INV001157,2024-03-13,120507,Lumpsum,298397,Tamil Nadu,Coimbatore,B30,36-45,Female,23.0,Net Banking,Verified
INV001791,2024-03-13,101207,Lumpsum,385706,Delhi,New Delhi,T30,26-35,Male,13.3,Mandate,Pending
INV002586,2024-03-13,120841,SIP,2064,West Bengal,Kolkata,T30,26-35,Female,9.1,Mandate,Verified
INV002526,2024-03-13,119092,Lumpsum,131476,Madhya Pradesh,Bhopal,B30,18-25,Female,3.5,Mandate,Pending
INV003370,2024-03-13,118635,SIP,26643,Karnataka,Mysore,B30,56+,Female,54.8,Net Banking,Verified
INV004443,2024-03-13,119093,Redemption,518612,Maharashtra,Nashik,B30,26-35,Female,13.0,Net Banking,Verified
INV002308,2024-03-13,119552,Lumpsum,60476,Tamil Nadu,Chennai,T30,26-35,Male,19.0,Cheque,Verified
INV001711,2024-03-13,148567,SIP,2111,Madhya Pradesh,Bhopal,B30,46-55,Male,99.0,UPI,Verified
INV004359,2024-03-13,119598,Lumpsum,341472,Delhi,New Delhi,T30,26-35,Male,9.4,Mandate,Verified
INV004104,2024-03-13,120506,Redemption,315163,Tamil Nadu,Coimbatore,B30,26-35,Male,10.5,Net Banking,Verified
INV004972,2024-03-13,102886,SIP,11380,Uttar Pradesh,Lucknow,T30,18-25,Male,4.0,Mandate,Verified
INV003903,2024-03-13,118633,Lumpsum,353907,Karnataka,Mysore,B30,18-25,Female,6.6,Cheque,Verified
INV001948,2024-03-13,149322,SIP,22126,Tamil Nadu,Coimbatore,B30,18-25,Female,4.2,Net Banking,Verified
INV000321,2024-03-13,119092,Redemption,26638,Maharashtra,Mumbai,T30,26-35,Male,24.2,Cheque,Verified
INV000265,2024-03-13,120504,SIP,52540,Madhya Pradesh,Bhopal,B30,36-45,Male,14.1,Net Banking,Verified
INV004278,2024-03-13,148569,SIP,3359,Punjab,Chandigarh,T30,26-35,Male,21.8,Net Banking,Verified
INV003997,2024-03-13,119598,Redemption,217747,Telangana,Hyderabad,T30,36-45,Male,48.3,Mandate,Verified
INV000834,2024-03-13,119094,Redemption,328185,Uttar Pradesh,Agra,B30,18-25,Female,6.6,UPI,Verified
INV004536,2024-03-13,100016,SIP,5635,Telangana,Hyderabad,T30,26-35,Female,6.3,Cheque,Verified
INV004968,2024-03-13,148568,Lumpsum,8746,Delhi,Noida,T30,26-35,Male,22.2,UPI,Verified
INV003245,2024-03-13,118635,SIP,8822,Maharashtra,Pune,T30,26-35,Male,21.5,Mandate,Verified
INV001375,2024-03-13,149323,SIP,4162,Haryana,Gurugram,T30,18-25,Male,6.3,Net Banking,Verified
INV002282,2024-03-13,118633,Lumpsum,189858,West Bengal,Kolkata,T30,36-45,Male,53.7,Cheque,Verified
INV004932,2024-03-13,120507,Lumpsum,440835,Tamil Nadu,Chennai,T30,26-35,Female,21.1,Mandate,Pending
INV001881,2024-03-13,119598,SIP,6589,Telangana,Hyderabad,T30,26-35,Male,11.2,Cheque,Verified
INV002762,2024-03-13,120841,Redemption,176280,Rajasthan,Udaipur,B30,26-35,Female,21.9,Net Banking,Verified
INV003437,2024-03-13,119599,Redemption,385529,Punjab,Amritsar,B30,46-55,Female,51.0,Cheque,Verified
INV001208,2024-03-13,149324,SIP,21560,Gujarat,Ahmedabad,T30,56+,Male,18.7,Cheque,Verified
INV001849,2024-03-13,101206,SIP,2870,Gujarat,Ahmedabad,T30,36-45,Female,49.3,Mandate,Verified
INV002344,2024-03-13,149323,SIP,56635,Punjab,Chandigarh,T30,46-55,Female,92.9,Mandate,Verified
INV003174,2024-03-13,125497,SIP,13436,Tamil Nadu,Chennai,T30,26-35,Female,10.0,UPI,Verified
INV001921,2024-03-13,119093,SIP,5426,Gujarat,Surat,T30,26-35,Female,13.5,UPI,Verified
INV002761,2024-03-13,100025,SIP,2002,Rajasthan,Jaipur,T30,26-35,Male,14.9,Mandate,Verified
INV001597,2024-03-13,120844,Lumpsum,416592,West Bengal,Kolkata,T30,36-45,Male,46.1,Net Banking,Verified
INV001946,2024-03-13,120507,SIP,12040,Delhi,Noida,T30,26-35,Male,13.2,Net Banking,Verified
INV004696,2024-03-13,119095,SIP,2998,Tamil Nadu,Coimbatore,B30,46-55,Female,70.2,Cheque,Verified
INV004756,2024-03-13,118636,SIP,28538,Gujarat,Surat,T30,46-55,Male,41.1,Mandate,Verified
INV004567,2024-03-13,119094,SIP,8630,Telangana,Hyderabad,T30,56+,Male,75.0,Cheque,Verified
INV002351,2024-03-13,148568,SIP,26322,Gujarat,Ahmedabad,T30,36-45,Male,18.9,UPI,Verified
INV003079,2024-03-13,125497,Lumpsum,79434,Gujarat,Surat,T30,26-35,Male,8.5,Mandate,Verified
INV000045,2024-03-13,118632,SIP,896,Uttar Pradesh,Lucknow,T30,36-45,Male,26.2,UPI,Pending
INV000933,2024-03-13,148569,Lumpsum,123530,Rajasthan,Jaipur,T30,36-45,Female,14.9,Mandate,Verified
INV003080,2024-03-13,125497,SIP,887,Madhya Pradesh,Indore,T30,26-35,Male,20.5,Cheque,Verified
INV000428,2024-03-13,120842,Lumpsum,448264,Delhi,Gurugram,T30,36-45,Male,27.2,Net Banking,Verified
INV003448,2024-03-13,120844,SIP,5152,Rajasthan,Udaipur,B30,26-35,Male,16.4,Mandate,Verified
INV000085,2024-03-13,149322,SIP,4441,Gujarat,Surat,T30,26-35,Female,14.6,UPI,Pending
INV004736,2024-03-13,118632,SIP,2062,Tamil Nadu,Chennai,T30,36-45,Male,19.7,Cheque,Verified
INV004764,2024-03-13,119092,SIP,25432,Punjab,Amritsar,B30,46-55,Female,79.4,Mandate,Verified
INV004338,2024-03-13,100025,SIP,5710,Maharashtra,Mumbai,T30,46-55,Female,82.5,Mandate,Verified
INV002043,2024-03-13,101206,Lumpsum,338775,Uttar Pradesh,Lucknow,T30,18-25,Male,6.7,Net Banking,Verified
INV002622,2024-03-13,118636,SIP,7394,Karnataka,Mysore,B30,18-25,Female,4.0,Cheque,Verified
INV004513,2024-03-13,120844,Lumpsum,330227,Karnataka,Mysore,B30,36-45,Female,16.9,Cheque,Verified
INV000804,2024-03-13,120842,Lumpsum,125817,Karnataka,Mysore,B30,36-45,Male,39.7,Cheque,Verified
INV002161,2024-03-13,119120,Lumpsum,298697,Maharashtra,Nashik,B30,26-35,Male,11.4,Mandate,Verified
INV001825,2024-03-14,120843,Lumpsum,286534,Haryana,Faridabad,B30,26-35,Male,21.7,UPI,Verified
INV002743,2024-03-14,119095,SIP,2991,Haryana,Gurugram,T30,56+,Male,49.8,Cheque,Pending
INV003224,2024-03-14,149324,SIP,2201,Punjab,Amritsar,B30,26-35,Male,16.0,Cheque,Pending
INV002697,2024-03-14,100016,SIP,866,West Bengal,Kolkata,T30,26-35,Male,14.1,Mandate,Verified
INV004306,2024-03-14,119094,Lumpsum,424747,Telangana,Hyderabad,T30,26-35,Female,20.4,Cheque,Verified
INV003962,2024-03-14,125497,SIP,45702,Haryana,Gurugram,T30,26-35,Male,20.4,Cheque,Verified
INV000070,2024-03-14,120506,SIP,7939,West Bengal,Kolkata,T30,56+,Female,20.1,Net Banking,Verified
INV002689,2024-03-14,120506,SIP,483,Madhya Pradesh,Bhopal,B30,26-35,Male,7.4,Cheque,Verified
INV001961,2024-03-14,119095,SIP,16879,Delhi,Gurugram,T30,26-35,Male,23.4,Mandate,Verified
INV003031,2024-03-14,149323,SIP,522,Karnataka,Bangalore,T30,18-25,Male,7.7,Net Banking,Pending
INV001029,2024-03-14,120843,SIP,1650,Uttar Pradesh,Kanpur,B30,36-45,Male,44.2,Net Banking,Verified
INV004109,2024-03-14,100025,SIP,1004,Uttar Pradesh,Lucknow,T30,56+,Female,59.8,Cheque,Verified
INV003360,2024-03-14,120506,SIP,11791,Madhya Pradesh,Indore,T30,26-35,Female,19.5,Net Banking,Verified
INV000512,2024-03-14,149323,SIP,2232,Punjab,Amritsar,B30,46-55,Male,82.6,Net Banking,Verified
INV001813,2024-03-14,120841,Lumpsum,29214,Karnataka,Mysore,B30,36-45,Male,27.0,UPI,Verified
INV002925,2024-03-14,118632,Lumpsum,7452,West Bengal,Kolkata,T30,36-45,Female,48.6,Net Banking,Verified
INV003306,2024-03-14,102887,SIP,4575,Gujarat,Ahmedabad,T30,36-45,Male,14.6,Cheque,Verified
INV001978,2024-03-14,120507,SIP,1195,Telangana,Hyderabad,T30,36-45,Male,15.5,Mandate,Verified
INV001160,2024-03-14,102887,Redemption,318503,Karnataka,Mysore,B30,36-45,Female,13.8,UPI,Verified
INV000195,2024-03-14,125498,Redemption,214751,Madhya Pradesh,Bhopal,B30,36-45,Female,56.5,Mandate,Verified
INV004845,2024-03-14,120507,Lumpsum,90785,West Bengal,Kolkata,T30,18-25,Male,7.5,UPI,Verified
INV001172,2024-03-14,118633,Lumpsum,408116,Tamil Nadu,Coimbatore,B30,26-35,Female,7.1,UPI,Verified
INV003998,2024-03-14,102886,SIP,2309,Telangana,Hyderabad,T30,26-35,Male,12.5,Net Banking,Verified
INV003031,2024-03-14,100016,Redemption,449247,Karnataka,Bangalore,T30,18-25,Male,7.7,UPI,Pending
INV001437,2024-03-14,120507,Redemption,76217,Maharashtra,Nashik,B30,26-35,Female,14.3,UPI,Verified
INV000770,2024-03-14,148567,SIP,49575,Maharashtra,Mumbai,T30,36-45,Male,43.0,Mandate,Verified
INV004640,2024-03-14,148568,Redemption,297029,Telangana,Hyderabad,T30,36-45,Male,46.5,Net Banking,Verified
INV004826,2024-03-14,119599,Lumpsum,211204,Tamil Nadu,Coimbatore,B30,26-35,Male,14.7,Cheque,Verified
INV001740,2024-03-14,102885,Lumpsum,443598,Uttar Pradesh,Kanpur,B30,36-45,Female,53.9,UPI,Verified
INV003572,2024-03-14,120503,Redemption,283677,Punjab,Amritsar,B30,46-55,Male,65.9,Mandate,Verified
INV000454,2024-03-14,149322,Lumpsum,155736,Uttar Pradesh,Lucknow,T30,18-25,Female,6.6,Mandate,Pending
INV004123,2024-03-14,118636,SIP,51881,Haryana,Gurugram,T30,36-45,Male,53.8,UPI,Pending
INV002269,2024-03-14,120504,Lumpsum,66061,Punjab,Amritsar,B30,36-45,Female,49.0,UPI,Verified
INV002415,2024-03-14,119093,SIP,21093,West Bengal,Kolkata,T30,36-45,Male,13.9,Net Banking,Verified
INV004379,2024-03-14,119551,Lumpsum,142109,Delhi,Gurugram,T30,18-25,Male,6.0,Mandate,Verified
INV002150,2024-03-14,149324,SIP,10265,Uttar Pradesh,Kanpur,B30,26-35,Female,21.5,Mandate,Verified
INV003001,2024-03-14,148567,Lumpsum,89364,Haryana,Faridabad,B30,56+,Female,48.8,Net Banking,Verified
INV001101,2024-03-14,125498,Redemption,144642,Madhya Pradesh,Bhopal,B30,18-25,Male,5.3,Mandate,Verified
INV003824,2024-03-14,149324,SIP,2617,Telangana,Hyderabad,T30,26-35,Male,9.4,Net Banking,Verified
INV000725,2024-03-14,101206,SIP,4624,Telangana,Hyderabad,T30,18-25,Male,6.9,Cheque,Verified
INV001191,2024-03-14,120503,SIP,582,Telangana,Hyderabad,T30,56+,Male,37.5,Net Banking,Verified
INV002453,2024-03-14,120843,SIP,853,Gujarat,Surat,T30,26-35,Female,16.1,UPI,Verified
INV000560,2024-03-14,119094,SIP,1701,Punjab,Chandigarh,T30,18-25,Male,3.4,Net Banking,Verified
INV003650,2024-03-14,120506,SIP,1978,Telangana,Hyderabad,T30,46-55,Male,87.3,Net Banking,Verified
INV001699,2024-03-14,120844,Lumpsum,38371,Madhya Pradesh,Indore,T30,26-35,Male,24.6,Cheque,Verified
INV001679,2024-03-14,120507,SIP,20591,Haryana,Faridabad,B30,36-45,Female,46.7,UPI,Pending
INV004515,2024-03-14,120844,Lumpsum,383777,Rajasthan,Udaipur,B30,18-25,Female,5.2,UPI,Verified
INV000263,2024-03-14,119552,SIP,2185,Madhya Pradesh,Bhopal,B30,56+,Male,21.8,UPI,Verified
INV001518,2024-03-14,148567,Lumpsum,395686,Karnataka,Mysore,B30,18-25,Male,3.9,Cheque,Verified
INV004252,2024-03-14,119598,SIP,3379,Haryana,Faridabad,B30,36-45,Male,58.7,UPI,Verified
INV004846,2024-03-14,119599,SIP,10887,Rajasthan,Udaipur,B30,26-35,Male,9.2,Cheque,Verified
INV002824,2024-03-14,102887,SIP,46916,Rajasthan,Jaipur,T30,56+,Male,42.5,Cheque,Verified
INV004744,2024-03-14,149322,Redemption,107791,Telangana,Hyderabad,T30,26-35,Female,16.0,Mandate,Pending
INV001298,2024-03-14,120843,SIP,3218,Delhi,Gurugram,T30,26-35,Female,24.4,Cheque,Verified
INV003221,2024-03-14,119598,Lumpsum,384846,Karnataka,Mysore,B30,26-35,Male,15.8,UPI,Verified
INV004104,2024-03-14,125497,SIP,7652,Tamil Nadu,Coimbatore,B30,26-35,Male,10.5,Mandate,Verified
INV002686,2024-03-14,125498,Redemption,396883,Punjab,Chandigarh,T30,18-25,Male,5.7,Net Banking,Pending
INV001618,2024-03-14,119092,SIP,2994,Karnataka,Bangalore,T30,56+,Female,28.0,Net Banking,Verified
INV003128,2024-03-14,100016,Lumpsum,86493,Uttar Pradesh,Kanpur,B30,18-25,Female,7.7,UPI,Verified
INV004039,2024-03-14,101208,SIP,29736,Gujarat,Surat,T30,46-55,Female,89.7,Mandate,Verified
INV004600,2024-03-14,118636,Lumpsum,258442,West Bengal,Kolkata,T30,46-55,Female,35.5,Cheque,Verified
INV001217,2024-03-14,118633,SIP,10640,Rajasthan,Jaipur,T30,26-35,Male,21.5,Net Banking,Verified
INV000335,2024-03-14,102886,Lumpsum,368785,Maharashtra,Mumbai,T30,26-35,Male,11.6,Mandate,Verified
INV003732,2024-03-14,149322,SIP,57631,West Bengal,Kolkata,T30,36-45,Male,56.1,Mandate,Verified
INV003783,2024-03-14,148569,Redemption,111924,Madhya Pradesh,Indore,T30,18-25,Male,3.5,UPI,Verified
INV001220,2024-03-14,118634,SIP,4574,Punjab,Chandigarh,T30,36-45,Male,48.3,UPI,Verified
INV001116,2024-03-14,120507,SIP,4105,Haryana,Faridabad,B30,36-45,Male,17.8,UPI,Verified
INV002746,2024-03-15,100016,SIP,3208,Delhi,Noida,T30,26-35,Male,23.2,Net Banking,Verified
INV000337,2024-03-15,120506,SIP,5656,Haryana,Faridabad,B30,56+,Female,73.4,Cheque,Verified
INV004886,2024-03-15,101206,SIP,7241,Tamil Nadu,Chennai,T30,26-35,Male,18.1,UPI,Verified
INV003554,2024-03-15,120506,Lumpsum,317856,Rajasthan,Jaipur,T30,26-35,Female,15.6,Mandate,Verified
INV002967,2024-03-15,120841,SIP,4464,Karnataka,Mysore,B30,18-25,Female,4.7,Mandate,Pending
INV003889,2024-03-15,120506,Redemption,413742,Rajasthan,Udaipur,B30,46-55,Male,42.6,Cheque,Verified
INV004887,2024-03-15,149324,Redemption,72792,Gujarat,Surat,T30,56+,Female,79.4,Cheque,Verified
INV001390,2024-03-15,101208,Lumpsum,223393,Haryana,Gurugram,T30,26-35,Female,13.0,Net Banking,Verified
INV003674,2024-03-15,120842,Lumpsum,275712,Uttar Pradesh,Kanpur,B30,36-45,Male,32.8,Net Banking,Verified
INV001645,2024-03-15,118632,SIP,8582,Uttar Pradesh,Kanpur,B30,46-55,Male,77.5,Cheque,Verified
INV002104,2024-03-15,119551,Lumpsum,250030,Maharashtra,Mumbai,T30,26-35,Female,15.0,UPI,Verified
INV000547,2024-03-15,118632,SIP,464,West Bengal,Kolkata,T30,26-35,Male,16.6,Cheque,Verified
INV000615,2024-03-15,118636,SIP,3598,Punjab,Amritsar,B30,36-45,Male,60.0,Mandate,Verified
INV000071,2024-03-15,119120,Lumpsum,255302,Madhya Pradesh,Bhopal,B30,26-35,Female,18.2,Mandate,Pending
INV000473,2024-03-15,148567,SIP,2298,Karnataka,Mysore,B30,36-45,Male,15.4,Net Banking,Verified
INV001413,2024-03-15,125497,Lumpsum,140191,Karnataka,Bangalore,T30,36-45,Male,41.8,Mandate,Verified
INV002556,2024-03-15,119093,Redemption,474788,Delhi,Noida,T30,26-35,Male,8.1,Net Banking,Verified
INV004222,2024-03-15,120844,Lumpsum,182180,Uttar Pradesh,Kanpur,B30,26-35,Male,10.9,Mandate,Verified
INV004280,2024-03-15,101208,Redemption,364210,Rajasthan,Jaipur,T30,26-35,Female,8.5,Net Banking,Verified
INV003377,2024-03-15,119552,Redemption,127196,Uttar Pradesh,Agra,B30,36-45,Male,53.9,Net Banking,Verified
INV003083,2024-03-15,119094,SIP,1117,Madhya Pradesh,Bhopal,B30,56+,Female,41.3,Net Banking,Verified
INV001772,2024-03-15,101207,Redemption,335974,Telangana,Hyderabad,T30,36-45,Male,31.2,UPI,Pending
INV001280,2024-03-15,120844,SIP,5011,Rajasthan,Jaipur,T30,18-25,Male,4.7,UPI,Verified
INV004459,2024-03-15,120503,SIP,6773,Maharashtra,Pune,T30,26-35,Female,9.2,Cheque,Verified
INV004497,2024-03-15,148568,Lumpsum,27438,Rajasthan,Jaipur,T30,26-35,Female,13.3,Cheque,Verified
INV002469,2024-03-15,118636,SIP,46797,Tamil Nadu,Chennai,T30,26-35,Female,12.3,UPI,Pending
INV000563,2024-03-15,120506,SIP,5017,Uttar Pradesh,Lucknow,T30,26-35,Male,15.5,UPI,Verified
INV004460,2024-03-15,118633,SIP,468,Haryana,Gurugram,T30,26-35,Male,24.7,UPI,Verified
INV002358,2024-03-15,120507,SIP,2560,Telangana,Hyderabad,T30,36-45,Female,55.6,UPI,Verified
INV000265,2024-03-15,102886,SIP,991,Madhya Pradesh,Bhopal,B30,36-45,Male,14.1,Net Banking,Verified
INV001691,2024-03-15,119093,SIP,2547,Maharashtra,Mumbai,T30,26-35,Male,10.3,UPI,Verified
INV003997,2024-03-15,119551,SIP,22660,Telangana,Hyderabad,T30,36-45,Male,48.3,UPI,Verified
INV001570,2024-03-15,101207,SIP,2438,Maharashtra,Pune,T30,26-35,Male,16.0,UPI,Verified
INV002701,2024-03-15,119551,SIP,2432,Rajasthan,Jaipur,T30,26-35,Male,11.6,UPI,Verified
INV002275,2024-03-15,149323,SIP,2112,Maharashtra,Mumbai,T30,18-25,Male,7.1,Mandate,Pending
INV004320,2024-03-15,120507,SIP,4943,Delhi,Gurugram,T30,26-35,Female,8.1,Mandate,Verified
INV004414,2024-03-15,119598,SIP,2438,Uttar Pradesh,Lucknow,T30,26-35,Male,6.6,Net Banking,Verified
INV001741,2024-03-15,120504,SIP,462,Rajasthan,Udaipur,B30,36-45,Male,52.8,Cheque,Verified
INV001627,2024-03-15,120503,SIP,17433,Uttar Pradesh,Agra,B30,26-35,Male,15.9,Mandate,Verified
INV003291,2024-03-15,119094,SIP,2688,Gujarat,Surat,T30,36-45,Male,47.1,Mandate,Verified
INV002280,2024-03-15,119552,SIP,13855,Karnataka,Mysore,B30,18-25,Male,3.5,UPI,Verified
INV001320,2024-03-15,125498,SIP,16407,Punjab,Amritsar,B30,36-45,Male,31.8,Net Banking,Verified
INV001744,2024-03-15,119093,Redemption,218474,Karnataka,Mysore,B30,26-35,Male,15.9,UPI,Verified
INV004635,2024-03-15,119092,SIP,3552,Punjab,Chandigarh,T30,18-25,Male,4.4,UPI,Verified
INV003894,2024-03-15,119551,Lumpsum,67315,Tamil Nadu,Coimbatore,B30,26-35,Male,14.9,Mandate,Verified
INV004046,2024-03-15,119551,SIP,3040,Madhya Pradesh,Indore,T30,36-45,Male,53.6,Net Banking,Verified
INV004854,2024-03-15,119551,Lumpsum,306565,Rajasthan,Udaipur,B30,18-25,Female,3.5,UPI,Verified
INV004849,2024-03-15,148569,SIP,10491,Maharashtra,Pune,T30,46-55,Female,21.9,Cheque,Verified
INV001273,2024-03-15,120503,SIP,23144,West Bengal,Kolkata,T30,36-45,Male,18.7,Mandate,Verified
INV003134,2024-03-15,101206,Lumpsum,85026,Telangana,Hyderabad,T30,36-45,Female,41.3,Mandate,Verified
INV001832,2024-03-15,120503,SIP,14048,Punjab,Chandigarh,T30,18-25,Male,3.8,Mandate,Verified
INV000298,2024-03-15,148568,SIP,7034,Uttar Pradesh,Kanpur,B30,18-25,Male,6.3,Net Banking,Verified
INV004268,2024-03-15,118634,SIP,2773,Delhi,Gurugram,T30,26-35,Female,10.1,UPI,Verified
INV003127,2024-03-15,148567,Lumpsum,150148,Punjab,Amritsar,B30,46-55,Female,37.0,UPI,Verified
INV000357,2024-03-15,118635,Lumpsum,180054,Rajasthan,Udaipur,B30,26-35,Male,24.5,Mandate,Verified
INV000649,2024-03-15,119551,Lumpsum,498353,Tamil Nadu,Chennai,T30,36-45,Male,27.3,Mandate,Verified
INV004044,2024-03-15,100033,SIP,4401,Rajasthan,Jaipur,T30,46-55,Male,82.3,Mandate,Verified
INV003989,2024-03-15,100033,Redemption,50039,Maharashtra,Nashik,B30,26-35,Male,24.6,UPI,Verified
INV001837,2024-03-15,118632,SIP,985,Uttar Pradesh,Agra,B30,18-25,Male,5.5,UPI,Verified
INV002545,2024-03-16,101207,SIP,3521,Haryana,Faridabad,B30,36-45,Male,31.5,Cheque,Verified
INV002104,2024-03-16,118634,Redemption,225680,Maharashtra,Mumbai,T30,26-35,Female,15.0,Cheque,Verified
INV002033,2024-03-16,119551,Lumpsum,58213,Gujarat,Ahmedabad,T30,46-55,Male,18.9,UPI,Verified
INV000341,2024-03-16,119552,Lumpsum,266336,Delhi,New Delhi,T30,26-35,Male,19.6,Cheque,Verified
INV002549,2024-03-16,149323,Redemption,471085,Delhi,New Delhi,T30,26-35,Male,12.5,Cheque,Verified
INV004032,2024-03-16,119092,SIP,28109,West Bengal,Kolkata,T30,46-55,Male,55.5,Mandate,Verified
INV000004,2024-03-16,101208,SIP,960,Punjab,Chandigarh,T30,26-35,Male,20.0,UPI,Verified
INV003598,2024-03-16,119092,SIP,4817,Delhi,Gurugram,T30,26-35,Female,12.7,Cheque,Verified
INV004836,2024-03-16,149322,SIP,1137,West Bengal,Kolkata,T30,26-35,Male,8.3,Cheque,Verified
INV002693,2024-03-16,119093,Lumpsum,297661,Uttar Pradesh,Kanpur,B30,26-35,Male,22.5,UPI,Verified
INV003444,2024-03-16,119092,SIP,554,Telangana,Hyderabad,T30,36-45,Female,41.4,Mandate,Verified
INV001726,2024-03-16,101206,Redemption,276177,Rajasthan,Udaipur,B30,26-35,Male,19.5,Mandate,Pending
INV000205,2024-03-16,102886,SIP,10522,Haryana,Faridabad,B30,18-25,Male,4.4,Mandate,Verified
INV003565,2024-03-16,149323,SIP,1033,Gujarat,Surat,T30,26-35,Male,12.0,UPI,Pending
INV000638,2024-03-16,149323,Lumpsum,93666,Rajasthan,Udaipur,B30,26-35,Male,12.7,Cheque,Verified
INV002753,2024-03-16,118633,SIP,50544,Uttar Pradesh,Lucknow,T30,26-35,Female,21.2,Cheque,Verified
INV004913,2024-03-16,125498,Redemption,354645,Rajasthan,Udaipur,B30,26-35,Male,8.6,Cheque,Verified
INV003666,2024-03-16,119551,Lumpsum,249002,Gujarat,Surat,T30,18-25,Male,4.3,Net Banking,Verified
INV003844,2024-03-16,149322,SIP,5616,Maharashtra,Nashik,B30,26-35,Female,15.9,UPI,Verified
INV002052,2024-03-16,119598,SIP,1083,Uttar Pradesh,Lucknow,T30,36-45,Male,50.8,Net Banking,Verified
INV003350,2024-03-16,119120,SIP,2137,Maharashtra,Nashik,B30,46-55,Female,37.7,Mandate,Verified
INV001506,2024-03-16,102886,SIP,55927,Delhi,Noida,T30,26-35,Female,16.0,UPI,Verified
INV000144,2024-03-16,120504,Lumpsum,8058,Delhi,Noida,T30,26-35,Male,19.1,Mandate,Verified
INV004635,2024-03-16,101206,Redemption,139861,Punjab,Chandigarh,T30,18-25,Male,4.4,Cheque,Verified
INV004228,2024-03-16,100025,SIP,9013,Madhya Pradesh,Bhopal,B30,26-35,Female,18.0,Cheque,Verified
INV001943,2024-03-16,149322,SIP,2203,West Bengal,Kolkata,T30,56+,Female,28.3,Mandate,Verified
INV002645,2024-03-16,101207,SIP,2141,Haryana,Gurugram,T30,46-55,Female,67.7,UPI,Verified
INV000726,2024-03-16,120503,Redemption,293701,Punjab,Chandigarh,T30,26-35,Male,21.1,Cheque,Verified
INV000363,2024-03-16,148568,SIP,20499,Madhya Pradesh,Bhopal,B30,26-35,Male,22.6,Cheque,Verified
INV002292,2024-03-16,149323,SIP,826,Rajasthan,Udaipur,B30,36-45,Male,54.1,Net Banking,Verified
INV002185,2024-03-16,148568,SIP,1159,Punjab,Chandigarh,T30,26-35,Male,21.0,UPI,Verified
INV001195,2024-03-16,101206,SIP,5473,Gujarat,Surat,T30,26-35,Male,6.4,Cheque,Verified
INV002408,2024-03-16,120843,SIP,40640,Rajasthan,Jaipur,T30,56+,Male,56.2,Cheque,Verified
INV000776,2024-03-16,120504,SIP,955,Rajasthan,Jaipur,T30,26-35,Male,12.4,Mandate,Verified
INV001822,2024-03-16,119093,SIP,27797,Gujarat,Ahmedabad,T30,36-45,Male,59.6,Net Banking,Verified
INV002897,2024-03-16,101206,Redemption,17203,Maharashtra,Pune,T30,26-35,Male,23.1,Mandate,Verified
INV002974,2024-03-16,120842,Lumpsum,243974,Telangana,Hyderabad,T30,26-35,Female,21.9,Net Banking,Pending
INV004763,2024-03-16,119551,Lumpsum,446752,Karnataka,Bangalore,T30,46-55,Female,19.6,Net Banking,Verified
INV000428,2024-03-16,119092,SIP,2444,Delhi,Gurugram,T30,36-45,Male,27.2,Mandate,Verified
INV001624,2024-03-16,118635,Lumpsum,155602,Uttar Pradesh,Lucknow,T30,26-35,Female,18.4,UPI,Verified
INV000289,2024-03-16,118632,Redemption,310475,Delhi,Gurugram,T30,36-45,Male,54.2,Net Banking,Verified
INV002643,2024-03-16,102887,SIP,841,Telangana,Hyderabad,T30,36-45,Male,29.2,UPI,Verified
INV001593,2024-03-16,118633,Lumpsum,300550,Punjab,Chandigarh,T30,36-45,Female,53.2,Cheque,Verified
INV003304,2024-03-16,119092,SIP,2661,Telangana,Hyderabad,T30,18-25,Female,4.8,Cheque,Verified
INV003181,2024-03-16,101207,Lumpsum,265210,Karnataka,Bangalore,T30,18-25,Female,3.9,UPI,Verified
INV003469,2024-03-16,149323,Lumpsum,221604,Maharashtra,Nashik,B30,26-35,Male,9.9,UPI,Verified
INV003335,2024-03-16,119095,SIP,1167,Maharashtra,Pune,T30,18-25,Male,4.1,Net Banking,Verified
INV004736,2024-03-16,120843,SIP,5394,Tamil Nadu,Chennai,T30,36-45,Male,19.7,Mandate,Verified
INV004361,2024-03-16,118634,Lumpsum,476172,Haryana,Faridabad,B30,26-35,Female,18.4,Net Banking,Verified
INV001361,2024-03-16,119092,SIP,17865,West Bengal,Kolkata,T30,26-35,Female,21.1,UPI,Pending
INV004582,2024-03-16,149323,Redemption,575704,Tamil Nadu,Chennai,T30,56+,Male,67.1,UPI,Verified
INV004803,2024-03-16,101206,SIP,6611,Haryana,Gurugram,T30,18-25,Female,7.7,UPI,Verified
INV002177,2024-03-16,101207,SIP,5170,Haryana,Gurugram,T30,26-35,Male,13.2,Cheque,Verified
INV003979,2024-03-16,148567,Lumpsum,259723,Madhya Pradesh,Indore,T30,36-45,Male,44.4,Mandate,Verified
INV002536,2024-03-16,120505,SIP,10701,West Bengal,Kolkata,T30,26-35,Male,11.9,UPI,Verified
INV000968,2024-03-16,120843,SIP,2592,Tamil Nadu,Chennai,T30,36-45,Female,37.1,UPI,Verified
INV000838,2024-03-16,118634,Redemption,241078,Madhya Pradesh,Bhopal,B30,26-35,Male,21.9,Net Banking,Verified
INV003082,2024-03-16,101207,SIP,8246,Telangana,Hyderabad,T30,26-35,Male,18.7,UPI,Verified
INV001979,2024-03-16,101207,Redemption,263735,Maharashtra,Pune,T30,26-35,Male,12.2,Net Banking,Verified
INV002382,2024-03-16,149324,Redemption,380270,Maharashtra,Mumbai,T30,26-35,Male,18.5,Cheque,Verified
INV002588,2024-03-16,120507,Redemption,375518,West Bengal,Kolkata,T30,18-25,Male,5.5,Mandate,Verified
INV003633,2024-03-16,118633,Lumpsum,313854,Madhya Pradesh,Bhopal,B30,26-35,Male,11.8,Net Banking,Verified
INV002192,2024-03-16,101206,Redemption,93729,Uttar Pradesh,Lucknow,T30,18-25,Male,6.9,Cheque,Verified
INV003599,2024-03-17,101207,Lumpsum,19037,Madhya Pradesh,Indore,T30,46-55,Male,43.2,Net Banking,Verified
INV000371,2024-03-17,119095,SIP,800,Uttar Pradesh,Agra,B30,26-35,Male,14.6,Net Banking,Verified
INV002244,2024-03-17,102886,SIP,2703,Maharashtra,Mumbai,T30,36-45,Male,49.4,Net Banking,Verified
INV004672,2024-03-17,119093,SIP,21626,Rajasthan,Jaipur,T30,26-35,Male,23.9,Net Banking,Verified
INV002669,2024-03-17,148569,Redemption,476348,Madhya Pradesh,Indore,T30,46-55,Male,50.4,Mandate,Verified
INV002547,2024-03-17,100025,Lumpsum,187535,Haryana,Gurugram,T30,26-35,Male,7.3,Cheque,Verified
INV003163,2024-03-17,101208,Redemption,6524,Punjab,Amritsar,B30,36-45,Female,47.5,UPI,Verified
INV001644,2024-03-17,119094,Lumpsum,205479,Madhya Pradesh,Bhopal,B30,18-25,Female,6.7,Net Banking,Verified
INV000742,2024-03-17,119095,Redemption,94344,Uttar Pradesh,Lucknow,T30,36-45,Male,27.4,Mandate,Verified
INV004005,2024-03-17,149323,SIP,16193,West Bengal,Kolkata,T30,26-35,Male,11.0,UPI,Pending
INV002670,2024-03-17,119093,Lumpsum,27156,Uttar Pradesh,Agra,B30,36-45,Male,48.7,Cheque,Verified
INV003569,2024-03-17,120504,Lumpsum,355968,Delhi,Gurugram,T30,46-55,Male,65.1,UPI,Verified
INV002467,2024-03-17,101207,SIP,4597,Punjab,Chandigarh,T30,36-45,Male,12.3,Net Banking,Verified
INV003573,2024-03-17,120844,SIP,3293,Gujarat,Surat,T30,36-45,Male,51.8,Net Banking,Verified
INV003853,2024-03-17,120507,Lumpsum,54321,Tamil Nadu,Coimbatore,B30,26-35,Male,16.1,Cheque,Verified
INV002389,2024-03-17,118635,SIP,587,Haryana,Faridabad,B30,36-45,Male,50.8,UPI,Verified
INV002095,2024-03-17,119120,SIP,5881,Punjab,Amritsar,B30,26-35,Male,9.2,Cheque,Verified
INV003191,2024-03-17,149324,SIP,12997,Madhya Pradesh,Bhopal,B30,18-25,Female,6.8,Net Banking,Verified
INV002826,2024-03-17,118634,SIP,1163,Haryana,Gurugram,T30,26-35,Male,20.5,Cheque,Verified
INV000869,2024-03-17,118633,Lumpsum,19130,West Bengal,Kolkata,T30,26-35,Female,12.1,UPI,Pending
INV001983,2024-03-17,119552,SIP,824,West Bengal,Kolkata,T30,36-45,Male,30.6,Net Banking,Verified
INV003010,2024-03-17,101206,SIP,21021,Delhi,Gurugram,T30,36-45,Male,13.7,Net Banking,Verified
INV004741,2024-03-17,102887,SIP,449,Telangana,Hyderabad,T30,26-35,Female,24.9,UPI,Verified
INV002232,2024-03-17,119551,SIP,2753,Karnataka,Bangalore,T30,26-35,Female,16.9,Net Banking,Verified
INV003011,2024-03-17,148569,SIP,7453,Gujarat,Ahmedabad,T30,18-25,Male,4.4,Net Banking,Verified
INV001171,2024-03-17,149322,SIP,2176,Punjab,Chandigarh,T30,26-35,Female,22.7,UPI,Verified
INV002879,2024-03-17,149322,Redemption,24029,Tamil Nadu,Coimbatore,B30,46-55,Male,26.0,Mandate,Verified
INV002659,2024-03-17,149322,SIP,6855,Madhya Pradesh,Bhopal,B30,36-45,Female,56.5,Net Banking,Verified
INV003901,2024-03-17,120504,SIP,48577,Delhi,Gurugram,T30,46-55,Male,45.4,Cheque,Verified
INV002001,2024-03-17,118633,SIP,12130,Uttar Pradesh,Kanpur,B30,36-45,Female,38.4,Net Banking,Verified
INV000992,2024-03-17,120504,SIP,472,Tamil Nadu,Coimbatore,B30,46-55,Female,83.5,Mandate,Verified
INV000440,2024-03-17,125497,SIP,2174,Uttar Pradesh,Agra,B30,18-25,Male,6.7,UPI,Verified
INV002961,2024-03-17,101207,SIP,521,Gujarat,Ahmedabad,T30,26-35,Male,13.0,Net Banking,Verified
INV000004,2024-03-17,118633,Lumpsum,78254,Punjab,Chandigarh,T30,26-35,Male,20.0,Net Banking,Verified
INV000196,2024-03-17,120843,SIP,2374,Tamil Nadu,Chennai,T30,26-35,Male,17.9,Net Banking,Verified
INV003411,2024-03-17,149322,SIP,2265,Tamil Nadu,Chennai,T30,26-35,Male,14.2,Cheque,Verified
INV002134,2024-03-17,101207,SIP,593,Rajasthan,Udaipur,B30,26-35,Male,24.8,UPI,Pending
INV000169,2024-03-17,120505,SIP,11702,Rajasthan,Jaipur,T30,26-35,Male,6.9,Mandate,Verified
INV001506,2024-03-17,125497,SIP,1834,Delhi,Noida,T30,26-35,Female,16.0,Cheque,Verified
INV000644,2024-03-17,120843,SIP,2337,West Bengal,Kolkata,T30,26-35,Male,9.1,Mandate,Verified
INV003540,2024-03-17,119092,SIP,14922,Telangana,Hyderabad,T30,26-35,Male,23.6,Mandate,Verified
INV000169,2024-03-17,119093,SIP,17221,Rajasthan,Jaipur,T30,26-35,Male,6.9,Net Banking,Verified
INV002750,2024-03-17,148567,SIP,8640,Madhya Pradesh,Bhopal,B30,36-45,Male,41.8,Net Banking,Verified
INV000834,2024-03-17,119552,SIP,966,Uttar Pradesh,Agra,B30,18-25,Female,6.6,Net Banking,Verified
INV000601,2024-03-17,119095,Lumpsum,328978,Rajasthan,Jaipur,T30,46-55,Male,52.6,Cheque,Verified
INV000548,2024-03-17,119095,SIP,6402,Karnataka,Mysore,B30,36-45,Male,53.2,Mandate,Verified
INV000902,2024-03-17,148569,Redemption,542859,Maharashtra,Mumbai,T30,26-35,Female,6.0,Cheque,Verified
INV003047,2024-03-17,119095,Lumpsum,151401,Maharashtra,Mumbai,T30,46-55,Male,40.0,Net Banking,Verified
INV001139,2024-03-17,120844,Redemption,126771,Gujarat,Ahmedabad,T30,36-45,Male,43.6,UPI,Verified
INV000800,2024-03-17,118635,SIP,482,Delhi,New Delhi,T30,36-45,Female,58.8,UPI,Verified
INV003829,2024-03-17,101207,SIP,1114,Punjab,Amritsar,B30,36-45,Male,55.6,Net Banking,Verified
INV002758,2024-03-17,120505,SIP,11991,Delhi,Gurugram,T30,26-35,Male,7.3,UPI,Verified
INV004802,2024-03-17,120505,SIP,17720,Uttar Pradesh,Kanpur,B30,26-35,Male,20.9,Mandate,Verified
INV003968,2024-03-17,120506,SIP,12622,Maharashtra,Mumbai,T30,46-55,Female,58.7,Net Banking,Verified
INV004266,2024-03-17,149323,SIP,5943,Delhi,New Delhi,T30,36-45,Male,35.9,Mandate,Verified
INV003273,2024-03-17,119598,SIP,47936,Haryana,Faridabad,B30,36-45,Male,18.3,UPI,Verified
INV000061,2024-03-17,102885,SIP,1111,Tamil Nadu,Chennai,T30,26-35,Female,23.3,UPI,Verified
INV002010,2024-03-17,125498,SIP,50468,Uttar Pradesh,Agra,B30,56+,Male,11.6,UPI,Verified
INV000575,2024-03-17,119093,SIP,558,Punjab,Amritsar,B30,26-35,Female,16.4,Cheque,Verified
INV003727,2024-03-17,120843,SIP,13820,Gujarat,Surat,T30,18-25,Female,7.2,UPI,Pending
INV004022,2024-03-17,118634,SIP,6829,Maharashtra,Nashik,B30,36-45,Male,21.9,Net Banking,Verified
INV002008,2024-03-17,120843,SIP,407,Haryana,Gurugram,T30,46-55,Male,83.3,Cheque,Verified
INV000183,2024-03-17,120506,SIP,1024,Tamil Nadu,Coimbatore,B30,26-35,Male,9.8,Cheque,Verified
INV001530,2024-03-17,120504,SIP,4999,Telangana,Hyderabad,T30,26-35,Male,21.0,Mandate,Verified
INV004247,2024-03-17,120842,SIP,8927,Tamil Nadu,Chennai,T30,18-25,Male,4.9,UPI,Verified
INV003135,2024-03-17,125497,Lumpsum,311283,Gujarat,Ahmedabad,T30,18-25,Female,3.5,Cheque,Verified
INV000888,2024-03-17,120844,Redemption,458064,Gujarat,Ahmedabad,T30,26-35,Male,21.9,Mandate,Verified
INV000448,2024-03-17,119093,Lumpsum,417653,West Bengal,Kolkata,T30,18-25,Male,3.4,UPI,Verified
INV003188,2024-03-17,148568,SIP,2050,Tamil Nadu,Coimbatore,B30,26-35,Male,11.0,UPI,Verified
INV001886,2024-03-17,100033,SIP,8484,Haryana,Gurugram,T30,18-25,Male,7.7,UPI,Pending
INV000069,2024-03-17,120505,SIP,2386,Gujarat,Ahmedabad,T30,56+,Female,35.9,Net Banking,Pending
INV001520,2024-03-17,119551,Lumpsum,294090,Maharashtra,Nashik,B30,36-45,Female,29.7,Cheque,Verified
INV003492,2024-03-17,120844,SIP,10745,Gujarat,Ahmedabad,T30,36-45,Male,35.2,Mandate,Verified
INV001274,2024-03-18,120503,SIP,578,Maharashtra,Mumbai,T30,36-45,Female,55.7,UPI,Verified
INV003213,2024-03-18,119095,SIP,15650,Uttar Pradesh,Lucknow,T30,26-35,Male,21.3,Net Banking,Verified
INV001545,2024-03-18,118634,SIP,461,Madhya Pradesh,Bhopal,B30,26-35,Male,11.5,Mandate,Verified
INV002104,2024-03-18,100025,SIP,1886,Maharashtra,Mumbai,T30,26-35,Female,15.0,Net Banking,Verified
INV004848,2024-03-18,120842,SIP,42204,Haryana,Gurugram,T30,26-35,Male,15.6,Mandate,Verified
INV003580,2024-03-18,102885,SIP,2656,Gujarat,Ahmedabad,T30,26-35,Male,22.5,Net Banking,Pending
INV001163,2024-03-18,102885,Lumpsum,181577,Karnataka,Mysore,B30,26-35,Male,10.2,Cheque,Pending
INV001150,2024-03-18,102886,SIP,21516,Tamil Nadu,Coimbatore,B30,26-35,Female,19.5,Net Banking,Verified
INV002230,2024-03-18,120504,SIP,2870,Delhi,Noida,T30,36-45,Male,21.7,Mandate,Verified
INV001169,2024-03-18,101208,Lumpsum,498514,Haryana,Gurugram,T30,36-45,Female,12.5,UPI,Verified
INV004997,2024-03-18,119092,SIP,11456,Tamil Nadu,Coimbatore,B30,36-45,Female,54.3,UPI,Verified
INV002626,2024-03-18,119552,Lumpsum,109311,Karnataka,Bangalore,T30,36-45,Male,29.4,Cheque,Verified
INV003906,2024-03-18,148567,SIP,507,Haryana,Faridabad,B30,36-45,Male,39.7,Mandate,Verified
INV003841,2024-03-18,119551,Lumpsum,76109,Karnataka,Mysore,B30,26-35,Male,15.7,Mandate,Verified
INV002434,2024-03-18,102885,SIP,1750,Uttar Pradesh,Agra,B30,26-35,Male,13.8,UPI,Verified
INV001816,2024-03-18,119551,Lumpsum,323348,Telangana,Hyderabad,T30,26-35,Male,9.0,Cheque,Verified
INV002523,2024-03-18,118636,Lumpsum,144674,Telangana,Hyderabad,T30,46-55,Female,57.2,Cheque,Verified
INV001982,2024-03-18,120844,SIP,2316,Karnataka,Mysore,B30,26-35,Male,14.9,Net Banking,Verified
INV001932,2024-03-18,101207,SIP,1145,Karnataka,Bangalore,T30,36-45,Male,20.1,Mandate,Verified
INV003291,2024-03-18,118636,SIP,13803,Gujarat,Surat,T30,36-45,Male,47.1,Cheque,Verified
INV003420,2024-03-18,148568,Redemption,193878,Haryana,Faridabad,B30,36-45,Male,47.2,Net Banking,Verified
INV004863,2024-03-18,119599,SIP,2625,Maharashtra,Mumbai,T30,26-35,Male,21.1,Net Banking,Verified
INV002576,2024-03-18,120506,SIP,8984,Telangana,Hyderabad,T30,26-35,Male,20.3,Mandate,Verified
INV000255,2024-03-18,148567,SIP,2699,Haryana,Gurugram,T30,26-35,Female,19.9,Net Banking,Verified
INV004043,2024-03-18,148567,Redemption,189647,Punjab,Amritsar,B30,36-45,Female,39.5,UPI,Verified
INV003441,2024-03-18,148569,Lumpsum,249911,West Bengal,Kolkata,T30,26-35,Male,13.5,UPI,Verified
INV001017,2024-03-18,100016,SIP,12697,West Bengal,Kolkata,T30,26-35,Female,19.0,Cheque,Verified
INV004894,2024-03-18,120506,SIP,16302,Telangana,Hyderabad,T30,26-35,Female,21.0,Cheque,Verified
INV004445,2024-03-18,119095,SIP,8620,Delhi,Noida,T30,36-45,Male,25.7,UPI,Verified
INV004712,2024-03-18,119093,SIP,21526,Uttar Pradesh,Kanpur,B30,36-45,Male,55.7,UPI,Verified
INV000310,2024-03-18,125497,Lumpsum,394760,Delhi,Noida,T30,36-45,Male,58.4,Mandate,Verified
INV004544,2024-03-18,100033,Lumpsum,473773,Maharashtra,Mumbai,T30,36-45,Male,52.1,Mandate,Verified
INV004899,2024-03-18,120507,SIP,2349,Delhi,New Delhi,T30,36-45,Male,39.4,Mandate,Verified
INV003381,2024-03-18,102887,SIP,4188,Madhya Pradesh,Indore,T30,36-45,Female,12.1,Mandate,Verified
INV003967,2024-03-18,118634,SIP,843,Tamil Nadu,Coimbatore,B30,46-55,Male,79.9,Cheque,Verified
INV001086,2024-03-18,101206,Lumpsum,415963,Tamil Nadu,Coimbatore,B30,56+,Male,26.6,Cheque,Verified
INV003379,2024-03-18,100016,Lumpsum,107399,Uttar Pradesh,Lucknow,T30,36-45,Male,43.2,Net Banking,Verified
INV001366,2024-03-18,101206,Lumpsum,19518,Maharashtra,Pune,T30,26-35,Female,13.6,Cheque,Verified
INV001656,2024-03-18,120504,SIP,15315,Madhya Pradesh,Bhopal,B30,26-35,Male,19.4,UPI,Verified
INV001825,2024-03-18,120507,Lumpsum,494290,Haryana,Faridabad,B30,26-35,Male,21.7,Net Banking,Verified
INV000389,2024-03-18,119092,SIP,14835,Delhi,Gurugram,T30,46-55,Male,50.2,Cheque,Verified
INV003801,2024-03-18,120844,SIP,413,Punjab,Chandigarh,T30,26-35,Male,17.8,Net Banking,Verified
INV000909,2024-03-18,119599,Lumpsum,19420,Haryana,Gurugram,T30,46-55,Female,92.6,Cheque,Pending
INV000607,2024-03-18,119094,Lumpsum,472147,Rajasthan,Jaipur,T30,56+,Male,33.9,Cheque,Verified
INV001961,2024-03-18,119598,SIP,21738,Delhi,Gurugram,T30,26-35,Male,23.4,UPI,Verified
INV001952,2024-03-18,119094,SIP,8304,Uttar Pradesh,Agra,B30,36-45,Male,22.1,UPI,Verified
INV003849,2024-03-18,101206,SIP,41771,Karnataka,Mysore,B30,26-35,Male,7.6,UPI,Verified
INV004506,2024-03-18,118635,Redemption,319592,Karnataka,Mysore,B30,46-55,Male,76.9,UPI,Verified
INV003320,2024-03-18,149324,Redemption,85151,Tamil Nadu,Coimbatore,B30,56+,Male,73.7,UPI,Verified
INV001389,2024-03-18,125498,Lumpsum,363639,Karnataka,Mysore,B30,46-55,Female,39.7,UPI,Verified
INV002603,2024-03-18,119552,Lumpsum,431593,Haryana,Gurugram,T30,36-45,Male,28.4,UPI,Verified
INV002570,2024-03-18,101208,SIP,11051,Punjab,Chandigarh,T30,36-45,Male,55.3,Mandate,Verified
INV000146,2024-03-18,119092,SIP,8935,Delhi,Gurugram,T30,26-35,Male,14.1,Mandate,Verified
INV000581,2024-03-18,148568,Lumpsum,91003,Tamil Nadu,Coimbatore,B30,36-45,Male,26.4,Net Banking,Verified
INV002069,2024-03-18,119095,SIP,2188,West Bengal,Kolkata,T30,46-55,Male,59.0,Net Banking,Verified
INV002950,2024-03-18,101207,Redemption,462936,Madhya Pradesh,Indore,T30,46-55,Female,37.4,Mandate,Verified
INV004305,2024-03-18,101208,Redemption,217702,Telangana,Hyderabad,T30,36-45,Female,30.1,Net Banking,Verified
INV000818,2024-03-18,120842,SIP,2031,Telangana,Hyderabad,T30,56+,Female,62.5,Net Banking,Verified
INV000280,2024-03-18,101206,SIP,486,Punjab,Amritsar,B30,26-35,Female,22.9,Mandate,Verified
INV000410,2024-03-18,125497,SIP,1916,Rajasthan,Jaipur,T30,18-25,Female,5.3,Net Banking,Verified
INV001467,2024-03-18,149322,Lumpsum,109292,Punjab,Chandigarh,T30,36-45,Male,32.5,Net Banking,Verified
INV002977,2024-03-18,120503,SIP,6537,Haryana,Faridabad,B30,36-45,Female,26.6,Cheque,Verified
INV002966,2024-03-18,120504,SIP,449,Gujarat,Ahmedabad,T30,26-35,Female,18.4,Cheque,Verified
INV003086,2024-03-19,118632,Redemption,151112,West Bengal,Kolkata,T30,26-35,Male,20.2,Net Banking,Verified
INV000203,2024-03-19,119094,SIP,5120,Maharashtra,Nashik,B30,26-35,Male,16.0,Mandate,Verified
INV000099,2024-03-19,149324,SIP,8330,Haryana,Gurugram,T30,36-45,Male,43.5,Mandate,Verified
INV001735,2024-03-19,120844,Redemption,241106,Maharashtra,Pune,T30,56+,Male,41.9,UPI,Verified
INV002351,2024-03-19,119599,Redemption,11684,Gujarat,Ahmedabad,T30,36-45,Male,18.9,Mandate,Verified
INV004544,2024-03-19,119599,SIP,2219,Maharashtra,Mumbai,T30,36-45,Male,52.1,Net Banking,Verified
INV001013,2024-03-19,119095,SIP,1757,Telangana,Hyderabad,T30,36-45,Male,40.6,Mandate,Verified
INV000128,2024-03-19,102887,SIP,20477,Rajasthan,Jaipur,T30,36-45,Female,50.9,UPI,Verified
INV003049,2024-03-19,119095,Lumpsum,90420,Gujarat,Ahmedabad,T30,26-35,Male,15.5,Mandate,Verified
INV001048,2024-03-19,119095,SIP,1070,Delhi,New Delhi,T30,46-55,Male,46.6,Cheque,Verified
INV001771,2024-03-19,118636,SIP,22539,Gujarat,Surat,T30,46-55,Male,85.9,Mandate,Verified
INV000581,2024-03-19,119120,Lumpsum,51226,Tamil Nadu,Coimbatore,B30,36-45,Male,26.4,Net Banking,Verified
INV003119,2024-03-19,118635,Lumpsum,108586,Karnataka,Bangalore,T30,18-25,Female,4.6,Cheque,Verified
INV000933,2024-03-19,101206,SIP,24885,Rajasthan,Jaipur,T30,36-45,Female,14.9,UPI,Verified
INV004763,2024-03-19,119095,SIP,8556,Karnataka,Bangalore,T30,46-55,Female,19.6,Cheque,Verified
INV000516,2024-03-19,101206,Lumpsum,144165,Uttar Pradesh,Lucknow,T30,36-45,Male,27.3,Mandate,Verified
INV004851,2024-03-19,120844,SIP,403,Uttar Pradesh,Lucknow,T30,26-35,Male,9.3,Net Banking,Verified
INV004463,2024-03-19,102887,Lumpsum,33101,Karnataka,Bangalore,T30,26-35,Female,16.1,Mandate,Pending
INV000175,2024-03-19,119552,SIP,1663,Karnataka,Bangalore,T30,26-35,Male,17.3,UPI,Verified
INV004787,2024-03-19,119092,SIP,3593,Haryana,Faridabad,B30,26-35,Male,8.2,Mandate,Verified
INV000950,2024-03-19,100016,SIP,13762,Punjab,Amritsar,B30,36-45,Male,33.1,Net Banking,Pending
INV001709,2024-03-19,149322,Lumpsum,250921,Delhi,New Delhi,T30,36-45,Male,55.9,Net Banking,Verified
INV002872,2024-03-19,125497,SIP,2805,West Bengal,Kolkata,T30,36-45,Male,47.5,Cheque,Verified
INV002859,2024-03-19,101208,Lumpsum,433039,Madhya Pradesh,Indore,T30,26-35,Male,20.1,Mandate,Verified
INV004197,2024-03-19,125498,SIP,2958,Maharashtra,Pune,T30,46-55,Male,62.9,Cheque,Verified
INV004742,2024-03-19,125498,SIP,7377,Punjab,Chandigarh,T30,26-35,Male,16.2,Mandate,Verified
INV003616,2024-03-19,101208,SIP,5974,Rajasthan,Jaipur,T30,36-45,Female,14.0,Mandate,Verified
INV002680,2024-03-19,119599,Redemption,411367,West Bengal,Kolkata,T30,36-45,Male,17.4,Net Banking,Verified
INV004980,2024-03-19,119094,SIP,51867,Punjab,Amritsar,B30,36-45,Female,36.6,UPI,Verified
INV003772,2024-03-19,118635,SIP,2072,Punjab,Amritsar,B30,18-25,Female,6.8,Cheque,Pending
INV001853,2024-03-19,118632,SIP,4755,Delhi,Noida,T30,18-25,Male,6.1,Cheque,Verified
INV000541,2024-03-19,101208,SIP,14982,Telangana,Hyderabad,T30,46-55,Female,22.9,Mandate,Verified
INV003331,2024-03-19,101207,SIP,6626,Karnataka,Bangalore,T30,26-35,Female,7.1,Net Banking,Verified
INV001861,2024-03-19,120504,Lumpsum,308595,Haryana,Gurugram,T30,26-35,Female,19.4,UPI,Verified
INV002383,2024-03-19,119598,SIP,28350,Madhya Pradesh,Bhopal,B30,18-25,Female,3.2,UPI,Verified
INV002006,2024-03-19,119598,SIP,25612,Punjab,Chandigarh,T30,26-35,Male,15.3,Net Banking,Verified
INV001844,2024-03-19,102886,Lumpsum,440156,West Bengal,Kolkata,T30,26-35,Female,18.8,Cheque,Verified
INV003677,2024-03-19,120844,SIP,15957,Gujarat,Ahmedabad,T30,36-45,Female,23.8,Mandate,Verified
INV000706,2024-03-19,120841,SIP,8590,Telangana,Hyderabad,T30,26-35,Female,7.3,Net Banking,Verified
INV004567,2024-03-19,101207,Lumpsum,296790,Telangana,Hyderabad,T30,56+,Male,75.0,Mandate,Verified
INV001826,2024-03-19,149322,SIP,10651,Punjab,Amritsar,B30,18-25,Male,4.7,Cheque,Verified
INV003936,2024-03-19,102887,Lumpsum,102216,Punjab,Chandigarh,T30,36-45,Male,19.8,UPI,Verified
INV003206,2024-03-19,148568,Lumpsum,347757,Gujarat,Ahmedabad,T30,26-35,Male,24.1,Net Banking,Verified
INV001331,2024-03-19,120842,Lumpsum,33928,Gujarat,Ahmedabad,T30,26-35,Male,17.5,UPI,Verified
INV003874,2024-03-19,149323,SIP,5305,Punjab,Amritsar,B30,26-35,Female,16.5,Cheque,Verified
INV002245,2024-03-19,120842,Redemption,380759,Karnataka,Mysore,B30,26-35,Female,24.6,Mandate,Verified
INV001636,2024-03-19,101208,SIP,5701,Rajasthan,Udaipur,B30,18-25,Male,6.0,Mandate,Verified
INV002704,2024-03-19,101206,SIP,4379,Delhi,Noida,T30,36-45,Female,47.8,Mandate,Verified
INV000644,2024-03-19,118632,Redemption,320140,West Bengal,Kolkata,T30,26-35,Male,9.1,UPI,Verified
INV001299,2024-03-19,100016,SIP,21958,Haryana,Faridabad,B30,26-35,Male,19.9,UPI,Verified
INV000072,2024-03-19,125498,Redemption,97759,Gujarat,Ahmedabad,T30,18-25,Female,6.4,UPI,Verified
INV000642,2024-03-19,120841,SIP,2502,Gujarat,Surat,T30,26-35,Male,15.6,UPI,Verified
INV003214,2024-03-19,100033,SIP,29245,Punjab,Chandigarh,T30,36-45,Male,18.2,Cheque,Verified
INV001457,2024-03-19,100016,SIP,2252,Gujarat,Ahmedabad,T30,26-35,Male,17.7,Mandate,Verified
INV002311,2024-03-19,119120,SIP,2630,Rajasthan,Udaipur,B30,36-45,Male,31.5,Mandate,Verified
INV003359,2024-03-19,120504,SIP,14575,Gujarat,Ahmedabad,T30,26-35,Male,18.4,UPI,Verified
INV002836,2024-03-19,119120,SIP,1649,Karnataka,Bangalore,T30,36-45,Male,25.2,Cheque,Verified
INV002792,2024-03-20,102885,Lumpsum,414951,Gujarat,Surat,T30,18-25,Male,3.6,UPI,Verified
INV004109,2024-03-20,119120,SIP,10989,Uttar Pradesh,Lucknow,T30,56+,Female,59.8,Cheque,Verified
INV004681,2024-03-20,119092,SIP,4208,Haryana,Faridabad,B30,26-35,Female,19.0,Net Banking,Verified
INV001063,2024-03-20,148567,SIP,2290,Haryana,Faridabad,B30,26-35,Male,24.1,Cheque,Verified
INV000929,2024-03-20,118635,Redemption,42401,West Bengal,Kolkata,T30,36-45,Female,27.7,UPI,Verified
INV000073,2024-03-20,148569,SIP,47570,Punjab,Amritsar,B30,18-25,Male,5.5,Mandate,Verified
INV001959,2024-03-20,119095,Redemption,230392,Tamil Nadu,Chennai,T30,18-25,Female,4.7,Net Banking,Verified
INV002130,2024-03-20,119092,SIP,20324,Maharashtra,Pune,T30,46-55,Male,22.5,Mandate,Pending
INV003653,2024-03-20,125497,Redemption,243928,Punjab,Amritsar,B30,18-25,Female,3.8,Mandate,Pending
INV001205,2024-03-20,118634,SIP,51165,Madhya Pradesh,Bhopal,B30,26-35,Male,24.1,Net Banking,Pending
INV004128,2024-03-20,118632,Lumpsum,224200,Haryana,Faridabad,B30,18-25,Male,3.3,Cheque,Verified
INV002852,2024-03-20,149322,SIP,2056,West Bengal,Kolkata,T30,46-55,Male,69.5,UPI,Verified
INV000634,2024-03-20,148568,SIP,6121,Karnataka,Bangalore,T30,26-35,Female,22.7,Cheque,Verified
INV002306,2024-03-20,101208,SIP,8628,Tamil Nadu,Chennai,T30,18-25,Male,3.4,UPI,Verified
INV003350,2024-03-20,120503,SIP,2364,Maharashtra,Nashik,B30,46-55,Female,37.7,Cheque,Verified
INV000887,2024-03-20,120844,Redemption,451292,Tamil Nadu,Coimbatore,B30,36-45,Male,53.9,Mandate,Verified
INV003445,2024-03-20,100033,SIP,16187,Maharashtra,Nashik,B30,36-45,Male,40.9,Mandate,Verified
INV000339,2024-03-20,100025,SIP,5041,Uttar Pradesh,Kanpur,B30,26-35,Male,22.3,Mandate,Verified
INV002284,2024-03-20,125497,Lumpsum,58055,Karnataka,Bangalore,T30,36-45,Male,55.3,Net Banking,Verified
INV000405,2024-03-20,118634,SIP,6805,Karnataka,Mysore,B30,56+,Female,8.6,UPI,Verified
INV002680,2024-03-20,119552,SIP,52252,West Bengal,Kolkata,T30,36-45,Male,17.4,UPI,Pending
INV004203,2024-03-20,120506,SIP,3191,Madhya Pradesh,Indore,T30,18-25,Male,7.9,Mandate,Verified
INV003505,2024-03-20,102885,Redemption,238387,West Bengal,Kolkata,T30,56+,Female,53.5,Net Banking,Verified
INV004390,2024-03-20,118635,Lumpsum,216127,Gujarat,Ahmedabad,T30,18-25,Female,6.0,Net Banking,Verified
INV001611,2024-03-20,119094,Redemption,457953,West Bengal,Kolkata,T30,18-25,Female,7.4,Net Banking,Verified
INV000046,2024-03-20,119094,Redemption,156933,Gujarat,Ahmedabad,T30,26-35,Female,24.5,Mandate,Verified
INV002543,2024-03-20,119093,SIP,11859,Madhya Pradesh,Indore,T30,18-25,Female,7.7,UPI,Verified
INV000880,2024-03-20,149324,Redemption,370366,Madhya Pradesh,Indore,T30,26-35,Male,18.4,Net Banking,Verified
INV003092,2024-03-20,125497,SIP,2908,Karnataka,Mysore,B30,26-35,Male,20.0,UPI,Verified
INV000439,2024-03-20,148567,Lumpsum,535321,Rajasthan,Udaipur,B30,56+,Male,23.4,Mandate,Verified
INV003939,2024-03-20,101208,SIP,16620,Madhya Pradesh,Bhopal,B30,36-45,Female,58.1,UPI,Verified
INV001093,2024-03-20,102886,Lumpsum,319432,West Bengal,Kolkata,T30,46-55,Female,65.2,UPI,Verified
INV003531,2024-03-20,101207,SIP,22530,Delhi,Gurugram,T30,36-45,Male,41.9,Cheque,Verified
INV000643,2024-03-20,120841,SIP,3355,Haryana,Faridabad,B30,26-35,Female,23.5,UPI,Verified
INV000906,2024-03-20,119599,SIP,14752,Maharashtra,Mumbai,T30,26-35,Male,20.7,Net Banking,Verified
INV004301,2024-03-20,120844,SIP,503,Haryana,Faridabad,B30,18-25,Male,6.2,Net Banking,Verified
INV002877,2024-03-20,119552,SIP,2784,Rajasthan,Jaipur,T30,36-45,Male,56.5,UPI,Verified
INV002186,2024-03-20,120843,Lumpsum,35319,Haryana,Faridabad,B30,18-25,Female,7.9,Net Banking,Verified
INV001480,2024-03-20,120844,Lumpsum,196978,West Bengal,Kolkata,T30,18-25,Male,3.1,Net Banking,Verified
INV000738,2024-03-20,100033,Lumpsum,31337,Punjab,Amritsar,B30,26-35,Male,12.1,Cheque,Verified
INV000445,2024-03-20,101206,SIP,4627,Madhya Pradesh,Bhopal,B30,26-35,Female,24.7,UPI,Verified
INV001768,2024-03-20,120842,SIP,3479,Madhya Pradesh,Bhopal,B30,26-35,Female,14.1,Cheque,Verified
INV001940,2024-03-20,119552,SIP,2809,Delhi,New Delhi,T30,36-45,Male,28.4,Cheque,Verified
INV000921,2024-03-20,120503,Lumpsum,110304,Rajasthan,Jaipur,T30,26-35,Male,14.6,Cheque,Verified
INV002385,2024-03-20,120504,SIP,50096,Punjab,Chandigarh,T30,26-35,Male,21.9,UPI,Verified
INV001028,2024-03-20,119094,Lumpsum,304531,Rajasthan,Jaipur,T30,46-55,Female,67.4,UPI,Verified
INV000098,2024-03-20,102887,Redemption,46135,Telangana,Hyderabad,T30,36-45,Male,33.8,Mandate,Verified
INV001356,2024-03-20,120842,Redemption,287535,Gujarat,Ahmedabad,T30,26-35,Male,19.7,Net Banking,Verified
INV000175,2024-03-20,119093,Lumpsum,114609,Karnataka,Bangalore,T30,26-35,Male,17.3,Cheque,Verified
INV000968,2024-03-20,101207,Lumpsum,48464,Tamil Nadu,Chennai,T30,36-45,Female,37.1,Mandate,Verified
INV004523,2024-03-20,118632,Redemption,354104,Haryana,Gurugram,T30,26-35,Female,13.5,Net Banking,Verified
INV004619,2024-03-20,149324,SIP,2226,Gujarat,Ahmedabad,T30,46-55,Male,47.9,UPI,Verified
INV004780,2024-03-20,101207,Lumpsum,22057,Haryana,Gurugram,T30,36-45,Male,42.4,Cheque,Verified
INV003575,2024-03-20,149324,SIP,7440,West Bengal,Kolkata,T30,18-25,Male,4.7,Mandate,Verified
INV002390,2024-03-20,100025,SIP,3434,Uttar Pradesh,Kanpur,B30,56+,Female,24.4,Net Banking,Verified
INV000829,2024-03-20,118633,Redemption,38855,West Bengal,Kolkata,T30,26-35,Female,23.1,Mandate,Verified
INV004870,2024-03-20,149322,SIP,2752,Punjab,Amritsar,B30,46-55,Male,65.9,Mandate,Verified
INV002110,2024-03-20,120843,SIP,21068,Haryana,Faridabad,B30,26-35,Female,20.8,UPI,Verified
INV004191,2024-03-20,119598,SIP,2360,Maharashtra,Nashik,B30,26-35,Female,19.5,Mandate,Verified
INV001575,2024-03-20,120503,SIP,948,Karnataka,Bangalore,T30,26-35,Male,12.0,Mandate,Verified
INV004693,2024-03-20,102885,Redemption,201121,Maharashtra,Nashik,B30,36-45,Male,44.9,Mandate,Verified
INV001332,2024-03-20,148568,SIP,1733,Uttar Pradesh,Agra,B30,26-35,Female,19.9,Mandate,Verified
INV001548,2024-03-20,100033,SIP,9286,Delhi,New Delhi,T30,26-35,Male,24.8,UPI,Verified
INV003930,2024-03-20,119094,Redemption,406317,Tamil Nadu,Chennai,T30,36-45,Male,16.2,Mandate,Verified
INV004954,2024-03-20,100025,Redemption,57083,Haryana,Faridabad,B30,26-35,Female,6.6,UPI,Verified
INV001638,2024-03-20,120505,SIP,8139,West Bengal,Kolkata,T30,36-45,Female,15.8,Net Banking,Verified
INV004051,2024-03-20,125497,Redemption,581078,Rajasthan,Udaipur,B30,36-45,Female,28.8,UPI,Verified
INV004643,2024-03-20,118636,Redemption,390588,Delhi,Noida,T30,26-35,Female,12.4,Net Banking,Verified
INV002257,2024-03-20,118635,SIP,529,West Bengal,Kolkata,T30,26-35,Male,9.8,UPI,Verified
INV001465,2024-03-20,101207,SIP,587,Punjab,Amritsar,B30,26-35,Male,21.0,Cheque,Verified
INV004262,2024-03-20,125497,Lumpsum,46588,Uttar Pradesh,Agra,B30,26-35,Male,6.2,Cheque,Verified
INV002879,2024-03-20,102885,SIP,4497,Tamil Nadu,Coimbatore,B30,46-55,Male,26.0,Mandate,Verified
INV001790,2024-03-20,100033,SIP,1040,Punjab,Chandigarh,T30,46-55,Male,15.8,UPI,Pending
INV000624,2024-03-21,120841,SIP,2553,West Bengal,Kolkata,T30,56+,Male,79.6,Net Banking,Verified
INV003139,2024-03-21,149323,SIP,1896,Karnataka,Mysore,B30,36-45,Male,39.4,UPI,Verified
INV003059,2024-03-21,120507,SIP,2251,Uttar Pradesh,Agra,B30,26-35,Male,18.4,UPI,Verified
INV003376,2024-03-21,149324,SIP,5511,Delhi,New Delhi,T30,36-45,Male,44.4,Net Banking,Pending
INV003759,2024-03-21,101206,SIP,3422,Haryana,Gurugram,T30,26-35,Male,6.1,Net Banking,Pending
INV004246,2024-03-21,119599,SIP,1617,West Bengal,Kolkata,T30,36-45,Female,12.2,Net Banking,Verified
INV002891,2024-03-21,102887,SIP,2998,Haryana,Faridabad,B30,36-45,Female,56.5,Cheque,Verified
INV000873,2024-03-21,118632,SIP,2339,Uttar Pradesh,Lucknow,T30,26-35,Male,8.9,UPI,Verified
INV003233,2024-03-21,102887,SIP,29274,Karnataka,Bangalore,T30,56+,Male,16.8,Mandate,Verified
INV000023,2024-03-21,120507,SIP,17369,West Bengal,Kolkata,T30,46-55,Female,61.9,Mandate,Verified
INV001361,2024-03-21,149324,SIP,5454,West Bengal,Kolkata,T30,26-35,Female,21.1,Cheque,Verified
INV003144,2024-03-21,120841,Lumpsum,166152,Haryana,Gurugram,T30,36-45,Female,38.0,Net Banking,Verified
INV001457,2024-03-21,119094,Lumpsum,356143,Gujarat,Ahmedabad,T30,26-35,Male,17.7,Mandate,Verified
INV002727,2024-03-21,120841,SIP,1058,Madhya Pradesh,Bhopal,B30,26-35,Female,6.3,UPI,Verified
INV002420,2024-03-21,119552,Lumpsum,217191,Karnataka,Mysore,B30,26-35,Female,6.4,Mandate,Verified
INV002473,2024-03-21,119598,Lumpsum,201577,Uttar Pradesh,Lucknow,T30,36-45,Male,41.8,Net Banking,Verified
INV004265,2024-03-21,118632,Lumpsum,390417,Punjab,Amritsar,B30,18-25,Male,7.6,Cheque,Pending
INV004779,2024-03-21,119551,SIP,3025,West Bengal,Kolkata,T30,36-45,Female,41.0,UPI,Verified
INV001116,2024-03-21,102886,Redemption,252204,Haryana,Faridabad,B30,36-45,Male,17.8,Cheque,Verified
INV000779,2024-03-21,119093,SIP,4635,Gujarat,Ahmedabad,T30,36-45,Male,35.3,Net Banking,Verified
INV001886,2024-03-21,125498,SIP,12781,Haryana,Gurugram,T30,18-25,Male,7.7,Mandate,Verified
INV004845,2024-03-21,148569,SIP,24696,West Bengal,Kolkata,T30,18-25,Male,7.5,Net Banking,Verified
INV003239,2024-03-21,149324,SIP,10207,Uttar Pradesh,Agra,B30,56+,Female,48.3,UPI,Verified
INV001211,2024-03-21,101207,Redemption,188503,Telangana,Hyderabad,T30,26-35,Male,20.2,Net Banking,Verified
INV004771,2024-03-21,120843,SIP,5566,Tamil Nadu,Coimbatore,B30,18-25,Male,6.6,Mandate,Pending
INV003587,2024-03-21,149323,Redemption,200372,Telangana,Hyderabad,T30,26-35,Female,16.4,Cheque,Verified
INV003141,2024-03-21,149322,SIP,2559,Maharashtra,Pune,T30,36-45,Female,40.1,UPI,Verified
INV003140,2024-03-21,120842,Redemption,297851,West Bengal,Kolkata,T30,26-35,Male,16.9,UPI,Verified
INV002502,2024-03-21,120504,Redemption,338682,Tamil Nadu,Coimbatore,B30,26-35,Male,23.6,Net Banking,Verified
INV004891,2024-03-21,149324,SIP,28460,Telangana,Hyderabad,T30,46-55,Female,83.5,Net Banking,Verified
INV003040,2024-03-21,119552,SIP,2433,Karnataka,Bangalore,T30,26-35,Female,15.3,Mandate,Verified
INV003100,2024-03-21,120504,SIP,1114,Telangana,Hyderabad,T30,26-35,Male,16.5,Cheque,Verified
INV004700,2024-03-21,119094,Lumpsum,99939,Gujarat,Ahmedabad,T30,26-35,Male,15.9,Mandate,Verified
INV000630,2024-03-21,119598,SIP,13181,Uttar Pradesh,Kanpur,B30,26-35,Male,18.9,UPI,Verified
INV000972,2024-03-21,118632,Lumpsum,325380,Telangana,Hyderabad,T30,18-25,Female,5.9,Mandate,Verified
INV002199,2024-03-21,100025,Redemption,460485,Gujarat,Ahmedabad,T30,26-35,Male,18.6,Cheque,Verified
INV003260,2024-03-21,119551,Redemption,17681,Madhya Pradesh,Indore,T30,18-25,Male,7.9,UPI,Verified
INV000095,2024-03-21,120505,Lumpsum,400863,West Bengal,Kolkata,T30,18-25,Male,6.5,Cheque,Verified
INV000547,2024-03-21,118636,Redemption,194759,West Bengal,Kolkata,T30,26-35,Male,16.6,Net Banking,Verified
INV000146,2024-03-21,118635,Lumpsum,278960,Delhi,Gurugram,T30,26-35,Male,14.1,Mandate,Pending
INV002036,2024-03-21,119094,Lumpsum,132055,Madhya Pradesh,Indore,T30,26-35,Male,23.2,Mandate,Verified
INV002116,2024-03-21,100033,Lumpsum,306528,Karnataka,Bangalore,T30,18-25,Male,3.8,Mandate,Verified
INV002464,2024-03-21,119094,SIP,3593,Karnataka,Bangalore,T30,26-35,Female,22.9,Cheque,Pending
INV004437,2024-03-21,125498,Redemption,529497,Telangana,Hyderabad,T30,26-35,Male,13.7,Net Banking,Verified
INV002023,2024-03-21,125497,Lumpsum,321330,Madhya Pradesh,Indore,T30,36-45,Female,50.5,UPI,Verified
INV002532,2024-03-21,119094,Redemption,245606,Telangana,Hyderabad,T30,56+,Female,11.7,UPI,Verified
INV001006,2024-03-21,149324,SIP,15642,Tamil Nadu,Coimbatore,B30,56+,Female,75.6,Mandate,Verified
INV000223,2024-03-21,120503,Lumpsum,133657,West Bengal,Kolkata,T30,26-35,Male,6.3,Cheque,Verified
INV004134,2024-03-21,149322,SIP,939,West Bengal,Kolkata,T30,36-45,Male,24.4,Mandate,Verified
INV002648,2024-03-21,149322,SIP,9506,Punjab,Chandigarh,T30,36-45,Male,57.1,UPI,Verified
INV003659,2024-03-21,119092,Lumpsum,494816,Madhya Pradesh,Bhopal,B30,56+,Male,27.4,UPI,Pending
INV001553,2024-03-21,120504,Lumpsum,55845,Delhi,Noida,T30,26-35,Male,23.5,Mandate,Verified
INV000214,2024-03-21,101208,SIP,13901,Madhya Pradesh,Indore,T30,26-35,Female,20.7,Net Banking,Pending
INV001504,2024-03-21,149322,SIP,3380,Haryana,Faridabad,B30,36-45,Male,25.5,UPI,Verified
INV001680,2024-03-21,100025,Redemption,128250,Madhya Pradesh,Indore,T30,26-35,Male,22.8,Mandate,Verified
INV001428,2024-03-21,120841,Redemption,48591,Delhi,New Delhi,T30,26-35,Male,17.8,Cheque,Verified
INV004916,2024-03-21,120506,Lumpsum,345338,Haryana,Faridabad,B30,26-35,Male,12.5,Mandate,Verified
INV002762,2024-03-21,118636,Redemption,94174,Rajasthan,Udaipur,B30,26-35,Female,21.9,UPI,Verified
INV002748,2024-03-21,149323,Redemption,377762,Punjab,Amritsar,B30,26-35,Male,7.8,Mandate,Verified
INV003645,2024-03-21,119599,Lumpsum,442779,Punjab,Amritsar,B30,26-35,Male,13.4,UPI,Verified
INV002375,2024-03-21,118633,SIP,2323,Haryana,Gurugram,T30,46-55,Male,64.0,UPI,Verified
INV001778,2024-03-21,148568,SIP,421,Maharashtra,Mumbai,T30,26-35,Male,9.7,Cheque,Verified
INV000202,2024-03-21,149322,SIP,1904,Haryana,Gurugram,T30,18-25,Male,4.1,UPI,Pending
INV002166,2024-03-21,119598,Lumpsum,46396,Haryana,Gurugram,T30,36-45,Male,33.3,Mandate,Verified
INV000201,2024-03-22,148568,SIP,515,Madhya Pradesh,Indore,T30,46-55,Male,87.0,Mandate,Verified
INV001017,2024-03-22,101206,SIP,2274,West Bengal,Kolkata,T30,26-35,Female,19.0,UPI,Verified
INV004592,2024-03-22,120842,SIP,8122,Maharashtra,Pune,T30,36-45,Male,56.6,UPI,Verified
INV002757,2024-03-22,120507,SIP,8493,Madhya Pradesh,Indore,T30,18-25,Male,5.0,UPI,Verified
INV001210,2024-03-22,101207,SIP,8092,Uttar Pradesh,Agra,B30,36-45,Male,25.5,Net Banking,Verified
INV003332,2024-03-22,149322,SIP,500,Uttar Pradesh,Kanpur,B30,46-55,Male,83.2,Cheque,Verified
INV002327,2024-03-22,119094,SIP,1196,Punjab,Amritsar,B30,26-35,Male,7.0,Mandate,Verified
INV001695,2024-03-22,119599,Lumpsum,341730,Punjab,Amritsar,B30,36-45,Male,24.0,Net Banking,Pending
INV001768,2024-03-22,120503,SIP,1107,Madhya Pradesh,Bhopal,B30,26-35,Female,14.1,Net Banking,Pending
INV000769,2024-03-22,119095,SIP,11995,West Bengal,Kolkata,T30,36-45,Male,41.1,Cheque,Verified
INV004786,2024-03-22,119551,SIP,2353,Rajasthan,Udaipur,B30,26-35,Male,10.3,Cheque,Verified
INV001226,2024-03-22,119092,Redemption,583387,West Bengal,Kolkata,T30,26-35,Female,20.4,Net Banking,Verified
INV000283,2024-03-22,100016,SIP,2773,West Bengal,Kolkata,T30,46-55,Male,18.1,Mandate,Verified
INV000661,2024-03-22,125497,SIP,14266,Haryana,Faridabad,B30,36-45,Male,46.8,UPI,Pending
INV001708,2024-03-22,149323,Redemption,415323,Haryana,Faridabad,B30,18-25,Male,7.7,Mandate,Verified
INV001034,2024-03-22,125498,SIP,1164,Maharashtra,Pune,T30,26-35,Male,20.4,Net Banking,Verified
INV003022,2024-03-22,100033,SIP,42099,Telangana,Hyderabad,T30,46-55,Male,60.2,Cheque,Verified
INV002720,2024-03-22,100033,SIP,1102,Karnataka,Bangalore,T30,26-35,Male,19.2,Net Banking,Verified
INV003825,2024-03-22,120507,SIP,11869,Telangana,Hyderabad,T30,56+,Male,69.6,Mandate,Verified
INV003775,2024-03-22,118632,Redemption,123055,Maharashtra,Mumbai,T30,56+,Male,12.8,Mandate,Verified
INV002476,2024-03-22,120505,SIP,27776,Telangana,Hyderabad,T30,36-45,Female,58.6,Cheque,Verified
INV000299,2024-03-22,120503,SIP,6326,Delhi,Noida,T30,26-35,Male,24.4,Cheque,Verified
INV002468,2024-03-22,119598,SIP,1158,West Bengal,Kolkata,T30,46-55,Male,48.8,Net Banking,Verified
INV001423,2024-03-22,120841,Lumpsum,307541,Madhya Pradesh,Bhopal,B30,18-25,Female,7.7,Mandate,Verified
INV004930,2024-03-22,120842,SIP,547,West Bengal,Kolkata,T30,26-35,Male,15.5,Net Banking,Verified
INV001548,2024-03-22,102886,Lumpsum,370091,Delhi,New Delhi,T30,26-35,Male,24.8,Cheque,Verified
INV000778,2024-03-22,102887,SIP,3432,Haryana,Faridabad,B30,26-35,Male,16.9,Net Banking,Verified
INV002243,2024-03-22,125497,SIP,2405,Tamil Nadu,Coimbatore,B30,26-35,Male,7.8,UPI,Verified
INV002540,2024-03-22,149324,SIP,504,Uttar Pradesh,Agra,B30,26-35,Male,10.8,Cheque,Verified
INV001461,2024-03-22,102887,SIP,2167,Telangana,Hyderabad,T30,26-35,Female,13.5,Net Banking,Verified
INV000822,2024-03-22,120841,SIP,12551,Punjab,Amritsar,B30,26-35,Male,9.2,Mandate,Verified
INV001588,2024-03-22,118636,SIP,2330,Karnataka,Bangalore,T30,56+,Male,75.2,UPI,Verified
INV004221,2024-03-22,118633,SIP,2398,Uttar Pradesh,Agra,B30,36-45,Female,59.4,Mandate,Pending
INV004476,2024-03-22,149324,Redemption,114548,Gujarat,Surat,T30,26-35,Male,9.3,Net Banking,Verified
INV002217,2024-03-22,102886,SIP,1049,Tamil Nadu,Coimbatore,B30,18-25,Male,7.0,UPI,Verified
INV001329,2024-03-22,120505,SIP,3293,Punjab,Amritsar,B30,36-45,Female,37.2,UPI,Verified
INV004957,2024-03-22,101207,SIP,1812,Delhi,New Delhi,T30,36-45,Male,51.2,Cheque,Verified
INV003806,2024-03-22,120841,SIP,15287,Karnataka,Bangalore,T30,26-35,Male,14.7,Mandate,Verified
INV002258,2024-03-22,118632,Lumpsum,317163,Madhya Pradesh,Bhopal,B30,36-45,Male,33.7,Net Banking,Verified
INV002928,2024-03-22,120841,Redemption,204140,Tamil Nadu,Coimbatore,B30,26-35,Male,9.4,Cheque,Verified
INV001857,2024-03-22,119120,Redemption,148663,Tamil Nadu,Chennai,T30,26-35,Male,24.0,Mandate,Verified
INV003601,2024-03-22,120841,Redemption,404657,Haryana,Faridabad,B30,26-35,Female,17.0,Mandate,Verified
INV001304,2024-03-22,120506,SIP,2164,Gujarat,Ahmedabad,T30,26-35,Male,21.8,Mandate,Verified
INV000666,2024-03-22,101206,SIP,556,Maharashtra,Mumbai,T30,36-45,Male,49.7,Cheque,Pending
INV002153,2024-03-22,119551,SIP,3391,Maharashtra,Nashik,B30,18-25,Female,3.5,Net Banking,Pending
INV003144,2024-03-22,101207,SIP,2481,Haryana,Gurugram,T30,36-45,Female,38.0,UPI,Verified
INV000085,2024-03-22,120506,Lumpsum,568417,Gujarat,Surat,T30,26-35,Female,14.6,Cheque,Verified
INV000081,2024-03-22,119552,SIP,2662,Gujarat,Surat,T30,36-45,Male,31.0,Net Banking,Verified
INV000625,2024-03-22,120844,SIP,10742,Rajasthan,Jaipur,T30,46-55,Female,19.7,Mandate,Verified
INV004822,2024-03-22,102886,SIP,2244,Rajasthan,Udaipur,B30,26-35,Male,14.8,UPI,Verified
INV003846,2024-03-22,120841,SIP,1610,Uttar Pradesh,Agra,B30,46-55,Female,44.2,UPI,Verified
INV000680,2024-03-22,118635,Lumpsum,322985,Tamil Nadu,Chennai,T30,18-25,Female,4.1,Net Banking,Verified
INV000979,2024-03-22,125498,Lumpsum,398144,Karnataka,Bangalore,T30,26-35,Male,24.7,UPI,Verified
INV003139,2024-03-22,119120,SIP,480,Karnataka,Mysore,B30,36-45,Male,39.4,Mandate,Verified
INV000681,2024-03-22,119551,SIP,538,Delhi,New Delhi,T30,26-35,Male,23.4,Cheque,Verified
INV002361,2024-03-22,119095,Lumpsum,316237,Gujarat,Surat,T30,36-45,Male,59.3,Mandate,Pending
INV000460,2024-03-22,149322,SIP,14292,Delhi,Noida,T30,36-45,Male,47.1,Mandate,Verified
INV001875,2024-03-22,119095,Redemption,426344,Karnataka,Mysore,B30,56+,Female,64.4,UPI,Verified
INV002000,2024-03-22,125498,SIP,14792,Rajasthan,Jaipur,T30,36-45,Female,57.6,Cheque,Verified
INV000222,2024-03-22,120504,Redemption,152046,Maharashtra,Mumbai,T30,36-45,Male,46.7,Cheque,Pending
INV003986,2024-03-22,119094,Redemption,424741,Telangana,Hyderabad,T30,36-45,Male,44.2,Net Banking,Verified
INV003626,2024-03-22,102885,Redemption,176153,Madhya Pradesh,Indore,T30,26-35,Male,23.5,UPI,Verified
INV003671,2024-03-22,100016,Lumpsum,412976,Haryana,Gurugram,T30,36-45,Female,22.9,UPI,Verified
INV000778,2024-03-22,120504,Redemption,283479,Haryana,Faridabad,B30,26-35,Male,16.9,Cheque,Verified
INV002445,2024-03-23,102885,SIP,8052,Punjab,Chandigarh,T30,26-35,Male,9.5,UPI,Verified
INV004362,2024-03-23,102885,Redemption,252953,West Bengal,Kolkata,T30,26-35,Female,12.1,UPI,Verified
INV000418,2024-03-23,149322,SIP,17035,Rajasthan,Jaipur,T30,26-35,Female,13.6,Net Banking,Verified
INV000609,2024-03-23,102885,Lumpsum,345771,Tamil Nadu,Coimbatore,B30,18-25,Male,3.9,UPI,Verified
INV002661,2024-03-23,100016,SIP,497,West Bengal,Kolkata,T30,36-45,Male,21.6,Cheque,Verified
INV003594,2024-03-23,149324,SIP,25268,Madhya Pradesh,Indore,T30,18-25,Male,5.8,Cheque,Verified
INV000497,2024-03-23,120504,SIP,470,Madhya Pradesh,Bhopal,B30,36-45,Male,45.7,Mandate,Verified
INV003182,2024-03-23,118632,SIP,1055,Tamil Nadu,Chennai,T30,18-25,Female,4.8,Cheque,Verified
INV000826,2024-03-23,119551,SIP,17874,Madhya Pradesh,Bhopal,B30,36-45,Female,44.3,UPI,Verified
INV002809,2024-03-23,100016,SIP,8050,Uttar Pradesh,Agra,B30,36-45,Male,48.6,UPI,Pending
INV001226,2024-03-23,120841,Lumpsum,73452,West Bengal,Kolkata,T30,26-35,Female,20.4,Net Banking,Verified
INV000864,2024-03-23,119094,SIP,49204,Tamil Nadu,Chennai,T30,26-35,Female,24.9,UPI,Verified
INV004133,2024-03-23,119094,SIP,13810,Maharashtra,Nashik,B30,36-45,Male,41.6,Mandate,Verified
INV003548,2024-03-23,120844,SIP,5849,Karnataka,Bangalore,T30,26-35,Male,23.3,Mandate,Verified
INV002964,2024-03-23,118636,SIP,2395,Rajasthan,Udaipur,B30,46-55,Male,84.1,Cheque,Verified
INV003603,2024-03-23,118635,SIP,1163,Madhya Pradesh,Indore,T30,36-45,Male,52.4,Cheque,Verified
INV001790,2024-03-23,119599,SIP,433,Punjab,Chandigarh,T30,46-55,Male,15.8,Net Banking,Verified
INV004267,2024-03-23,120841,Redemption,281733,Gujarat,Surat,T30,46-55,Male,99.7,Mandate,Verified
INV004347,2024-03-23,120842,SIP,15949,West Bengal,Kolkata,T30,36-45,Male,20.5,Cheque,Verified
INV004954,2024-03-23,119598,SIP,10851,Haryana,Faridabad,B30,26-35,Female,6.6,Mandate,Verified
INV004779,2024-03-23,125498,Redemption,34399,West Bengal,Kolkata,T30,36-45,Female,41.0,Cheque,Verified
INV003789,2024-03-23,125497,SIP,1608,Rajasthan,Udaipur,B30,36-45,Male,29.9,UPI,Verified
INV002631,2024-03-23,118634,Lumpsum,64210,Uttar Pradesh,Kanpur,B30,46-55,Female,93.8,Cheque,Pending
INV004682,2024-03-23,119551,SIP,13684,Telangana,Hyderabad,T30,26-35,Female,8.7,UPI,Verified
INV001225,2024-03-23,149323,Redemption,104881,Karnataka,Mysore,B30,26-35,Male,16.5,Cheque,Verified
INV003722,2024-03-23,102886,Lumpsum,383848,Maharashtra,Nashik,B30,36-45,Female,50.8,Mandate,Verified
INV004633,2024-03-23,119551,Redemption,358459,Telangana,Hyderabad,T30,18-25,Female,4.9,Cheque,Verified
INV002040,2024-03-23,119093,Redemption,428259,Karnataka,Mysore,B30,36-45,Female,49.1,UPI,Verified
INV002735,2024-03-23,120505,SIP,4932,Tamil Nadu,Coimbatore,B30,18-25,Female,7.6,UPI,Verified
INV001514,2024-03-23,119093,Redemption,179209,Delhi,Gurugram,T30,46-55,Male,75.8,Mandate,Verified
INV000793,2024-03-23,102887,SIP,457,West Bengal,Kolkata,T30,26-35,Female,8.4,Mandate,Verified
INV000718,2024-03-23,120507,Lumpsum,349676,Delhi,Gurugram,T30,26-35,Male,10.8,Mandate,Verified
INV003157,2024-03-23,119120,SIP,7101,Maharashtra,Pune,T30,36-45,Male,44.7,UPI,Verified
INV002037,2024-03-23,102887,Redemption,176838,Delhi,New Delhi,T30,56+,Male,22.0,Mandate,Verified
INV004971,2024-03-23,101206,Lumpsum,80613,Telangana,Hyderabad,T30,26-35,Male,21.3,UPI,Verified
INV002003,2024-03-23,118632,Lumpsum,141036,Delhi,New Delhi,T30,26-35,Female,20.1,UPI,Verified
INV000192,2024-03-23,118634,SIP,2432,Haryana,Faridabad,B30,26-35,Male,24.4,Mandate,Verified
INV002566,2024-03-23,119551,SIP,1021,Uttar Pradesh,Kanpur,B30,26-35,Female,23.0,Mandate,Verified
INV002656,2024-03-23,118635,SIP,21543,Tamil Nadu,Coimbatore,B30,26-35,Male,9.6,Net Banking,Verified
INV004866,2024-03-23,101206,Redemption,236440,Madhya Pradesh,Bhopal,B30,36-45,Male,14.6,UPI,Verified
INV000495,2024-03-23,118635,SIP,27404,Gujarat,Surat,T30,26-35,Female,7.6,Mandate,Verified
INV003194,2024-03-23,119092,SIP,25560,Haryana,Faridabad,B30,26-35,Female,19.5,Mandate,Verified
INV004574,2024-03-23,148569,SIP,17331,Maharashtra,Mumbai,T30,36-45,Male,54.3,Mandate,Verified
INV001564,2024-03-23,102887,SIP,2076,Haryana,Faridabad,B30,46-55,Male,43.2,Cheque,Verified
INV001164,2024-03-23,149323,Redemption,291706,Punjab,Chandigarh,T30,36-45,Male,54.4,Mandate,Pending
INV001856,2024-03-23,118632,SIP,10395,Delhi,New Delhi,T30,36-45,Female,43.5,Net Banking,Verified
INV003589,2024-03-23,100033,Lumpsum,136767,Maharashtra,Nashik,B30,26-35,Female,11.4,Mandate,Verified
INV003832,2024-03-23,125498,Redemption,62065,Karnataka,Mysore,B30,46-55,Male,34.4,Mandate,Verified
INV000532,2024-03-23,148567,Lumpsum,173452,Madhya Pradesh,Bhopal,B30,26-35,Male,9.0,Mandate,Verified
INV002429,2024-03-23,101206,SIP,828,Rajasthan,Udaipur,B30,26-35,Male,11.2,Net Banking,Verified
INV002627,2024-03-23,119551,SIP,7864,West Bengal,Kolkata,T30,26-35,Male,19.0,UPI,Verified
INV000989,2024-03-23,119551,SIP,7835,Gujarat,Surat,T30,36-45,Male,16.1,Mandate,Verified
INV003771,2024-03-23,100016,SIP,2511,Telangana,Hyderabad,T30,46-55,Male,47.6,UPI,Pending
INV004128,2024-03-23,118633,Lumpsum,324099,Haryana,Faridabad,B30,18-25,Male,3.3,Mandate,Verified
INV000252,2024-03-23,120842,SIP,49161,Gujarat,Surat,T30,46-55,Female,24.4,Mandate,Verified
INV004257,2024-03-23,125498,Redemption,257046,Telangana,Hyderabad,T30,36-45,Male,22.0,UPI,Verified
INV003741,2024-03-23,120503,Lumpsum,476194,Madhya Pradesh,Bhopal,B30,36-45,Male,30.3,Net Banking,Verified
INV003635,2024-03-23,119094,SIP,1051,West Bengal,Kolkata,T30,56+,Female,55.1,Net Banking,Verified
INV000648,2024-03-23,149323,SIP,2070,Uttar Pradesh,Kanpur,B30,18-25,Female,5.8,Cheque,Verified
INV002357,2024-03-23,119598,SIP,6764,Delhi,Gurugram,T30,26-35,Male,7.8,Cheque,Verified
INV002262,2024-03-23,120841,SIP,3328,Rajasthan,Udaipur,B30,26-35,Male,8.2,Cheque,Verified
INV000139,2024-03-24,101206,SIP,6583,Punjab,Chandigarh,T30,18-25,Female,7.6,UPI,Pending
INV001845,2024-03-24,125498,SIP,12343,Uttar Pradesh,Agra,B30,26-35,Female,14.8,UPI,Verified
INV004980,2024-03-24,119094,Redemption,196893,Punjab,Amritsar,B30,36-45,Female,36.6,Net Banking,Pending
INV001123,2024-03-24,149322,SIP,52803,Uttar Pradesh,Lucknow,T30,26-35,Male,23.9,UPI,Verified
INV004206,2024-03-24,125498,Lumpsum,249193,Maharashtra,Pune,T30,26-35,Female,20.9,UPI,Pending
INV004091,2024-03-24,120842,SIP,1654,Tamil Nadu,Chennai,T30,26-35,Male,7.2,UPI,Verified
INV003389,2024-03-24,118635,Lumpsum,78476,Telangana,Hyderabad,T30,26-35,Male,22.3,Cheque,Verified
INV004091,2024-03-24,119092,SIP,2198,Tamil Nadu,Chennai,T30,26-35,Male,7.2,Net Banking,Verified
INV004264,2024-03-24,120842,Lumpsum,497710,Gujarat,Ahmedabad,T30,36-45,Female,45.2,Net Banking,Verified
INV003405,2024-03-24,149322,Redemption,511756,Rajasthan,Jaipur,T30,26-35,Male,11.5,Mandate,Verified
INV004607,2024-03-24,148569,SIP,2369,Telangana,Hyderabad,T30,26-35,Female,7.0,Cheque,Verified
INV004541,2024-03-24,120505,SIP,2645,Madhya Pradesh,Indore,T30,26-35,Female,9.6,Net Banking,Verified
INV001221,2024-03-24,101207,Lumpsum,488421,Delhi,New Delhi,T30,26-35,Female,22.4,UPI,Verified
INV004621,2024-03-24,148568,SIP,7874,Punjab,Amritsar,B30,36-45,Female,16.9,UPI,Verified
INV001442,2024-03-24,100033,SIP,427,Uttar Pradesh,Lucknow,T30,26-35,Male,16.2,UPI,Verified
INV000536,2024-03-24,149323,SIP,11715,Delhi,New Delhi,T30,36-45,Female,29.6,Cheque,Verified
INV004256,2024-03-24,149324,SIP,6967,Karnataka,Mysore,B30,26-35,Male,22.3,Net Banking,Verified
INV002583,2024-03-24,100025,SIP,2355,Gujarat,Ahmedabad,T30,46-55,Male,48.5,Net Banking,Verified
INV003475,2024-03-24,118632,SIP,8404,Telangana,Hyderabad,T30,26-35,Male,20.7,Cheque,Verified
INV001257,2024-03-24,119095,SIP,6056,Punjab,Chandigarh,T30,26-35,Female,6.3,UPI,Verified
INV002302,2024-03-24,120841,Lumpsum,342425,West Bengal,Kolkata,T30,26-35,Male,10.1,Net Banking,Pending
INV004392,2024-03-24,120507,Lumpsum,418784,West Bengal,Kolkata,T30,18-25,Male,6.7,Net Banking,Verified
INV003050,2024-03-24,119092,Lumpsum,487676,Maharashtra,Mumbai,T30,18-25,Male,7.2,Cheque,Verified
INV003244,2024-03-24,148567,SIP,8011,Telangana,Hyderabad,T30,26-35,Female,21.1,Cheque,Verified
INV002350,2024-03-24,120506,Lumpsum,532670,Tamil Nadu,Chennai,T30,26-35,Male,23.0,Cheque,Verified
INV002772,2024-03-24,119599,Lumpsum,142403,Haryana,Faridabad,B30,26-35,Male,14.7,Mandate,Verified
INV004163,2024-03-24,119094,SIP,16925,Uttar Pradesh,Agra,B30,46-55,Male,96.4,Cheque,Verified
INV001077,2024-03-24,119093,Lumpsum,243925,Uttar Pradesh,Lucknow,T30,26-35,Male,6.4,Mandate,Verified
INV003082,2024-03-24,100033,SIP,12935,Telangana,Hyderabad,T30,26-35,Male,18.7,Net Banking,Verified
INV003677,2024-03-24,118634,Lumpsum,270055,Gujarat,Ahmedabad,T30,36-45,Female,23.8,Cheque,Verified
INV001402,2024-03-24,102887,Redemption,201563,Tamil Nadu,Chennai,T30,26-35,Male,15.2,Mandate,Pending
INV002277,2024-03-24,119092,SIP,590,Haryana,Gurugram,T30,26-35,Female,10.3,Cheque,Verified
INV004463,2024-03-24,120844,Lumpsum,249638,Karnataka,Bangalore,T30,26-35,Female,16.1,Cheque,Verified
INV001073,2024-03-24,100016,SIP,1636,West Bengal,Kolkata,T30,36-45,Female,25.1,Cheque,Verified
INV000072,2024-03-24,118636,SIP,870,Gujarat,Ahmedabad,T30,18-25,Female,6.4,Mandate,Verified
INV003524,2024-03-24,120842,SIP,3173,Telangana,Hyderabad,T30,36-45,Male,12.5,UPI,Verified
INV001046,2024-03-24,119551,Lumpsum,378428,Delhi,Noida,T30,26-35,Male,14.9,Cheque,Pending
INV004447,2024-03-24,120504,SIP,2090,West Bengal,Kolkata,T30,36-45,Female,53.4,Cheque,Verified
INV001715,2024-03-24,120507,SIP,563,Gujarat,Surat,T30,18-25,Male,7.7,Net Banking,Verified
INV003780,2024-03-24,149324,SIP,5346,Haryana,Faridabad,B30,26-35,Male,10.1,Net Banking,Verified
INV001073,2024-03-24,120506,SIP,804,West Bengal,Kolkata,T30,36-45,Female,25.1,UPI,Verified
INV000556,2024-03-24,119093,SIP,56730,Rajasthan,Udaipur,B30,18-25,Male,7.2,UPI,Pending
INV001092,2024-03-24,149322,SIP,5805,Haryana,Gurugram,T30,26-35,Male,14.9,Cheque,Verified
INV001342,2024-03-24,148567,Lumpsum,88622,West Bengal,Kolkata,T30,26-35,Female,15.5,Net Banking,Verified
INV001638,2024-03-24,118634,SIP,3494,West Bengal,Kolkata,T30,36-45,Female,15.8,Cheque,Pending
INV001635,2024-03-24,120842,Redemption,120684,Tamil Nadu,Chennai,T30,26-35,Male,18.6,Cheque,Verified
INV002098,2024-03-24,120841,Redemption,54380,Gujarat,Ahmedabad,T30,26-35,Male,15.6,Net Banking,Verified
INV001093,2024-03-24,101208,Redemption,496499,West Bengal,Kolkata,T30,46-55,Female,65.2,Cheque,Verified
INV004579,2024-03-24,101207,SIP,863,Rajasthan,Jaipur,T30,26-35,Male,18.7,Mandate,Verified
INV003901,2024-03-24,118634,SIP,3014,Delhi,Gurugram,T30,46-55,Male,45.4,Mandate,Verified
INV001077,2024-03-24,119093,SIP,25670,Uttar Pradesh,Lucknow,T30,26-35,Male,6.4,UPI,Verified
INV004534,2024-03-24,120503,Redemption,116921,Maharashtra,Nashik,B30,26-35,Male,8.8,Cheque,Verified
INV004449,2024-03-24,101206,SIP,5553,Maharashtra,Pune,T30,36-45,Male,16.6,UPI,Verified
INV002699,2024-03-24,119552,SIP,13035,Gujarat,Surat,T30,18-25,Female,6.1,Net Banking,Verified
INV002381,2024-03-24,101207,SIP,13184,Karnataka,Mysore,B30,36-45,Male,23.1,Cheque,Verified
INV001740,2024-03-24,119094,SIP,8616,Uttar Pradesh,Kanpur,B30,36-45,Female,53.9,Net Banking,Verified
INV004911,2024-03-24,120507,Redemption,168290,West Bengal,Kolkata,T30,26-35,Female,9.4,Net Banking,Verified
INV002018,2024-03-24,125498,SIP,4809,Uttar Pradesh,Agra,B30,26-35,Female,18.0,Cheque,Verified
INV003762,2024-03-25,148569,Lumpsum,33274,Telangana,Hyderabad,T30,36-45,Male,39.4,UPI,Verified
INV002407,2024-03-25,119092,Redemption,465537,West Bengal,Kolkata,T30,36-45,Male,35.9,Mandate,Verified
INV004279,2024-03-25,101207,SIP,7544,Gujarat,Ahmedabad,T30,36-45,Male,35.7,Cheque,Verified
INV001711,2024-03-25,148568,SIP,2082,Madhya Pradesh,Bhopal,B30,46-55,Male,99.0,Cheque,Verified
INV004078,2024-03-25,100025,SIP,9976,Delhi,Noida,T30,18-25,Male,3.8,UPI,Verified
INV004079,2024-03-25,149324,SIP,48043,Karnataka,Bangalore,T30,36-45,Female,57.2,Cheque,Verified
INV004890,2024-03-25,102885,SIP,5562,Telangana,Hyderabad,T30,18-25,Female,5.8,Cheque,Verified
INV004631,2024-03-25,120843,SIP,5135,Tamil Nadu,Chennai,T30,36-45,Female,20.2,UPI,Verified
INV003117,2024-03-25,102886,SIP,25785,Tamil Nadu,Chennai,T30,18-25,Female,6.7,Net Banking,Verified
INV000122,2024-03-25,119551,SIP,46110,Madhya Pradesh,Bhopal,B30,36-45,Male,50.0,UPI,Verified
INV004116,2024-03-25,118633,SIP,27635,Gujarat,Ahmedabad,T30,36-45,Male,59.4,Cheque,Verified
INV002668,2024-03-25,119551,Lumpsum,142626,Delhi,Gurugram,T30,26-35,Male,9.8,Cheque,Verified
INV003409,2024-03-25,118632,SIP,43864,Karnataka,Mysore,B30,46-55,Male,44.2,Mandate,Verified
INV000623,2024-03-25,119092,Lumpsum,125211,Tamil Nadu,Chennai,T30,46-55,Male,48.9,Cheque,Verified
INV003710,2024-03-25,120844,SIP,10319,Rajasthan,Udaipur,B30,26-35,Male,19.6,Net Banking,Verified
INV003695,2024-03-25,102885,Redemption,354367,Karnataka,Bangalore,T30,36-45,Male,31.0,Cheque,Pending
INV001490,2024-03-25,118634,Lumpsum,35777,Uttar Pradesh,Kanpur,B30,36-45,Female,43.8,Cheque,Verified
INV000511,2024-03-25,149322,SIP,3145,Punjab,Chandigarh,T30,46-55,Male,88.7,UPI,Verified
INV004305,2024-03-25,119094,Lumpsum,443071,Telangana,Hyderabad,T30,36-45,Female,30.1,Mandate,Verified
INV003947,2024-03-25,102885,Redemption,309290,Delhi,Noida,T30,26-35,Male,12.9,Cheque,Pending
INV003570,2024-03-25,101206,SIP,10002,Delhi,New Delhi,T30,26-35,Male,12.3,Net Banking,Verified
INV004875,2024-03-25,120843,Redemption,60836,West Bengal,Kolkata,T30,26-35,Male,25.0,Net Banking,Verified
INV000040,2024-03-25,119094,Lumpsum,236631,Karnataka,Mysore,B30,26-35,Male,14.7,UPI,Verified
INV001724,2024-03-25,119094,Redemption,546722,Madhya Pradesh,Indore,T30,26-35,Female,11.9,Cheque,Verified
INV002177,2024-03-25,118634,Redemption,213979,Haryana,Gurugram,T30,26-35,Male,13.2,Cheque,Verified
INV004137,2024-03-25,119095,SIP,47835,West Bengal,Kolkata,T30,18-25,Female,6.2,Net Banking,Verified
INV003192,2024-03-25,119095,Lumpsum,164734,Uttar Pradesh,Lucknow,T30,26-35,Male,22.2,Net Banking,Verified
INV001940,2024-03-25,120503,Redemption,367264,Delhi,New Delhi,T30,36-45,Male,28.4,UPI,Verified
INV002286,2024-03-25,100025,SIP,9852,Tamil Nadu,Coimbatore,B30,18-25,Male,5.9,UPI,Verified
INV001816,2024-03-25,101206,Lumpsum,123568,Telangana,Hyderabad,T30,26-35,Male,9.0,Mandate,Verified
INV003808,2024-03-25,119551,Redemption,125121,Madhya Pradesh,Bhopal,B30,46-55,Female,62.5,Net Banking,Verified
INV001689,2024-03-25,118636,SIP,5667,Haryana,Faridabad,B30,36-45,Male,40.4,Net Banking,Verified
INV002987,2024-03-25,120504,Lumpsum,429063,West Bengal,Kolkata,T30,18-25,Male,4.4,Cheque,Verified
INV000612,2024-03-25,119598,SIP,3254,Punjab,Amritsar,B30,18-25,Male,6.3,Mandate,Verified
INV000906,2024-03-25,119552,SIP,8824,Maharashtra,Mumbai,T30,26-35,Male,20.7,Net Banking,Verified
INV001921,2024-03-25,120503,SIP,1056,Gujarat,Surat,T30,26-35,Female,13.5,Net Banking,Verified
INV003434,2024-03-25,100016,SIP,490,Gujarat,Surat,T30,18-25,Male,5.9,UPI,Verified
INV004240,2024-03-25,125497,SIP,2947,Maharashtra,Mumbai,T30,18-25,Male,7.1,UPI,Verified
INV004124,2024-03-25,119552,Redemption,406060,Maharashtra,Nashik,B30,56+,Male,76.4,UPI,Verified
INV002689,2024-03-25,118636,Redemption,328185,Madhya Pradesh,Bhopal,B30,26-35,Male,7.4,Net Banking,Verified
INV000463,2024-03-25,118635,Redemption,48688,Gujarat,Ahmedabad,T30,26-35,Male,8.9,Mandate,Verified
INV002494,2024-03-25,101206,SIP,8822,Delhi,Noida,T30,46-55,Male,40.0,Net Banking,Verified
INV002485,2024-03-25,120503,SIP,1116,Karnataka,Mysore,B30,46-55,Female,70.2,Net Banking,Verified
INV003842,2024-03-25,149322,Redemption,380282,Maharashtra,Pune,T30,36-45,Male,34.3,Net Banking,Verified
INV004384,2024-03-25,149324,SIP,52661,Delhi,Noida,T30,26-35,Male,12.1,Net Banking,Verified
INV001583,2024-03-25,120504,Redemption,283134,Delhi,Gurugram,T30,18-25,Male,3.1,Cheque,Verified
INV000278,2024-03-25,118636,SIP,599,Rajasthan,Jaipur,T30,26-35,Male,22.1,UPI,Verified
INV000546,2024-03-25,119094,Redemption,286934,Karnataka,Mysore,B30,26-35,Male,9.5,Mandate,Verified
INV000384,2024-03-25,120842,Redemption,139035,Tamil Nadu,Coimbatore,B30,18-25,Female,6.5,Cheque,Verified
INV000236,2024-03-25,118636,SIP,17905,Karnataka,Bangalore,T30,36-45,Male,26.2,Net Banking,Verified
INV003102,2024-03-25,120505,SIP,11874,Maharashtra,Pune,T30,18-25,Male,4.3,Mandate,Verified
INV000393,2024-03-25,148567,Lumpsum,167086,Maharashtra,Mumbai,T30,36-45,Male,53.1,Cheque,Verified
INV004024,2024-03-25,101207,SIP,540,Telangana,Hyderabad,T30,36-45,Male,23.1,Cheque,Verified
INV001576,2024-03-25,149324,Redemption,445230,Delhi,Noida,T30,46-55,Female,46.5,UPI,Verified
INV003622,2024-03-25,120505,SIP,22445,Telangana,Hyderabad,T30,26-35,Female,11.3,Mandate,Verified
INV001834,2024-03-25,120506,Redemption,271976,Gujarat,Ahmedabad,T30,26-35,Male,11.4,UPI,Verified
INV003065,2024-03-25,119599,SIP,24932,Uttar Pradesh,Kanpur,B30,46-55,Male,27.9,UPI,Verified
INV000585,2024-03-25,118632,Lumpsum,177339,Telangana,Hyderabad,T30,46-55,Female,47.0,Cheque,Verified
INV004407,2024-03-25,119093,SIP,947,Punjab,Chandigarh,T30,18-25,Male,7.7,Mandate,Verified
INV002188,2024-03-25,100016,Lumpsum,138732,Rajasthan,Jaipur,T30,26-35,Male,19.1,Cheque,Verified
INV004706,2024-03-25,119598,Redemption,386414,Punjab,Chandigarh,T30,56+,Male,11.1,Net Banking,Pending
INV001378,2024-03-25,125498,Lumpsum,66781,Delhi,Noida,T30,36-45,Male,21.1,Cheque,Verified
INV001351,2024-03-25,119599,Lumpsum,35299,Uttar Pradesh,Kanpur,B30,26-35,Male,8.5,UPI,Verified
INV001834,2024-03-25,101207,Redemption,58222,Gujarat,Ahmedabad,T30,26-35,Male,11.4,Cheque,Verified
INV000875,2024-03-25,120503,Redemption,402660,Gujarat,Surat,T30,46-55,Female,71.8,Net Banking,Verified
INV003301,2024-03-26,120503,SIP,7801,Rajasthan,Udaipur,B30,26-35,Male,14.2,UPI,Verified
INV001440,2024-03-26,120506,Lumpsum,370105,West Bengal,Kolkata,T30,26-35,Male,11.3,Net Banking,Verified
INV001744,2024-03-26,119120,SIP,2369,Karnataka,Mysore,B30,26-35,Male,15.9,Mandate,Verified
INV003906,2024-03-26,118633,SIP,28905,Haryana,Faridabad,B30,36-45,Male,39.7,Mandate,Verified
INV000204,2024-03-26,101208,Lumpsum,340212,Punjab,Chandigarh,T30,36-45,Male,17.7,Net Banking,Verified
INV001706,2024-03-26,149324,SIP,27774,West Bengal,Kolkata,T30,26-35,Male,14.2,Cheque,Pending
INV003554,2024-03-26,120843,SIP,7161,Rajasthan,Jaipur,T30,26-35,Female,15.6,Net Banking,Verified
INV003772,2024-03-26,102885,SIP,1909,Punjab,Amritsar,B30,18-25,Female,6.8,Cheque,Verified
INV001298,2024-03-26,149324,Lumpsum,303631,Delhi,Gurugram,T30,26-35,Female,24.4,UPI,Verified
INV004640,2024-03-26,100016,SIP,567,Telangana,Hyderabad,T30,36-45,Male,46.5,Net Banking,Verified
INV000460,2024-03-26,119551,Redemption,327258,Delhi,Noida,T30,36-45,Male,47.1,UPI,Verified
INV000128,2024-03-26,100025,Redemption,296030,Rajasthan,Jaipur,T30,36-45,Female,50.9,Mandate,Verified
INV001289,2024-03-26,119598,SIP,54277,Telangana,Hyderabad,T30,36-45,Male,31.3,UPI,Verified
INV002518,2024-03-26,125498,SIP,5614,Karnataka,Bangalore,T30,36-45,Male,39.4,Mandate,Verified
INV001370,2024-03-26,120507,SIP,415,Tamil Nadu,Coimbatore,B30,26-35,Male,7.5,Mandate,Pending
INV003373,2024-03-26,102887,Lumpsum,295159,Gujarat,Surat,T30,56+,Male,62.9,Net Banking,Verified
INV003065,2024-03-26,119120,Lumpsum,165838,Uttar Pradesh,Kanpur,B30,46-55,Male,27.9,UPI,Verified
INV002664,2024-03-26,101206,SIP,1177,Karnataka,Bangalore,T30,26-35,Male,17.3,UPI,Verified
INV001070,2024-03-26,120507,Lumpsum,234680,Tamil Nadu,Coimbatore,B30,26-35,Male,11.9,UPI,Pending
INV003028,2024-03-26,119094,Redemption,74858,Tamil Nadu,Chennai,T30,26-35,Female,12.8,Net Banking,Verified
INV003853,2024-03-26,119094,SIP,15401,Tamil Nadu,Coimbatore,B30,26-35,Male,16.1,Cheque,Verified
INV002590,2024-03-26,120504,SIP,6266,West Bengal,Kolkata,T30,36-45,Male,45.1,UPI,Verified
INV000964,2024-03-26,118634,Redemption,101125,Haryana,Faridabad,B30,26-35,Male,6.7,Net Banking,Verified
INV004131,2024-03-26,120842,SIP,2206,Uttar Pradesh,Kanpur,B30,26-35,Male,10.3,Cheque,Verified
INV002798,2024-03-26,119092,Lumpsum,378691,Tamil Nadu,Coimbatore,B30,26-35,Female,24.5,Mandate,Verified
INV003536,2024-03-26,118635,Lumpsum,86348,Maharashtra,Nashik,B30,36-45,Male,36.9,UPI,Verified
INV003633,2024-03-26,119551,SIP,54884,Madhya Pradesh,Bhopal,B30,26-35,Male,11.8,Cheque,Verified
INV001481,2024-03-26,120505,SIP,6910,Telangana,Hyderabad,T30,26-35,Male,23.4,Cheque,Verified
INV003213,2024-03-26,101206,SIP,4965,Uttar Pradesh,Lucknow,T30,26-35,Male,21.3,UPI,Verified
INV004967,2024-03-26,100033,SIP,1684,Telangana,Hyderabad,T30,26-35,Male,14.3,UPI,Verified
INV003700,2024-03-26,120503,SIP,3322,Maharashtra,Nashik,B30,46-55,Male,42.6,Cheque,Verified
INV002828,2024-03-26,118634,Lumpsum,478764,West Bengal,Kolkata,T30,26-35,Male,21.8,Net Banking,Verified
INV000644,2024-03-26,118632,SIP,498,West Bengal,Kolkata,T30,26-35,Male,9.1,Cheque,Verified
INV002280,2024-03-26,148567,SIP,887,Karnataka,Mysore,B30,18-25,Male,3.5,Mandate,Verified
INV002402,2024-03-26,119551,Redemption,15355,Uttar Pradesh,Lucknow,T30,46-55,Male,55.5,Cheque,Verified
INV003532,2024-03-26,101208,SIP,22359,Punjab,Amritsar,B30,36-45,Female,18.8,Cheque,Pending
INV003680,2024-03-26,100025,Redemption,314050,Karnataka,Mysore,B30,26-35,Male,21.3,Cheque,Verified
INV004233,2024-03-26,101207,Lumpsum,193976,Maharashtra,Nashik,B30,26-35,Female,8.7,Mandate,Verified
INV000370,2024-03-26,120506,SIP,9630,Delhi,Noida,T30,26-35,Female,12.4,Mandate,Verified
INV004542,2024-03-26,120504,Lumpsum,321494,Maharashtra,Pune,T30,36-45,Male,53.7,Mandate,Verified
INV004717,2024-03-26,119095,Lumpsum,195627,Maharashtra,Nashik,B30,36-45,Female,12.6,Mandate,Verified
INV002706,2024-03-26,101206,SIP,14518,Haryana,Faridabad,B30,46-55,Female,22.8,Cheque,Verified
INV001658,2024-03-26,120506,Lumpsum,371156,Rajasthan,Jaipur,T30,36-45,Female,48.4,Cheque,Pending
INV000972,2024-03-26,118635,Lumpsum,113830,Telangana,Hyderabad,T30,18-25,Female,5.9,UPI,Verified
INV000163,2024-03-26,118633,SIP,1920,Uttar Pradesh,Kanpur,B30,46-55,Male,70.4,Mandate,Verified
INV004582,2024-03-26,100033,SIP,8199,Tamil Nadu,Chennai,T30,56+,Male,67.1,Mandate,Verified
INV000252,2024-03-26,118633,SIP,9126,Gujarat,Surat,T30,46-55,Female,24.4,Cheque,Verified
INV000495,2024-03-26,102886,SIP,6423,Gujarat,Surat,T30,26-35,Female,7.6,UPI,Verified
INV003541,2024-03-26,119094,Redemption,325275,Punjab,Chandigarh,T30,26-35,Female,10.5,UPI,Verified
INV004696,2024-03-26,125497,SIP,46088,Tamil Nadu,Coimbatore,B30,46-55,Female,70.2,UPI,Verified
INV004992,2024-03-26,102885,SIP,2481,Rajasthan,Udaipur,B30,26-35,Male,11.1,Mandate,Verified
INV002939,2024-03-26,102887,Lumpsum,163479,Rajasthan,Udaipur,B30,18-25,Male,3.1,UPI,Verified
INV000252,2024-03-26,120505,Redemption,158757,Gujarat,Surat,T30,46-55,Female,24.4,Mandate,Verified
INV003117,2024-03-26,101206,Redemption,265017,Tamil Nadu,Chennai,T30,18-25,Female,6.7,Mandate,Pending
INV001130,2024-03-26,120505,SIP,5713,Rajasthan,Jaipur,T30,18-25,Female,3.2,Net Banking,Verified
INV004763,2024-03-26,120504,Lumpsum,31111,Karnataka,Bangalore,T30,46-55,Female,19.6,Net Banking,Verified
INV002619,2024-03-26,120507,Lumpsum,375359,Gujarat,Ahmedabad,T30,18-25,Male,3.4,Mandate,Verified
INV004407,2024-03-26,102886,Redemption,91767,Punjab,Chandigarh,T30,18-25,Male,7.7,Net Banking,Pending
INV003705,2024-03-26,118635,Lumpsum,412481,Telangana,Hyderabad,T30,26-35,Male,8.0,Net Banking,Verified
INV004276,2024-03-27,119094,Lumpsum,431014,Punjab,Amritsar,B30,26-35,Male,13.4,UPI,Verified
INV002363,2024-03-27,119095,SIP,9886,Punjab,Chandigarh,T30,26-35,Male,12.7,Mandate,Verified
INV000341,2024-03-27,119598,SIP,8789,Delhi,New Delhi,T30,26-35,Male,19.6,Cheque,Verified
INV000044,2024-03-27,120841,Lumpsum,122875,Karnataka,Mysore,B30,36-45,Male,34.9,Net Banking,Verified
INV003647,2024-03-27,149324,SIP,5418,Haryana,Faridabad,B30,56+,Male,57.2,Mandate,Verified
INV002012,2024-03-27,125498,SIP,27236,Telangana,Hyderabad,T30,36-45,Male,38.4,UPI,Verified
INV003344,2024-03-27,119092,SIP,5880,Haryana,Gurugram,T30,36-45,Female,52.5,Mandate,Verified
INV003525,2024-03-27,149324,Redemption,223094,Karnataka,Mysore,B30,36-45,Male,36.1,UPI,Verified
INV003338,2024-03-27,119092,Redemption,410003,Haryana,Faridabad,B30,46-55,Male,69.2,Mandate,Verified
INV000699,2024-03-27,120504,SIP,17918,Rajasthan,Jaipur,T30,18-25,Male,7.7,Mandate,Verified
INV000319,2024-03-27,118636,SIP,1105,Maharashtra,Mumbai,T30,56+,Male,74.8,Net Banking,Verified
INV002466,2024-03-27,118633,SIP,2823,Madhya Pradesh,Indore,T30,36-45,Male,36.9,Mandate,Verified
INV002008,2024-03-27,148568,SIP,24705,Haryana,Gurugram,T30,46-55,Male,83.3,Cheque,Verified
INV001709,2024-03-27,120505,SIP,960,Delhi,New Delhi,T30,36-45,Male,55.9,Mandate,Pending
INV003580,2024-03-27,120505,SIP,8139,Gujarat,Ahmedabad,T30,26-35,Male,22.5,Cheque,Verified
INV000146,2024-03-27,148569,SIP,4509,Delhi,Gurugram,T30,26-35,Male,14.1,Net Banking,Verified
INV000909,2024-03-27,101207,Redemption,306280,Haryana,Gurugram,T30,46-55,Female,92.6,Mandate,Verified
INV002001,2024-03-27,119094,SIP,2488,Uttar Pradesh,Kanpur,B30,36-45,Female,38.4,UPI,Verified
INV001437,2024-03-27,119551,Lumpsum,45740,Maharashtra,Nashik,B30,26-35,Female,14.3,Cheque,Verified
INV000454,2024-03-27,101208,Redemption,46212,Uttar Pradesh,Lucknow,T30,18-25,Female,6.6,Mandate,Verified
INV003531,2024-03-27,100033,Lumpsum,396463,Delhi,Gurugram,T30,36-45,Male,41.9,Net Banking,Verified
INV003101,2024-03-27,148567,SIP,10637,Tamil Nadu,Chennai,T30,26-35,Female,24.8,Cheque,Verified
INV000210,2024-03-27,125498,Lumpsum,421858,Rajasthan,Jaipur,T30,26-35,Male,9.1,UPI,Verified
INV000593,2024-03-27,119092,SIP,4587,Telangana,Hyderabad,T30,56+,Male,50.2,Cheque,Verified
INV004364,2024-03-27,119092,Lumpsum,364118,West Bengal,Kolkata,T30,36-45,Male,30.6,Net Banking,Verified
INV000344,2024-03-27,118632,Lumpsum,542423,Madhya Pradesh,Bhopal,B30,36-45,Male,56.7,Cheque,Verified
INV003045,2024-03-27,148567,Lumpsum,270668,Telangana,Hyderabad,T30,26-35,Male,12.2,Cheque,Verified
INV004914,2024-03-27,118635,Lumpsum,484880,Karnataka,Mysore,B30,26-35,Female,13.4,Mandate,Verified
INV000131,2024-03-27,119551,Lumpsum,325259,Telangana,Hyderabad,T30,36-45,Female,16.8,Mandate,Verified
INV001363,2024-03-27,120842,SIP,10843,Karnataka,Mysore,B30,56+,Male,29.4,UPI,Verified
INV001923,2024-03-27,120504,SIP,2954,Gujarat,Surat,T30,18-25,Female,4.0,UPI,Verified
INV001783,2024-03-27,149324,Redemption,509091,Madhya Pradesh,Bhopal,B30,36-45,Female,52.6,Cheque,Verified
INV001531,2024-03-27,120507,Lumpsum,299018,Haryana,Gurugram,T30,26-35,Female,14.8,Cheque,Pending
INV004237,2024-03-27,119095,Lumpsum,330484,Haryana,Faridabad,B30,36-45,Male,14.1,Mandate,Verified
INV000439,2024-03-27,102886,Lumpsum,79874,Rajasthan,Udaipur,B30,56+,Male,23.4,UPI,Verified
INV003366,2024-03-27,118633,SIP,1866,Madhya Pradesh,Bhopal,B30,18-25,Male,3.3,Mandate,Verified
INV001291,2024-03-27,120504,SIP,499,Uttar Pradesh,Lucknow,T30,46-55,Male,89.1,UPI,Verified
INV003648,2024-03-27,119551,SIP,1669,Haryana,Faridabad,B30,46-55,Male,74.1,UPI,Verified
INV001183,2024-03-27,120504,SIP,1837,West Bengal,Kolkata,T30,46-55,Male,79.9,Mandate,Verified
INV004229,2024-03-27,120507,SIP,7030,Telangana,Hyderabad,T30,36-45,Female,59.1,Net Banking,Verified
INV002750,2024-03-27,120506,SIP,24386,Madhya Pradesh,Bhopal,B30,36-45,Male,41.8,UPI,Verified
INV003320,2024-03-27,102885,Lumpsum,503828,Tamil Nadu,Coimbatore,B30,56+,Male,73.7,UPI,Verified
INV003016,2024-03-27,100016,SIP,6880,Madhya Pradesh,Bhopal,B30,26-35,Male,12.7,Mandate,Verified
INV000545,2024-03-27,120507,SIP,22309,Telangana,Hyderabad,T30,26-35,Male,23.6,Mandate,Pending
INV000048,2024-03-27,120507,SIP,7116,Rajasthan,Jaipur,T30,36-45,Female,15.0,Mandate,Verified
INV000426,2024-03-27,120505,Lumpsum,346952,West Bengal,Kolkata,T30,18-25,Male,3.6,Net Banking,Pending
INV001238,2024-03-27,149324,SIP,820,Haryana,Gurugram,T30,26-35,Male,17.9,Mandate,Verified
INV000512,2024-03-27,120505,SIP,4441,Punjab,Amritsar,B30,46-55,Male,82.6,UPI,Verified
INV000754,2024-03-27,118632,SIP,1144,West Bengal,Kolkata,T30,26-35,Male,8.0,UPI,Verified
INV004151,2024-03-27,119095,SIP,2471,Karnataka,Mysore,B30,26-35,Male,21.6,Net Banking,Verified
INV000014,2024-03-27,101206,SIP,5964,Tamil Nadu,Chennai,T30,18-25,Male,4.3,Net Banking,Verified
INV003359,2024-03-27,120842,Redemption,10158,Gujarat,Ahmedabad,T30,26-35,Male,18.4,Cheque,Verified
INV002600,2024-03-27,120842,Lumpsum,240977,Madhya Pradesh,Bhopal,B30,36-45,Female,54.1,Net Banking,Verified
INV002327,2024-03-27,119093,SIP,1975,Punjab,Amritsar,B30,26-35,Male,7.0,Net Banking,Verified
INV000608,2024-03-27,119092,SIP,11829,Haryana,Gurugram,T30,46-55,Male,83.5,UPI,Verified
INV004364,2024-03-27,101207,SIP,8129,West Bengal,Kolkata,T30,36-45,Male,30.6,UPI,Verified
INV000326,2024-03-27,149324,Lumpsum,462338,Madhya Pradesh,Bhopal,B30,26-35,Female,11.0,Cheque,Verified
INV004808,2024-03-27,120842,Lumpsum,95362,Uttar Pradesh,Kanpur,B30,36-45,Male,47.0,UPI,Verified
INV000652,2024-03-27,101207,Lumpsum,80931,Delhi,Gurugram,T30,26-35,Male,8.0,Net Banking,Verified
INV000012,2024-03-27,120844,SIP,5553,Uttar Pradesh,Kanpur,B30,46-55,Male,51.6,UPI,Verified
INV004834,2024-03-27,125498,SIP,29083,Delhi,New Delhi,T30,26-35,Male,20.0,Mandate,Verified
INV004360,2024-03-27,119552,Lumpsum,158758,Madhya Pradesh,Bhopal,B30,26-35,Female,15.9,UPI,Verified
INV003124,2024-03-27,119092,SIP,2675,West Bengal,Kolkata,T30,36-45,Male,28.8,Cheque,Verified
INV000047,2024-03-27,102887,SIP,4916,Haryana,Faridabad,B30,36-45,Male,23.6,UPI,Verified
INV002804,2024-03-27,149322,SIP,448,Madhya Pradesh,Indore,T30,36-45,Male,39.9,Cheque,Verified
INV002294,2024-03-28,149324,Lumpsum,231639,Haryana,Gurugram,T30,26-35,Male,22.3,Mandate,Verified
INV000576,2024-03-28,119093,Lumpsum,50946,Delhi,New Delhi,T30,46-55,Male,79.7,Mandate,Verified
INV000947,2024-03-28,148569,Redemption,402049,Delhi,Noida,T30,26-35,Male,11.0,Net Banking,Verified
INV003404,2024-03-28,119599,Lumpsum,34015,Tamil Nadu,Chennai,T30,36-45,Male,26.8,Net Banking,Verified
INV001721,2024-03-28,120844,SIP,2945,Punjab,Amritsar,B30,26-35,Male,10.8,Net Banking,Verified
INV001956,2024-03-28,120504,Lumpsum,25993,Rajasthan,Jaipur,T30,26-35,Male,22.1,Net Banking,Pending
INV001958,2024-03-28,120844,Lumpsum,189182,Gujarat,Surat,T30,36-45,Male,57.7,Cheque,Verified
INV002091,2024-03-28,100025,SIP,534,Karnataka,Bangalore,T30,18-25,Male,6.5,Mandate,Verified
INV002809,2024-03-28,118632,SIP,2179,Uttar Pradesh,Agra,B30,36-45,Male,48.6,Mandate,Verified
INV001998,2024-03-28,102885,SIP,533,Haryana,Faridabad,B30,26-35,Male,19.2,Mandate,Verified
INV002197,2024-03-28,118634,SIP,2977,Delhi,Noida,T30,18-25,Male,6.3,UPI,Verified
INV004797,2024-03-28,102887,SIP,2213,Gujarat,Ahmedabad,T30,56+,Male,18.9,Cheque,Verified
INV002211,2024-03-28,149323,SIP,4388,Gujarat,Surat,T30,26-35,Male,11.3,Mandate,Verified
INV000622,2024-03-28,101208,SIP,8241,Haryana,Faridabad,B30,26-35,Male,18.0,UPI,Pending
INV001400,2024-03-28,120504,SIP,29552,Tamil Nadu,Coimbatore,B30,36-45,Male,36.5,Mandate,Verified
INV002107,2024-03-28,119092,SIP,17920,Telangana,Hyderabad,T30,26-35,Male,18.2,UPI,Verified
INV002571,2024-03-28,118634,SIP,2828,Delhi,New Delhi,T30,36-45,Female,32.1,Cheque,Verified
INV000929,2024-03-28,148568,SIP,59602,West Bengal,Kolkata,T30,36-45,Female,27.7,Cheque,Verified
INV003223,2024-03-28,102886,SIP,8829,Tamil Nadu,Coimbatore,B30,26-35,Male,15.4,Net Banking,Verified
INV003310,2024-03-28,119095,Lumpsum,355947,Telangana,Hyderabad,T30,26-35,Male,8.0,Mandate,Verified
INV003591,2024-03-28,119095,SIP,539,Haryana,Faridabad,B30,26-35,Female,8.8,Cheque,Verified
INV000175,2024-03-28,120505,Lumpsum,19687,Karnataka,Bangalore,T30,26-35,Male,17.3,UPI,Verified
INV000830,2024-03-28,148569,Lumpsum,226790,Tamil Nadu,Chennai,T30,36-45,Female,43.0,Cheque,Verified
INV000926,2024-03-28,101208,SIP,41870,Delhi,New Delhi,T30,36-45,Male,46.1,Net Banking,Verified
INV002913,2024-03-28,148568,Lumpsum,225718,Delhi,New Delhi,T30,56+,Male,28.5,Mandate,Verified
INV001402,2024-03-28,120841,SIP,6076,Tamil Nadu,Chennai,T30,26-35,Male,15.2,Cheque,Verified
INV000908,2024-03-28,119093,SIP,9967,Karnataka,Mysore,B30,26-35,Male,11.3,UPI,Verified
INV000038,2024-03-28,120844,Lumpsum,437237,West Bengal,Kolkata,T30,56+,Female,22.4,UPI,Verified
INV002838,2024-03-28,100025,SIP,1824,West Bengal,Kolkata,T30,56+,Female,71.9,Net Banking,Verified
INV004505,2024-03-28,102886,Redemption,41023,Punjab,Amritsar,B30,26-35,Male,7.8,Net Banking,Verified
INV002295,2024-03-28,120843,Lumpsum,451159,Telangana,Hyderabad,T30,26-35,Female,17.9,UPI,Verified
INV003892,2024-03-28,100025,SIP,2494,Punjab,Amritsar,B30,46-55,Male,24.4,Net Banking,Verified
INV000609,2024-03-28,118632,SIP,802,Tamil Nadu,Coimbatore,B30,18-25,Male,3.9,Net Banking,Pending
INV004087,2024-03-28,118635,Lumpsum,20474,Uttar Pradesh,Lucknow,T30,18-25,Male,5.5,Net Banking,Verified
INV001304,2024-03-28,118632,Lumpsum,68368,Gujarat,Ahmedabad,T30,26-35,Male,21.8,UPI,Verified
INV003085,2024-03-28,119598,Lumpsum,105183,Delhi,Gurugram,T30,36-45,Female,29.2,UPI,Verified
INV002351,2024-03-28,148568,Lumpsum,7313,Gujarat,Ahmedabad,T30,36-45,Male,18.9,Net Banking,Verified
INV002011,2024-03-28,120507,SIP,13083,Tamil Nadu,Chennai,T30,36-45,Male,41.1,Net Banking,Verified
INV001463,2024-03-28,100016,SIP,587,Maharashtra,Nashik,B30,36-45,Male,54.5,Net Banking,Verified
INV002304,2024-03-28,118635,SIP,1138,Karnataka,Mysore,B30,46-55,Male,57.7,Net Banking,Verified
INV001629,2024-03-28,120507,SIP,2899,Madhya Pradesh,Indore,T30,26-35,Male,15.0,UPI,Verified
INV004739,2024-03-28,120507,SIP,5801,Delhi,Gurugram,T30,18-25,Male,3.2,UPI,Verified
INV000775,2024-03-28,120844,Redemption,321426,Gujarat,Surat,T30,26-35,Male,15.1,Mandate,Verified
INV001501,2024-03-28,120842,SIP,9224,Punjab,Amritsar,B30,26-35,Male,11.3,Cheque,Verified
INV003602,2024-03-28,120505,Lumpsum,183625,Maharashtra,Nashik,B30,46-55,Male,75.4,UPI,Verified
INV001832,2024-03-28,119095,SIP,6086,Punjab,Chandigarh,T30,18-25,Male,3.8,Cheque,Verified
INV000123,2024-03-28,118632,SIP,52944,Punjab,Chandigarh,T30,46-55,Male,73.3,UPI,Verified
INV001590,2024-03-28,120505,SIP,8474,Rajasthan,Jaipur,T30,36-45,Male,46.1,Net Banking,Verified
INV004270,2024-03-28,119094,SIP,2509,Rajasthan,Udaipur,B30,18-25,Male,5.7,Cheque,Verified
INV001823,2024-03-28,118632,Redemption,469545,Tamil Nadu,Coimbatore,B30,26-35,Male,17.1,Mandate,Verified
INV001287,2024-03-28,101208,Redemption,194555,Telangana,Hyderabad,T30,36-45,Female,19.1,Net Banking,Verified
INV002367,2024-03-28,148567,Redemption,314930,Telangana,Hyderabad,T30,26-35,Male,13.9,Cheque,Verified
INV000071,2024-03-28,148569,SIP,15285,Madhya Pradesh,Bhopal,B30,26-35,Female,18.2,Mandate,Verified
INV003020,2024-03-28,149322,SIP,24919,Delhi,Gurugram,T30,56+,Male,77.6,Net Banking,Verified
INV001837,2024-03-28,118633,SIP,21785,Uttar Pradesh,Agra,B30,18-25,Male,5.5,Cheque,Pending
INV003377,2024-03-28,148567,Lumpsum,241259,Uttar Pradesh,Agra,B30,36-45,Male,53.9,Mandate,Verified
INV002375,2024-03-28,119598,SIP,2677,Haryana,Gurugram,T30,46-55,Male,64.0,Mandate,Verified
INV004716,2024-03-28,119120,SIP,544,Telangana,Hyderabad,T30,18-25,Male,5.4,UPI,Verified
INV003737,2024-03-28,101206,Lumpsum,166202,Punjab,Chandigarh,T30,18-25,Male,4.4,Cheque,Verified
INV004365,2024-03-28,118632,SIP,28188,Delhi,Gurugram,T30,26-35,Male,19.4,Mandate,Verified
INV000134,2024-03-28,118636,SIP,1057,Punjab,Chandigarh,T30,36-45,Female,50.2,Net Banking,Pending
INV001238,2024-03-29,148569,SIP,27881,Haryana,Gurugram,T30,26-35,Male,17.9,Cheque,Verified
INV001230,2024-03-29,101208,SIP,23778,Gujarat,Surat,T30,46-55,Male,96.9,Mandate,Verified
INV000751,2024-03-29,118635,SIP,4682,Uttar Pradesh,Kanpur,B30,36-45,Male,17.7,Net Banking,Verified
INV000957,2024-03-29,102887,Redemption,453579,Madhya Pradesh,Bhopal,B30,36-45,Male,38.2,UPI,Verified
INV002182,2024-03-29,125498,SIP,54671,Madhya Pradesh,Bhopal,B30,36-45,Male,54.3,Net Banking,Verified
INV003215,2024-03-29,102886,SIP,2537,Gujarat,Surat,T30,26-35,Female,20.9,Mandate,Verified
INV003120,2024-03-29,119095,Redemption,288390,Punjab,Amritsar,B30,26-35,Male,19.1,Net Banking,Verified
INV002796,2024-03-29,149324,Lumpsum,188140,Telangana,Hyderabad,T30,36-45,Male,48.8,UPI,Verified
INV004119,2024-03-29,120506,SIP,59518,Uttar Pradesh,Kanpur,B30,26-35,Female,13.0,Cheque,Verified
INV004271,2024-03-29,120844,SIP,21575,Maharashtra,Mumbai,T30,18-25,Male,3.2,Mandate,Verified
INV004654,2024-03-29,125498,SIP,26737,Haryana,Gurugram,T30,46-55,Female,95.0,Net Banking,Verified
INV003929,2024-03-29,102887,Lumpsum,289624,Uttar Pradesh,Agra,B30,56+,Male,28.0,Mandate,Verified
INV001646,2024-03-29,100016,SIP,2236,Karnataka,Bangalore,T30,26-35,Male,18.9,Mandate,Verified
INV001195,2024-03-29,101208,SIP,42054,Gujarat,Surat,T30,26-35,Male,6.4,Net Banking,Verified
INV000349,2024-03-29,120506,Lumpsum,316971,Maharashtra,Mumbai,T30,18-25,Female,3.8,Cheque,Pending
INV002119,2024-03-29,148567,SIP,6776,Tamil Nadu,Coimbatore,B30,26-35,Female,11.8,Cheque,Verified
INV002566,2024-03-29,118636,Lumpsum,12414,Uttar Pradesh,Kanpur,B30,26-35,Female,23.0,Net Banking,Verified
INV004118,2024-03-29,119599,Lumpsum,396232,Punjab,Chandigarh,T30,36-45,Male,26.2,Cheque,Verified
INV004735,2024-03-29,118636,Lumpsum,417238,Uttar Pradesh,Kanpur,B30,36-45,Male,19.2,Net Banking,Verified
INV004163,2024-03-29,120506,Lumpsum,183031,Uttar Pradesh,Agra,B30,46-55,Male,96.4,Cheque,Verified
INV001299,2024-03-29,101208,SIP,8374,Haryana,Faridabad,B30,26-35,Male,19.9,Net Banking,Verified
INV000205,2024-03-29,100033,SIP,7479,Haryana,Faridabad,B30,18-25,Male,4.4,Net Banking,Pending
INV002422,2024-03-29,120844,Lumpsum,318873,Tamil Nadu,Chennai,T30,36-45,Male,20.5,UPI,Verified
INV000263,2024-03-29,119092,SIP,11036,Madhya Pradesh,Bhopal,B30,56+,Male,21.8,Cheque,Verified
INV002511,2024-03-29,148568,SIP,4132,Rajasthan,Jaipur,T30,36-45,Male,45.5,Mandate,Verified
INV001595,2024-03-29,100016,Lumpsum,157424,Gujarat,Ahmedabad,T30,56+,Male,78.5,Mandate,Verified
INV002454,2024-03-29,118634,Lumpsum,208754,Uttar Pradesh,Agra,B30,36-45,Male,37.5,Mandate,Verified
INV002097,2024-03-29,120842,SIP,17656,Uttar Pradesh,Agra,B30,46-55,Male,64.5,Mandate,Verified
INV004212,2024-03-29,100016,SIP,1124,Uttar Pradesh,Kanpur,B30,36-45,Male,41.5,Cheque,Verified
INV001712,2024-03-29,119120,SIP,9278,West Bengal,Kolkata,T30,18-25,Male,6.2,Cheque,Verified
INV000071,2024-03-29,125497,SIP,46027,Madhya Pradesh,Bhopal,B30,26-35,Female,18.2,Mandate,Verified
INV004489,2024-03-29,120505,Lumpsum,71706,Haryana,Faridabad,B30,26-35,Male,15.2,Mandate,Pending
INV003554,2024-03-29,120506,Lumpsum,222146,Rajasthan,Jaipur,T30,26-35,Female,15.6,Mandate,Verified
INV003097,2024-03-29,125498,SIP,53466,Punjab,Chandigarh,T30,26-35,Male,21.5,UPI,Verified
INV000575,2024-03-29,101207,SIP,598,Punjab,Amritsar,B30,26-35,Female,16.4,Net Banking,Verified
INV001944,2024-03-29,118635,SIP,13781,Telangana,Hyderabad,T30,18-25,Male,4.4,Net Banking,Verified
INV003767,2024-03-29,119093,SIP,20116,Madhya Pradesh,Bhopal,B30,36-45,Female,13.6,Net Banking,Verified
INV003190,2024-03-29,149322,SIP,43331,Punjab,Chandigarh,T30,26-35,Female,19.6,UPI,Verified
INV003084,2024-03-29,102887,SIP,13059,Haryana,Gurugram,T30,18-25,Female,6.3,Mandate,Verified
INV001021,2024-03-29,118633,SIP,4178,Maharashtra,Mumbai,T30,56+,Male,50.5,Net Banking,Verified
INV003526,2024-03-29,148567,Lumpsum,253844,Maharashtra,Nashik,B30,36-45,Male,24.2,Mandate,Verified
INV004223,2024-03-29,119120,Lumpsum,174197,Uttar Pradesh,Agra,B30,36-45,Female,49.3,Cheque,Verified
INV003342,2024-03-29,125498,Lumpsum,113877,Tamil Nadu,Chennai,T30,56+,Male,32.8,Mandate,Verified
INV003735,2024-03-29,125498,SIP,2745,Gujarat,Ahmedabad,T30,36-45,Female,13.9,Cheque,Verified
INV002705,2024-03-29,119095,Lumpsum,409342,Uttar Pradesh,Lucknow,T30,46-55,Female,90.6,Cheque,Pending
INV002687,2024-03-29,102887,SIP,863,Delhi,New Delhi,T30,36-45,Male,25.9,UPI,Verified
INV004962,2024-03-29,149324,SIP,2779,Uttar Pradesh,Agra,B30,18-25,Male,6.7,UPI,Verified
INV002262,2024-03-29,120506,Redemption,260934,Rajasthan,Udaipur,B30,26-35,Male,8.2,Cheque,Verified
INV001208,2024-03-29,120506,SIP,423,Gujarat,Ahmedabad,T30,56+,Male,18.7,UPI,Verified
INV001067,2024-03-29,119598,SIP,938,Haryana,Gurugram,T30,26-35,Male,16.6,Mandate,Verified
INV002087,2024-03-29,118635,SIP,40054,Delhi,Gurugram,T30,26-35,Male,24.8,UPI,Verified
INV002585,2024-03-29,102887,SIP,7875,Uttar Pradesh,Lucknow,T30,18-25,Male,3.2,Net Banking,Verified
INV001462,2024-03-29,118633,Redemption,331654,Gujarat,Surat,T30,26-35,Male,19.4,Mandate,Verified
INV003769,2024-03-29,101207,Lumpsum,45958,Gujarat,Ahmedabad,T30,46-55,Female,74.8,UPI,Verified
INV003555,2024-03-29,119551,SIP,9892,Karnataka,Mysore,B30,26-35,Male,18.6,Net Banking,Verified
INV001192,2024-03-29,118635,Redemption,258677,Telangana,Hyderabad,T30,26-35,Male,8.1,Net Banking,Verified
INV001387,2024-03-29,102887,SIP,16308,Tamil Nadu,Chennai,T30,36-45,Male,37.4,Cheque,Verified
INV000002,2024-03-29,149322,SIP,2830,Maharashtra,Pune,T30,46-55,Male,24.0,Mandate,Verified
INV002734,2024-03-29,101206,SIP,405,Haryana,Faridabad,B30,26-35,Female,15.8,Mandate,Verified
INV003655,2024-03-29,119093,SIP,25371,Madhya Pradesh,Bhopal,B30,36-45,Female,24.9,Mandate,Verified
INV003809,2024-03-29,119120,SIP,1100,Tamil Nadu,Coimbatore,B30,36-45,Male,45.3,Cheque,Verified
INV001945,2024-03-29,102885,Redemption,419654,Gujarat,Ahmedabad,T30,26-35,Male,8.0,Mandate,Verified
INV001828,2024-03-30,100016,SIP,22118,Gujarat,Surat,T30,36-45,Male,27.7,Net Banking,Verified
INV004608,2024-03-30,100025,Redemption,425012,Karnataka,Bangalore,T30,26-35,Female,23.3,Net Banking,Verified
INV001660,2024-03-30,119095,SIP,8688,Karnataka,Bangalore,T30,18-25,Female,6.4,Mandate,Verified
INV002420,2024-03-30,120504,SIP,24322,Karnataka,Mysore,B30,26-35,Female,6.4,Net Banking,Verified
INV004189,2024-03-30,120843,SIP,21871,Tamil Nadu,Coimbatore,B30,26-35,Male,23.1,Net Banking,Verified
INV002315,2024-03-30,100025,SIP,577,Haryana,Faridabad,B30,18-25,Male,6.4,UPI,Verified
INV000707,2024-03-30,119551,Redemption,343246,Karnataka,Mysore,B30,36-45,Female,46.6,Net Banking,Verified
INV000947,2024-03-30,100016,Lumpsum,378804,Delhi,Noida,T30,26-35,Male,11.0,UPI,Verified
INV002738,2024-03-30,102885,SIP,41003,Haryana,Faridabad,B30,36-45,Male,38.7,Cheque,Verified
INV000759,2024-03-30,120507,Redemption,417436,Gujarat,Ahmedabad,T30,26-35,Male,7.6,Cheque,Verified
INV003815,2024-03-30,120844,SIP,5395,Gujarat,Surat,T30,36-45,Male,38.7,UPI,Verified
INV003795,2024-03-30,120842,SIP,11364,West Bengal,Kolkata,T30,18-25,Male,7.6,Cheque,Verified
INV004264,2024-03-30,119551,Lumpsum,47545,Gujarat,Ahmedabad,T30,36-45,Female,45.2,UPI,Verified
INV004352,2024-03-30,148569,Redemption,51242,Punjab,Chandigarh,T30,18-25,Female,5.8,Cheque,Verified
INV001441,2024-03-30,118632,SIP,5014,Karnataka,Mysore,B30,36-45,Male,56.6,Net Banking,Verified
INV000108,2024-03-30,148567,Lumpsum,384678,Uttar Pradesh,Agra,B30,36-45,Male,26.2,Cheque,Verified
INV004345,2024-03-30,102886,Lumpsum,105727,West Bengal,Kolkata,T30,36-45,Female,33.3,UPI,Verified
INV002051,2024-03-30,120843,SIP,487,Gujarat,Ahmedabad,T30,46-55,Female,56.2,Cheque,Verified
INV003958,2024-03-30,101208,Redemption,203714,Haryana,Faridabad,B30,18-25,Male,6.6,Cheque,Verified
INV001760,2024-03-30,102885,SIP,14337,Haryana,Faridabad,B30,46-55,Male,77.0,Cheque,Verified
INV001326,2024-03-30,119094,Lumpsum,209726,Rajasthan,Udaipur,B30,46-55,Male,54.9,Mandate,Pending
INV000049,2024-03-30,102885,SIP,14874,Maharashtra,Nashik,B30,36-45,Male,23.8,Mandate,Verified
INV002932,2024-03-30,148569,Redemption,493483,Haryana,Gurugram,T30,36-45,Female,28.4,Net Banking,Verified
INV004258,2024-03-30,119120,SIP,8977,Gujarat,Ahmedabad,T30,36-45,Male,56.6,Cheque,Verified
INV004202,2024-03-30,102886,SIP,4991,West Bengal,Kolkata,T30,36-45,Female,56.9,Net Banking,Verified
INV003460,2024-03-30,148567,Redemption,168435,Delhi,New Delhi,T30,26-35,Male,14.6,Mandate,Verified
INV001250,2024-03-30,120504,SIP,3113,Rajasthan,Udaipur,B30,26-35,Male,25.0,Cheque,Verified
INV001672,2024-03-30,100016,SIP,4818,Maharashtra,Pune,T30,18-25,Male,5.4,Net Banking,Pending
INV003147,2024-03-30,120841,Redemption,41536,West Bengal,Kolkata,T30,26-35,Male,18.9,Cheque,Verified
INV000165,2024-03-30,119095,SIP,2305,Punjab,Chandigarh,T30,36-45,Female,18.8,Mandate,Verified
INV003964,2024-03-30,118635,Redemption,433820,Punjab,Chandigarh,T30,26-35,Male,16.7,Mandate,Verified
INV001565,2024-03-30,118635,Lumpsum,250405,West Bengal,Kolkata,T30,26-35,Female,7.7,Cheque,Verified
INV004324,2024-03-30,118635,Redemption,306017,Madhya Pradesh,Indore,T30,36-45,Male,42.4,UPI,Verified
INV003247,2024-03-30,101207,SIP,2443,Madhya Pradesh,Indore,T30,46-55,Female,93.1,Net Banking,Verified
INV002191,2024-03-30,120841,SIP,45906,West Bengal,Kolkata,T30,26-35,Male,9.0,Cheque,Verified
INV001947,2024-03-30,102887,SIP,2015,Maharashtra,Pune,T30,36-45,Male,43.4,Mandate,Verified
INV002635,2024-03-30,148569,Lumpsum,439656,Telangana,Hyderabad,T30,18-25,Male,3.8,Net Banking,Verified
INV002557,2024-03-30,119599,SIP,21573,West Bengal,Kolkata,T30,26-35,Female,18.2,UPI,Verified
INV003779,2024-03-30,120841,SIP,2424,Delhi,New Delhi,T30,26-35,Male,21.9,Net Banking,Verified
INV003676,2024-03-30,102886,Lumpsum,6053,Maharashtra,Pune,T30,26-35,Male,11.8,Cheque,Verified
INV004870,2024-03-30,119092,Redemption,451995,Punjab,Amritsar,B30,46-55,Male,65.9,Cheque,Verified
INV001773,2024-03-30,100025,SIP,8484,Punjab,Chandigarh,T30,26-35,Male,21.4,UPI,Verified
INV003449,2024-03-30,102887,Redemption,338316,Gujarat,Ahmedabad,T30,56+,Male,10.0,Net Banking,Verified
INV002659,2024-03-30,102885,Redemption,228187,Madhya Pradesh,Bhopal,B30,36-45,Female,56.5,Cheque,Verified
INV002735,2024-03-30,119093,Redemption,143696,Tamil Nadu,Coimbatore,B30,18-25,Female,7.6,Mandate,Verified
INV002625,2024-03-30,119092,SIP,2630,Karnataka,Bangalore,T30,46-55,Female,99.3,Cheque,Verified
INV004804,2024-03-30,149322,Redemption,278916,Maharashtra,Mumbai,T30,36-45,Male,44.1,Cheque,Verified
INV001168,2024-03-30,119092,SIP,23984,West Bengal,Kolkata,T30,46-55,Male,50.9,Net Banking,Verified
INV001937,2024-03-30,148567,SIP,10643,Haryana,Gurugram,T30,18-25,Male,7.8,Mandate,Verified
INV000415,2024-03-30,119120,SIP,3458,Maharashtra,Pune,T30,36-45,Female,20.3,Mandate,Verified
INV001399,2024-03-30,118633,Redemption,29084,Delhi,New Delhi,T30,26-35,Female,16.4,Net Banking,Verified
INV002387,2024-03-30,119095,Redemption,61526,Telangana,Hyderabad,T30,26-35,Male,13.1,UPI,Verified
INV004828,2024-03-30,101207,Lumpsum,59100,Gujarat,Surat,T30,56+,Female,58.3,Mandate,Verified
INV004451,2024-03-30,149324,SIP,8083,Madhya Pradesh,Bhopal,B30,56+,Male,78.6,Cheque,Verified
INV000469,2024-03-30,149323,SIP,1621,Tamil Nadu,Coimbatore,B30,18-25,Male,4.7,Cheque,Verified
INV003534,2024-03-30,120842,SIP,4210,Madhya Pradesh,Indore,T30,46-55,Male,75.7,UPI,Verified
INV004434,2024-03-30,119551,SIP,7940,Gujarat,Surat,T30,46-55,Male,17.7,Net Banking,Verified
INV001350,2024-03-30,120844,SIP,41596,Madhya Pradesh,Bhopal,B30,46-55,Female,31.7,Mandate,Verified
INV003403,2024-03-30,120505,SIP,2674,Madhya Pradesh,Bhopal,B30,18-25,Male,6.3,UPI,Verified
INV002737,2024-03-30,149324,SIP,434,Gujarat,Ahmedabad,T30,18-25,Female,5.4,Net Banking,Verified
INV002061,2024-03-30,120507,SIP,5610,West Bengal,Kolkata,T30,26-35,Male,14.2,Cheque,Verified
INV004308,2024-03-30,120844,Lumpsum,235684,Gujarat,Surat,T30,26-35,Female,11.1,Mandate,Verified
INV003334,2024-03-30,102885,Lumpsum,324038,Maharashtra,Pune,T30,56+,Male,25.2,Mandate,Verified
INV004281,2024-03-30,120843,SIP,5663,Rajasthan,Jaipur,T30,26-35,Female,15.9,Mandate,Verified
INV001180,2024-03-30,100025,SIP,20176,Telangana,Hyderabad,T30,26-35,Male,10.5,Mandate,Verified
INV002702,2024-03-30,102885,Lumpsum,166526,Punjab,Chandigarh,T30,36-45,Male,25.4,UPI,Verified
INV001614,2024-03-30,100033,SIP,993,Punjab,Amritsar,B30,18-25,Male,4.6,Net Banking,Verified
INV004574,2024-03-30,119598,SIP,27547,Maharashtra,Mumbai,T30,36-45,Male,54.3,Cheque,Verified
INV004829,2024-03-30,148569,SIP,589,Madhya Pradesh,Indore,T30,26-35,Male,21.8,Mandate,Verified
INV003840,2024-03-30,119095,SIP,3583,Rajasthan,Jaipur,T30,36-45,Male,54.6,Net Banking,Verified
INV003692,2024-03-30,120843,SIP,4375,Uttar Pradesh,Lucknow,T30,26-35,Male,23.1,Cheque,Verified
INV001462,2024-03-31,100016,SIP,2511,Gujarat,Surat,T30,26-35,Male,19.4,UPI,Verified
INV003647,2024-03-31,119120,Lumpsum,362563,Haryana,Faridabad,B30,56+,Male,57.2,Cheque,Verified
INV003558,2024-03-31,119598,SIP,9246,Uttar Pradesh,Lucknow,T30,18-25,Male,6.1,Mandate,Verified
INV000340,2024-03-31,120507,SIP,1647,Delhi,Gurugram,T30,26-35,Female,21.4,Mandate,Verified
INV001369,2024-03-31,119599,Lumpsum,350145,Gujarat,Ahmedabad,T30,46-55,Male,83.8,UPI,Verified
INV000052,2024-03-31,119120,SIP,4335,Tamil Nadu,Coimbatore,B30,26-35,Male,19.1,Mandate,Verified
INV003608,2024-03-31,101207,SIP,8928,West Bengal,Kolkata,T30,46-55,Male,59.6,Cheque,Verified
INV002567,2024-03-31,149322,SIP,4360,Madhya Pradesh,Indore,T30,36-45,Male,20.3,UPI,Verified
INV003643,2024-03-31,118632,Redemption,453288,Telangana,Hyderabad,T30,36-45,Male,48.4,Cheque,Verified
INV004978,2024-03-31,149324,SIP,1871,Uttar Pradesh,Lucknow,T30,46-55,Male,34.3,Mandate,Verified
INV001175,2024-03-31,118635,SIP,2090,Punjab,Chandigarh,T30,36-45,Male,33.5,Mandate,Verified
INV002177,2024-03-31,101208,SIP,5198,Haryana,Gurugram,T30,26-35,Male,13.2,Net Banking,Verified
INV004279,2024-03-31,119120,SIP,8670,Gujarat,Ahmedabad,T30,36-45,Male,35.7,Mandate,Verified
INV002652,2024-03-31,101206,Lumpsum,265230,Gujarat,Surat,T30,36-45,Male,40.6,Mandate,Verified
INV003543,2024-03-31,120507,Lumpsum,378668,Maharashtra,Nashik,B30,26-35,Male,8.3,Net Banking,Verified
INV002269,2024-03-31,120504,Redemption,273238,Punjab,Amritsar,B30,36-45,Female,49.0,Mandate,Verified
INV004989,2024-03-31,120503,SIP,2361,Karnataka,Bangalore,T30,26-35,Male,6.4,Cheque,Verified
INV001508,2024-03-31,119120,Redemption,253102,Tamil Nadu,Coimbatore,B30,46-55,Male,63.3,Net Banking,Verified
INV001266,2024-03-31,102885,Lumpsum,542879,Madhya Pradesh,Indore,T30,46-55,Male,74.2,Mandate,Verified
INV000319,2024-03-31,149322,SIP,903,Maharashtra,Mumbai,T30,56+,Male,74.8,Cheque,Verified
INV002704,2024-03-31,102885,Redemption,137499,Delhi,Noida,T30,36-45,Female,47.8,Mandate,Verified
INV001540,2024-03-31,100025,SIP,25654,Maharashtra,Pune,T30,26-35,Female,17.3,UPI,Verified
INV004947,2024-03-31,120841,SIP,2587,Telangana,Hyderabad,T30,26-35,Female,19.7,Net Banking,Verified
INV001238,2024-03-31,120504,Lumpsum,531224,Haryana,Gurugram,T30,26-35,Male,17.9,Mandate,Pending
INV000238,2024-03-31,102885,Lumpsum,123893,Telangana,Hyderabad,T30,36-45,Male,26.3,Mandate,Verified
INV001670,2024-03-31,148569,SIP,2052,West Bengal,Kolkata,T30,26-35,Male,16.5,Mandate,Verified
INV000486,2024-03-31,120843,Redemption,99944,Madhya Pradesh,Indore,T30,26-35,Female,12.6,UPI,Pending
INV000109,2024-03-31,120842,SIP,27561,Karnataka,Bangalore,T30,26-35,Female,15.0,UPI,Verified
INV002167,2024-03-31,101208,SIP,4858,Rajasthan,Jaipur,T30,26-35,Female,8.7,Cheque,Pending
INV001312,2024-03-31,119552,SIP,2265,Delhi,Noida,T30,26-35,Male,6.9,Cheque,Verified
INV001792,2024-03-31,125497,SIP,7944,Gujarat,Ahmedabad,T30,26-35,Female,18.8,Cheque,Verified
INV003108,2024-03-31,118633,Redemption,408636,Gujarat,Ahmedabad,T30,26-35,Female,15.5,Net Banking,Verified
INV002315,2024-03-31,118633,SIP,457,Haryana,Faridabad,B30,18-25,Male,6.4,Mandate,Pending
INV003211,2024-03-31,125498,Redemption,292574,Uttar Pradesh,Lucknow,T30,36-45,Male,55.1,UPI,Verified
INV003873,2024-03-31,119095,SIP,12340,Telangana,Hyderabad,T30,36-45,Female,37.2,UPI,Verified
INV002826,2024-03-31,102886,SIP,2137,Haryana,Gurugram,T30,26-35,Male,20.5,UPI,Pending
INV000900,2024-03-31,120844,SIP,2252,Tamil Nadu,Coimbatore,B30,26-35,Male,6.2,UPI,Verified
INV001508,2024-03-31,148568,Lumpsum,247687,Tamil Nadu,Coimbatore,B30,46-55,Male,63.3,Cheque,Verified
INV002399,2024-03-31,119092,Lumpsum,277531,Gujarat,Ahmedabad,T30,46-55,Female,34.7,Mandate,Verified
INV003051,2024-03-31,119095,SIP,10726,Haryana,Faridabad,B30,36-45,Male,40.2,UPI,Verified
INV002558,2024-03-31,118636,SIP,14094,Haryana,Faridabad,B30,26-35,Female,9.1,UPI,Verified
INV002335,2024-03-31,125497,Redemption,269914,Punjab,Amritsar,B30,26-35,Male,19.3,Cheque,Verified
INV004749,2024-03-31,100016,SIP,5464,Karnataka,Bangalore,T30,56+,Male,45.5,Mandate,Verified
INV002060,2024-03-31,102887,Lumpsum,499220,Madhya Pradesh,Indore,T30,36-45,Male,31.8,Cheque,Verified
INV000295,2024-03-31,102887,Redemption,185926,Rajasthan,Jaipur,T30,56+,Male,76.0,UPI,Verified
INV001390,2024-03-31,120504,Lumpsum,115810,Haryana,Gurugram,T30,26-35,Female,13.0,Cheque,Verified
INV004231,2024-03-31,120507,SIP,55431,West Bengal,Kolkata,T30,56+,Male,17.5,Mandate,Verified
INV003487,2024-03-31,119598,Lumpsum,105127,Gujarat,Ahmedabad,T30,26-35,Female,12.0,UPI,Verified
INV000482,2024-03-31,149324,SIP,1701,Maharashtra,Mumbai,T30,26-35,Male,7.6,UPI,Verified
INV000986,2024-03-31,100025,SIP,48678,Tamil Nadu,Coimbatore,B30,26-35,Male,24.2,UPI,Verified
INV002218,2024-03-31,149324,SIP,27589,Punjab,Amritsar,B30,36-45,Male,52.7,Net Banking,Pending
INV003610,2024-03-31,120503,Lumpsum,110462,Delhi,Gurugram,T30,26-35,Male,16.9,UPI,Verified
INV003848,2024-03-31,120841,SIP,2692,Telangana,Hyderabad,T30,26-35,Male,24.0,Cheque,Verified
INV001332,2024-03-31,100025,Lumpsum,23911,Uttar Pradesh,Agra,B30,26-35,Female,19.9,UPI,Verified
INV002830,2024-03-31,100033,SIP,8735,Karnataka,Mysore,B30,56+,Male,72.2,Cheque,Verified
INV000288,2024-03-31,120506,Lumpsum,438448,Telangana,Hyderabad,T30,26-35,Male,10.1,Net Banking,Pending
INV000535,2024-03-31,120503,Lumpsum,134712,Tamil Nadu,Coimbatore,B30,36-45,Male,18.7,Net Banking,Verified
INV002485,2024-03-31,119095,Redemption,201677,Karnataka,Mysore,B30,46-55,Female,70.2,Cheque,Verified
INV002964,2024-04-01,119551,SIP,8185,Rajasthan,Udaipur,B30,46-55,Male,84.1,Mandate,Verified
INV000675,2024-04-01,100016,Redemption,371165,Uttar Pradesh,Kanpur,B30,36-45,Male,27.9,Cheque,Pending
INV001755,2024-04-01,100033,Lumpsum,267502,Rajasthan,Udaipur,B30,36-45,Male,28.7,Cheque,Verified
INV003828,2024-04-01,118632,SIP,8696,Karnataka,Bangalore,T30,18-25,Male,7.6,Mandate,Verified
INV003656,2024-04-01,148568,SIP,801,Rajasthan,Udaipur,B30,36-45,Female,58.5,UPI,Verified
INV004177,2024-04-01,118633,Redemption,147605,Tamil Nadu,Coimbatore,B30,26-35,Male,14.7,Net Banking,Verified
INV002036,2024-04-01,101206,SIP,2770,Madhya Pradesh,Indore,T30,26-35,Male,23.2,UPI,Verified
INV003218,2024-04-01,118635,Redemption,477191,Tamil Nadu,Chennai,T30,18-25,Male,6.0,Cheque,Verified
INV000312,2024-04-01,125498,SIP,27713,Gujarat,Ahmedabad,T30,18-25,Male,7.1,UPI,Verified
INV003812,2024-04-01,118634,Redemption,373501,Haryana,Faridabad,B30,18-25,Female,3.6,Cheque,Pending
INV003110,2024-04-01,149324,SIP,1086,Rajasthan,Jaipur,T30,26-35,Male,9.0,Net Banking,Verified
INV004099,2024-04-01,120503,SIP,13117,West Bengal,Kolkata,T30,26-35,Male,22.6,UPI,Verified
INV002157,2024-04-01,119599,SIP,3547,Punjab,Chandigarh,T30,26-35,Male,16.9,Mandate,Verified
INV004184,2024-04-01,148569,SIP,1039,Karnataka,Bangalore,T30,26-35,Male,9.9,UPI,Verified
INV001757,2024-04-01,148567,SIP,1113,Telangana,Hyderabad,T30,46-55,Male,87.3,UPI,Verified
INV000123,2024-04-01,148568,Lumpsum,297338,Punjab,Chandigarh,T30,46-55,Male,73.3,Cheque,Verified
INV002351,2024-04-01,118636,Redemption,82624,Gujarat,Ahmedabad,T30,36-45,Male,18.9,Mandate,Verified
INV001418,2024-04-01,118634,Lumpsum,264315,Delhi,Noida,T30,36-45,Male,39.2,UPI,Verified
INV004567,2024-04-01,119552,Redemption,373103,Telangana,Hyderabad,T30,56+,Male,75.0,Net Banking,Verified
INV003981,2024-04-01,120505,SIP,29822,Haryana,Faridabad,B30,46-55,Male,46.7,UPI,Verified
INV002294,2024-04-01,118634,SIP,15047,Haryana,Gurugram,T30,26-35,Male,22.3,UPI,Verified
INV001386,2024-04-01,102885,Lumpsum,274865,Tamil Nadu,Coimbatore,B30,18-25,Male,7.5,Mandate,Verified
INV000328,2024-04-01,125498,SIP,2036,Madhya Pradesh,Bhopal,B30,26-35,Male,19.6,Cheque,Verified
INV004051,2024-04-01,148567,SIP,2424,Rajasthan,Udaipur,B30,36-45,Female,28.8,Mandate,Verified
INV002464,2024-04-01,120503,SIP,11044,Karnataka,Bangalore,T30,26-35,Female,22.9,Cheque,Verified
INV001456,2024-04-01,125497,SIP,3518,Punjab,Chandigarh,T30,36-45,Male,36.3,Net Banking,Verified
INV001002,2024-04-01,119092,SIP,1043,Telangana,Hyderabad,T30,36-45,Male,52.5,Net Banking,Verified
INV002001,2024-04-01,118635,Redemption,302496,Uttar Pradesh,Kanpur,B30,36-45,Female,38.4,Mandate,Verified
INV004017,2024-04-01,120505,SIP,1199,West Bengal,Kolkata,T30,36-45,Male,36.7,UPI,Verified
INV002235,2024-04-01,120503,SIP,2505,Uttar Pradesh,Agra,B30,36-45,Female,32.1,UPI,Verified
INV002608,2024-04-01,118633,SIP,880,Uttar Pradesh,Agra,B30,36-45,Female,22.2,UPI,Verified
INV000759,2024-04-01,100016,Redemption,249608,Gujarat,Ahmedabad,T30,26-35,Male,7.6,Cheque,Verified
INV001538,2024-04-01,100033,Lumpsum,70354,Madhya Pradesh,Bhopal,B30,18-25,Female,3.1,UPI,Verified
INV001529,2024-04-01,120507,SIP,514,Haryana,Faridabad,B30,56+,Male,72.6,Mandate,Verified
INV002890,2024-04-01,102886,SIP,4561,Rajasthan,Jaipur,T30,36-45,Female,49.2,Cheque,Verified
INV003828,2024-04-01,118636,Redemption,83113,Karnataka,Bangalore,T30,18-25,Male,7.6,Mandate,Verified
INV003611,2024-04-01,119094,SIP,2711,Uttar Pradesh,Kanpur,B30,18-25,Male,4.8,Mandate,Verified
INV000244,2024-04-01,119599,SIP,437,Telangana,Hyderabad,T30,26-35,Male,24.9,Mandate,Verified
INV003308,2024-04-01,101208,Redemption,201884,Telangana,Hyderabad,T30,56+,Male,58.2,UPI,Verified
INV001395,2024-04-01,101206,SIP,1769,Telangana,Hyderabad,T30,56+,Male,53.5,UPI,Verified
INV000061,2024-04-01,101208,SIP,402,Tamil Nadu,Chennai,T30,26-35,Female,23.3,UPI,Verified
INV001472,2024-04-01,119094,Lumpsum,55543,West Bengal,Kolkata,T30,18-25,Male,5.4,Mandate,Verified
INV004692,2024-04-01,120504,SIP,419,Madhya Pradesh,Bhopal,B30,26-35,Male,11.6,Cheque,Pending
INV000854,2024-04-01,120505,SIP,5013,Karnataka,Bangalore,T30,46-55,Female,79.7,Cheque,Verified
INV000822,2024-04-01,125498,Redemption,106786,Punjab,Amritsar,B30,26-35,Male,9.2,UPI,Verified
INV003391,2024-04-01,101208,Redemption,221065,West Bengal,Kolkata,T30,26-35,Male,20.2,Net Banking,Verified
INV001963,2024-04-01,120843,SIP,1166,Maharashtra,Nashik,B30,26-35,Male,10.3,Mandate,Verified
INV000968,2024-04-01,101208,Redemption,66515,Tamil Nadu,Chennai,T30,36-45,Female,37.1,UPI,Pending
INV003196,2024-04-01,119093,SIP,8507,West Bengal,Kolkata,T30,26-35,Female,20.1,Cheque,Verified
INV000483,2024-04-01,102886,SIP,2358,Haryana,Gurugram,T30,18-25,Male,7.7,Net Banking,Verified
INV002956,2024-04-01,149324,Redemption,440119,Gujarat,Surat,T30,36-45,Female,53.7,Cheque,Verified
INV000216,2024-04-02,148569,Redemption,43359,Karnataka,Mysore,B30,26-35,Male,21.9,Net Banking,Verified
INV003671,2024-04-02,102887,Lumpsum,186589,Haryana,Gurugram,T30,36-45,Female,22.9,UPI,Verified
INV004743,2024-04-02,101206,Redemption,43142,Maharashtra,Nashik,B30,36-45,Male,18.7,Net Banking,Verified
INV001880,2024-04-02,119120,Lumpsum,417838,Madhya Pradesh,Bhopal,B30,26-35,Male,23.0,Net Banking,Verified
INV000101,2024-04-02,120843,SIP,2880,Madhya Pradesh,Indore,T30,26-35,Male,20.8,Mandate,Verified
INV004661,2024-04-02,101206,Redemption,408781,Maharashtra,Nashik,B30,26-35,Male,9.8,Cheque,Verified
INV001562,2024-04-02,149323,SIP,2255,Delhi,Noida,T30,26-35,Male,7.0,UPI,Verified
INV004850,2024-04-02,118633,SIP,14621,Madhya Pradesh,Bhopal,B30,56+,Male,34.8,Mandate,Verified
INV002684,2024-04-02,149324,Redemption,299537,Delhi,New Delhi,T30,36-45,Female,56.2,Net Banking,Verified
INV002265,2024-04-02,149322,Redemption,129114,Rajasthan,Jaipur,T30,18-25,Female,3.8,UPI,Verified
INV004334,2024-04-02,118632,SIP,1803,Punjab,Amritsar,B30,26-35,Female,6.6,Cheque,Verified
INV003964,2024-04-02,118635,SIP,1019,Punjab,Chandigarh,T30,26-35,Male,16.7,Cheque,Verified
INV001048,2024-04-02,120505,Redemption,174404,Delhi,New Delhi,T30,46-55,Male,46.6,Cheque,Verified
INV002155,2024-04-02,148567,SIP,2576,Telangana,Hyderabad,T30,56+,Male,26.2,Net Banking,Verified
INV002106,2024-04-02,120507,SIP,5758,Uttar Pradesh,Lucknow,T30,26-35,Male,20.8,Cheque,Verified
INV003761,2024-04-02,102886,SIP,8986,Karnataka,Mysore,B30,46-55,Male,61.2,Cheque,Verified
INV004771,2024-04-02,125498,SIP,12649,Tamil Nadu,Coimbatore,B30,18-25,Male,6.6,UPI,Verified
INV003255,2024-04-02,102887,SIP,22613,Delhi,Gurugram,T30,46-55,Female,77.7,UPI,Verified
INV004142,2024-04-02,148569,SIP,2232,West Bengal,Kolkata,T30,26-35,Male,12.0,Cheque,Verified
INV002597,2024-04-02,102887,SIP,5214,West Bengal,Kolkata,T30,26-35,Male,12.0,Cheque,Verified
INV003260,2024-04-02,101207,SIP,2285,Madhya Pradesh,Indore,T30,18-25,Male,7.9,Net Banking,Verified
INV002369,2024-04-02,119092,SIP,29393,Madhya Pradesh,Bhopal,B30,36-45,Male,33.6,UPI,Pending
INV000518,2024-04-02,101206,Redemption,119203,Uttar Pradesh,Agra,B30,26-35,Male,11.9,Mandate,Verified
INV001873,2024-04-02,120842,SIP,51815,Telangana,Hyderabad,T30,36-45,Female,38.9,Net Banking,Verified
INV001597,2024-04-02,119094,Lumpsum,480853,West Bengal,Kolkata,T30,36-45,Male,46.1,Mandate,Verified
INV004591,2024-04-02,118636,Redemption,414404,Tamil Nadu,Chennai,T30,26-35,Male,7.8,Cheque,Verified
INV001672,2024-04-02,148568,SIP,16819,Maharashtra,Pune,T30,18-25,Male,5.4,UPI,Verified
INV003047,2024-04-02,100033,SIP,3362,Maharashtra,Mumbai,T30,46-55,Male,40.0,UPI,Verified
INV003525,2024-04-02,119093,SIP,1126,Karnataka,Mysore,B30,36-45,Male,36.1,Mandate,Verified
INV001160,2024-04-02,148568,SIP,9387,Karnataka,Mysore,B30,36-45,Female,13.8,UPI,Verified
INV002471,2024-04-02,120505,SIP,2133,Punjab,Chandigarh,T30,18-25,Male,3.1,Cheque,Verified
INV003913,2024-04-02,120844,SIP,6600,Telangana,Hyderabad,T30,36-45,Male,51.7,Cheque,Pending
INV002452,2024-04-02,120504,SIP,2533,Uttar Pradesh,Kanpur,B30,18-25,Male,5.1,Mandate,Pending
INV003583,2024-04-02,120841,SIP,2783,Maharashtra,Nashik,B30,18-25,Male,4.9,Mandate,Verified
INV004434,2024-04-02,118636,Redemption,364334,Gujarat,Surat,T30,46-55,Male,17.7,UPI,Verified
INV002776,2024-04-02,118634,Lumpsum,346475,Tamil Nadu,Coimbatore,B30,18-25,Male,5.8,UPI,Verified
INV003317,2024-04-02,149323,SIP,2598,Delhi,New Delhi,T30,18-25,Male,6.6,Net Banking,Verified
INV004830,2024-04-02,148569,SIP,15847,Gujarat,Ahmedabad,T30,26-35,Male,15.1,Mandate,Verified
INV000413,2024-04-02,120507,SIP,2271,Haryana,Gurugram,T30,36-45,Female,49.8,Cheque,Verified
INV002054,2024-04-02,118634,SIP,7864,Telangana,Hyderabad,T30,26-35,Male,17.8,Cheque,Verified
INV002531,2024-04-02,120843,SIP,4368,Rajasthan,Udaipur,B30,36-45,Female,50.4,Net Banking,Pending
INV000330,2024-04-02,119093,Redemption,185595,Madhya Pradesh,Bhopal,B30,26-35,Female,11.9,Net Banking,Pending
INV001416,2024-04-02,120504,SIP,59441,Haryana,Faridabad,B30,18-25,Male,7.9,Mandate,Verified
INV002471,2024-04-02,125497,SIP,2214,Punjab,Chandigarh,T30,18-25,Male,3.1,Mandate,Verified
INV002343,2024-04-02,118635,SIP,3026,Punjab,Amritsar,B30,26-35,Male,22.1,Net Banking,Verified
INV002187,2024-04-02,120504,SIP,1967,Tamil Nadu,Chennai,T30,36-45,Male,15.0,Cheque,Verified
INV001051,2024-04-02,125497,SIP,10660,Haryana,Gurugram,T30,26-35,Male,8.2,Cheque,Verified
INV004665,2024-04-02,120507,SIP,7691,Madhya Pradesh,Bhopal,B30,36-45,Male,17.1,Cheque,Verified
INV001545,2024-04-02,118633,SIP,25409,Madhya Pradesh,Bhopal,B30,26-35,Male,11.5,Cheque,Verified
INV003325,2024-04-02,119095,Lumpsum,525850,Haryana,Faridabad,B30,26-35,Male,17.3,Net Banking,Verified
INV004241,2024-04-02,119093,SIP,14028,Maharashtra,Mumbai,T30,36-45,Male,18.9,Net Banking,Verified
INV001934,2024-04-02,119094,Lumpsum,284502,West Bengal,Kolkata,T30,46-55,Female,77.4,Cheque,Verified
INV000392,2024-04-02,149322,SIP,400,Gujarat,Surat,T30,26-35,Female,16.6,UPI,Verified
INV001828,2024-04-02,120507,SIP,4456,Gujarat,Surat,T30,36-45,Male,27.7,Net Banking,Verified
INV000087,2024-04-02,119093,Redemption,414914,Rajasthan,Jaipur,T30,36-45,Male,56.2,Net Banking,Verified
INV004723,2024-04-02,100016,SIP,7402,Gujarat,Surat,T30,26-35,Male,23.0,Net Banking,Verified
INV001764,2024-04-02,120843,SIP,2679,Rajasthan,Udaipur,B30,46-55,Female,28.1,Net Banking,Verified
INV004754,2024-04-02,101208,SIP,7075,Telangana,Hyderabad,T30,36-45,Female,51.5,UPI,Verified
INV002818,2024-04-02,118635,SIP,2081,Haryana,Gurugram,T30,46-55,Female,50.2,UPI,Verified
INV004406,2024-04-02,120841,SIP,5655,Rajasthan,Jaipur,T30,36-45,Male,12.2,Net Banking,Verified
INV001396,2024-04-03,118633,Lumpsum,513208,Rajasthan,Jaipur,T30,26-35,Female,10.6,Net Banking,Verified
INV001681,2024-04-03,102886,SIP,3015,West Bengal,Kolkata,T30,26-35,Male,8.5,Net Banking,Verified
INV000949,2024-04-03,101208,SIP,5414,Tamil Nadu,Coimbatore,B30,26-35,Male,11.2,Cheque,Verified
INV003717,2024-04-03,101207,SIP,5218,Tamil Nadu,Coimbatore,B30,26-35,Female,20.8,Cheque,Verified
INV002727,2024-04-03,118636,SIP,965,Madhya Pradesh,Bhopal,B30,26-35,Female,6.3,Cheque,Verified
INV004646,2024-04-03,120841,SIP,48389,Madhya Pradesh,Indore,T30,18-25,Female,5.5,Net Banking,Verified
INV001762,2024-04-03,120504,SIP,15780,Punjab,Amritsar,B30,18-25,Female,7.5,Net Banking,Verified
INV004774,2024-04-03,102886,Redemption,361365,Tamil Nadu,Coimbatore,B30,36-45,Male,21.8,UPI,Verified
INV002395,2024-04-03,148567,SIP,4961,West Bengal,Kolkata,T30,26-35,Male,13.0,Net Banking,Verified
INV003263,2024-04-03,119094,Lumpsum,84195,Tamil Nadu,Chennai,T30,26-35,Female,12.5,Net Banking,Verified
INV002598,2024-04-03,120506,SIP,11171,Uttar Pradesh,Lucknow,T30,26-35,Male,14.6,Mandate,Pending
INV003764,2024-04-03,118635,Redemption,108982,Tamil Nadu,Coimbatore,B30,46-55,Female,16.0,UPI,Verified
INV002275,2024-04-03,120504,SIP,551,Maharashtra,Mumbai,T30,18-25,Male,7.1,Mandate,Verified
INV004691,2024-04-03,102885,Lumpsum,206058,Delhi,Noida,T30,26-35,Male,14.5,Cheque,Verified
INV002725,2024-04-03,102887,SIP,15007,Rajasthan,Udaipur,B30,46-55,Female,49.2,UPI,Verified
INV002325,2024-04-03,120503,Redemption,292783,Rajasthan,Udaipur,B30,36-45,Male,48.8,UPI,Verified
INV004378,2024-04-03,120842,SIP,552,Tamil Nadu,Chennai,T30,26-35,Female,23.2,UPI,Verified
INV000148,2024-04-03,102885,SIP,20390,Telangana,Hyderabad,T30,18-25,Female,3.5,Mandate,Verified
INV003174,2024-04-03,119120,SIP,2231,Tamil Nadu,Chennai,T30,26-35,Female,10.0,Cheque,Verified
INV001415,2024-04-03,119598,Lumpsum,278391,Haryana,Gurugram,T30,56+,Male,33.1,Mandate,Verified
INV000601,2024-04-03,102885,SIP,429,Rajasthan,Jaipur,T30,46-55,Male,52.6,UPI,Verified
INV002085,2024-04-03,149324,SIP,12358,Telangana,Hyderabad,T30,56+,Female,12.5,Mandate,Verified
INV004321,2024-04-03,120507,SIP,26613,West Bengal,Kolkata,T30,26-35,Male,16.0,Cheque,Verified
INV003557,2024-04-03,120503,SIP,860,Karnataka,Bangalore,T30,46-55,Female,81.8,UPI,Verified
INV003289,2024-04-03,125498,Lumpsum,306082,Uttar Pradesh,Lucknow,T30,26-35,Male,11.2,Mandate,Verified
INV003815,2024-04-03,102885,SIP,1934,Gujarat,Surat,T30,36-45,Male,38.7,UPI,Verified
INV000043,2024-04-03,118636,Lumpsum,358320,Madhya Pradesh,Indore,T30,26-35,Male,23.7,UPI,Verified
INV002214,2024-04-03,102885,Lumpsum,381090,Delhi,Gurugram,T30,36-45,Female,50.5,Net Banking,Verified
INV004442,2024-04-03,100016,SIP,2597,Haryana,Faridabad,B30,18-25,Male,5.8,UPI,Verified
INV000841,2024-04-03,120844,SIP,10809,Maharashtra,Mumbai,T30,36-45,Male,56.5,UPI,Verified
INV002395,2024-04-03,125498,SIP,28841,West Bengal,Kolkata,T30,26-35,Male,13.0,Mandate,Verified
INV002369,2024-04-03,119551,SIP,53446,Madhya Pradesh,Bhopal,B30,36-45,Male,33.6,UPI,Verified
INV002687,2024-04-03,148567,SIP,25052,Delhi,New Delhi,T30,36-45,Male,25.9,UPI,Verified
INV004177,2024-04-03,120844,SIP,871,Tamil Nadu,Coimbatore,B30,26-35,Male,14.7,Net Banking,Verified
INV002258,2024-04-03,120841,SIP,2956,Madhya Pradesh,Bhopal,B30,36-45,Male,33.7,Cheque,Verified
INV002631,2024-04-03,119095,Redemption,97093,Uttar Pradesh,Kanpur,B30,46-55,Female,93.8,Cheque,Verified
INV002357,2024-04-03,120503,SIP,27308,Delhi,Gurugram,T30,26-35,Male,7.8,Net Banking,Verified
INV002178,2024-04-03,120843,SIP,2155,Gujarat,Ahmedabad,T30,36-45,Female,33.8,UPI,Verified
INV001835,2024-04-03,120504,SIP,590,Delhi,Noida,T30,26-35,Female,13.2,Net Banking,Verified
INV001870,2024-04-03,149322,SIP,2628,Madhya Pradesh,Indore,T30,26-35,Male,19.3,Mandate,Verified
INV004463,2024-04-03,120844,SIP,57773,Karnataka,Bangalore,T30,26-35,Female,16.1,Mandate,Verified
INV003309,2024-04-03,120843,SIP,10427,Delhi,New Delhi,T30,26-35,Male,20.0,Net Banking,Verified
INV002917,2024-04-03,100025,SIP,1031,Maharashtra,Pune,T30,18-25,Male,6.4,UPI,Verified
INV001182,2024-04-03,149324,SIP,20014,Punjab,Amritsar,B30,26-35,Male,9.1,Net Banking,Verified
INV004130,2024-04-03,120506,Redemption,14799,Punjab,Amritsar,B30,36-45,Male,57.9,Cheque,Pending
INV002402,2024-04-03,119095,Lumpsum,408494,Uttar Pradesh,Lucknow,T30,46-55,Male,55.5,Cheque,Verified
INV002417,2024-04-03,120507,Lumpsum,208860,Tamil Nadu,Coimbatore,B30,26-35,Male,16.8,Cheque,Verified
INV003111,2024-04-03,119598,Lumpsum,111715,Delhi,Gurugram,T30,18-25,Female,5.9,Cheque,Verified
INV003650,2024-04-03,125498,SIP,2280,Telangana,Hyderabad,T30,46-55,Male,87.3,Net Banking,Verified
INV004896,2024-04-03,100016,Lumpsum,171288,Uttar Pradesh,Agra,B30,18-25,Female,3.5,UPI,Verified
INV000586,2024-04-03,120844,Lumpsum,114578,West Bengal,Kolkata,T30,36-45,Male,43.8,Net Banking,Verified
INV001383,2024-04-03,120503,SIP,2201,Maharashtra,Pune,T30,26-35,Male,18.6,Mandate,Verified
INV004036,2024-04-03,118636,Lumpsum,33885,Uttar Pradesh,Agra,B30,56+,Female,51.7,Net Banking,Verified
INV002353,2024-04-03,120843,Redemption,222379,West Bengal,Kolkata,T30,46-55,Male,40.5,Cheque,Verified
INV001227,2024-04-03,120842,Redemption,404584,Tamil Nadu,Coimbatore,B30,36-45,Male,58.3,Net Banking,Verified
INV004067,2024-04-03,100025,Redemption,267777,Delhi,Gurugram,T30,26-35,Male,8.5,Cheque,Verified
INV000520,2024-04-03,125497,SIP,3038,West Bengal,Kolkata,T30,46-55,Female,59.4,UPI,Verified
INV002066,2024-04-03,119599,Lumpsum,119422,West Bengal,Kolkata,T30,26-35,Female,23.3,Mandate,Verified
INV002519,2024-04-03,120503,SIP,48999,Gujarat,Ahmedabad,T30,56+,Male,29.7,Cheque,Verified
INV002428,2024-04-03,148567,Redemption,355773,Gujarat,Ahmedabad,T30,56+,Female,38.0,UPI,Verified
INV004428,2024-04-04,119092,SIP,3357,Rajasthan,Udaipur,B30,26-35,Female,6.7,Cheque,Verified
INV003097,2024-04-04,149323,Lumpsum,412982,Punjab,Chandigarh,T30,26-35,Male,21.5,Cheque,Pending
INV002591,2024-04-04,120507,Lumpsum,192934,Gujarat,Ahmedabad,T30,18-25,Male,3.7,UPI,Verified
INV000430,2024-04-04,119598,Redemption,322027,Punjab,Amritsar,B30,18-25,Male,3.3,Mandate,Verified
INV004445,2024-04-04,120503,SIP,4403,Delhi,Noida,T30,36-45,Male,25.7,UPI,Verified
INV003570,2024-04-04,120843,SIP,2414,Delhi,New Delhi,T30,26-35,Male,12.3,Mandate,Verified
INV003908,2024-04-04,120503,Redemption,317112,Tamil Nadu,Coimbatore,B30,26-35,Female,13.8,Cheque,Verified
INV003495,2024-04-04,101208,Lumpsum,32362,West Bengal,Kolkata,T30,26-35,Female,22.9,Mandate,Verified
INV001310,2024-04-04,102885,SIP,544,Telangana,Hyderabad,T30,46-55,Male,83.6,Net Banking,Verified
INV003859,2024-04-04,100033,SIP,2632,Karnataka,Bangalore,T30,36-45,Male,28.5,Cheque,Verified
INV000461,2024-04-04,102887,SIP,41765,Punjab,Chandigarh,T30,36-45,Male,26.9,UPI,Verified
INV000737,2024-04-04,119120,SIP,51805,Madhya Pradesh,Indore,T30,26-35,Female,10.0,Mandate,Verified
INV000604,2024-04-04,118635,Lumpsum,447641,Karnataka,Bangalore,T30,26-35,Male,9.5,Mandate,Verified
INV002054,2024-04-04,100016,SIP,2508,Telangana,Hyderabad,T30,26-35,Male,17.8,Net Banking,Verified
INV002468,2024-04-04,120504,SIP,26802,West Bengal,Kolkata,T30,46-55,Male,48.8,Net Banking,Verified
INV004802,2024-04-04,118632,Redemption,162226,Uttar Pradesh,Kanpur,B30,26-35,Male,20.9,Cheque,Verified
INV001626,2024-04-04,149323,SIP,592,Maharashtra,Mumbai,T30,26-35,Male,16.8,UPI,Verified
INV004547,2024-04-04,119599,SIP,563,Madhya Pradesh,Bhopal,B30,36-45,Female,42.8,Mandate,Pending
INV003116,2024-04-04,120506,SIP,538,Rajasthan,Udaipur,B30,26-35,Female,8.7,Mandate,Verified
INV003404,2024-04-04,119095,SIP,1905,Tamil Nadu,Chennai,T30,36-45,Male,26.8,Mandate,Verified
INV003673,2024-04-04,101206,SIP,6744,Maharashtra,Mumbai,T30,26-35,Male,23.5,Net Banking,Verified
INV001031,2024-04-04,149322,SIP,28272,Delhi,New Delhi,T30,36-45,Female,23.0,UPI,Verified
INV000592,2024-04-04,119552,SIP,570,Maharashtra,Mumbai,T30,26-35,Male,21.2,Cheque,Verified
INV003844,2024-04-04,149323,SIP,582,Maharashtra,Nashik,B30,26-35,Female,15.9,UPI,Verified
INV004153,2024-04-04,102885,SIP,17786,Uttar Pradesh,Agra,B30,46-55,Male,96.3,Mandate,Verified
INV003030,2024-04-04,149322,Lumpsum,348072,Karnataka,Mysore,B30,18-25,Male,3.1,UPI,Verified
INV000230,2024-04-04,120842,Lumpsum,323831,Haryana,Faridabad,B30,18-25,Male,3.3,UPI,Verified
INV002360,2024-04-04,120504,SIP,20710,Maharashtra,Mumbai,T30,26-35,Male,11.6,Cheque,Verified
INV004070,2024-04-04,120843,Lumpsum,356983,Maharashtra,Pune,T30,26-35,Male,13.8,Net Banking,Verified
INV002107,2024-04-04,119551,SIP,29386,Telangana,Hyderabad,T30,26-35,Male,18.2,UPI,Verified
INV004232,2024-04-04,119095,SIP,565,Tamil Nadu,Chennai,T30,26-35,Male,19.0,Net Banking,Verified
INV004674,2024-04-04,119551,Redemption,309124,Madhya Pradesh,Bhopal,B30,56+,Male,76.8,Cheque,Pending
INV001806,2024-04-04,102886,SIP,2367,Telangana,Hyderabad,T30,36-45,Male,32.6,Mandate,Verified
INV002232,2024-04-04,119095,SIP,8487,Karnataka,Bangalore,T30,26-35,Female,16.9,Mandate,Verified
INV000094,2024-04-04,120504,SIP,555,West Bengal,Kolkata,T30,18-25,Male,3.7,Cheque,Verified
INV003913,2024-04-04,118632,SIP,576,Telangana,Hyderabad,T30,36-45,Male,51.7,UPI,Verified
INV004521,2024-04-04,119551,Lumpsum,139758,Gujarat,Ahmedabad,T30,18-25,Male,7.9,UPI,Verified
INV003904,2024-04-04,120505,SIP,6976,Karnataka,Bangalore,T30,46-55,Male,67.6,UPI,Verified
INV004163,2024-04-04,149323,SIP,29849,Uttar Pradesh,Agra,B30,46-55,Male,96.4,Cheque,Verified
INV003192,2024-04-04,100033,Redemption,126794,Uttar Pradesh,Lucknow,T30,26-35,Male,22.2,Net Banking,Verified
INV002329,2024-04-04,100016,Lumpsum,7964,Madhya Pradesh,Indore,T30,56+,Male,51.2,Cheque,Verified
INV000117,2024-04-04,148569,SIP,2624,Karnataka,Bangalore,T30,26-35,Female,15.6,UPI,Verified
INV000281,2024-04-04,149324,SIP,942,Punjab,Chandigarh,T30,26-35,Male,20.5,Mandate,Verified
INV004276,2024-04-04,118633,Redemption,481267,Punjab,Amritsar,B30,26-35,Male,13.4,Net Banking,Verified
INV003815,2024-04-04,101207,SIP,5902,Gujarat,Surat,T30,36-45,Male,38.7,Cheque,Verified
INV004649,2024-04-04,119599,Lumpsum,225573,Karnataka,Bangalore,T30,36-45,Male,48.4,Net Banking,Verified
INV000928,2024-04-04,149322,Lumpsum,125540,Tamil Nadu,Coimbatore,B30,18-25,Female,6.2,UPI,Verified
INV002984,2024-04-04,119599,Redemption,258973,Delhi,Gurugram,T30,26-35,Male,18.1,UPI,Verified
INV004357,2024-04-04,118632,SIP,564,Delhi,Gurugram,T30,46-55,Female,55.6,UPI,Verified
INV002856,2024-04-04,149323,SIP,46288,Telangana,Hyderabad,T30,26-35,Male,13.2,Net Banking,Verified
INV001138,2024-04-04,119599,SIP,6195,Haryana,Faridabad,B30,46-55,Female,81.3,Cheque,Verified
INV001190,2024-04-04,120844,SIP,469,Maharashtra,Mumbai,T30,26-35,Male,15.6,Cheque,Verified
INV001334,2024-04-04,118633,SIP,3351,Punjab,Amritsar,B30,36-45,Male,38.6,Cheque,Verified
INV003700,2024-04-04,125497,SIP,5020,Maharashtra,Nashik,B30,46-55,Male,42.6,UPI,Verified
INV001938,2024-04-04,148568,Lumpsum,192620,Karnataka,Mysore,B30,26-35,Male,17.4,Net Banking,Verified
INV001679,2024-04-05,148567,Lumpsum,113028,Haryana,Faridabad,B30,36-45,Female,46.7,Cheque,Verified
INV001481,2024-04-05,120504,SIP,29931,Telangana,Hyderabad,T30,26-35,Male,23.4,UPI,Pending
INV000934,2024-04-05,149322,Lumpsum,23503,Delhi,Gurugram,T30,56+,Male,37.4,Mandate,Verified
INV004801,2024-04-05,119095,SIP,6725,Uttar Pradesh,Lucknow,T30,26-35,Male,13.2,UPI,Verified
INV001497,2024-04-05,119094,Redemption,287532,Maharashtra,Mumbai,T30,36-45,Male,56.8,UPI,Verified
INV002795,2024-04-05,100033,SIP,3347,Maharashtra,Pune,T30,18-25,Female,4.5,Cheque,Pending
INV000893,2024-04-05,118633,SIP,1198,Punjab,Chandigarh,T30,46-55,Male,35.3,Cheque,Verified
INV000041,2024-04-05,118634,Lumpsum,197824,Karnataka,Mysore,B30,46-55,Male,25.0,Cheque,Verified
INV000467,2024-04-05,100016,SIP,1955,Karnataka,Bangalore,T30,18-25,Female,7.1,Net Banking,Verified
INV000131,2024-04-05,125498,SIP,13703,Telangana,Hyderabad,T30,36-45,Female,16.8,Mandate,Verified
INV003082,2024-04-05,119094,Redemption,131377,Telangana,Hyderabad,T30,26-35,Male,18.7,UPI,Verified
INV002037,2024-04-05,148569,Lumpsum,437174,Delhi,New Delhi,T30,56+,Male,22.0,Mandate,Verified
INV002178,2024-04-05,119092,Lumpsum,224687,Gujarat,Ahmedabad,T30,36-45,Female,33.8,UPI,Verified
INV000827,2024-04-05,125498,SIP,2412,Maharashtra,Pune,T30,36-45,Male,28.8,UPI,Pending
INV000811,2024-04-05,120507,Lumpsum,414707,Haryana,Faridabad,B30,36-45,Female,34.5,UPI,Verified
INV003999,2024-04-05,119092,Redemption,178287,Haryana,Faridabad,B30,26-35,Female,21.2,UPI,Verified
INV003740,2024-04-05,102886,SIP,2727,Karnataka,Bangalore,T30,56+,Female,16.2,Net Banking,Verified
INV004424,2024-04-05,120841,SIP,6663,Delhi,New Delhi,T30,46-55,Female,90.1,UPI,Verified
INV004295,2024-04-05,120844,SIP,17635,Karnataka,Bangalore,T30,36-45,Male,50.6,Cheque,Verified
INV003271,2024-04-05,119551,SIP,1804,West Bengal,Kolkata,T30,18-25,Male,4.8,UPI,Verified
INV004822,2024-04-05,119598,Lumpsum,185853,Rajasthan,Udaipur,B30,26-35,Male,14.8,Net Banking,Verified
INV001336,2024-04-05,149324,Lumpsum,164499,Tamil Nadu,Coimbatore,B30,18-25,Male,5.0,UPI,Verified
INV002353,2024-04-05,119552,Lumpsum,182245,West Bengal,Kolkata,T30,46-55,Male,40.5,Net Banking,Verified
INV001963,2024-04-05,119094,Lumpsum,536873,Maharashtra,Nashik,B30,26-35,Male,10.3,Cheque,Verified
INV001206,2024-04-05,102885,SIP,11217,Delhi,Noida,T30,26-35,Male,11.7,Net Banking,Verified
INV000768,2024-04-05,148569,Lumpsum,44827,Delhi,Noida,T30,56+,Male,12.2,UPI,Pending
INV002542,2024-04-05,120844,Lumpsum,69888,Telangana,Hyderabad,T30,26-35,Female,15.9,Net Banking,Verified
INV002787,2024-04-05,118634,SIP,2281,Uttar Pradesh,Kanpur,B30,18-25,Male,4.8,UPI,Verified
INV004630,2024-04-05,119599,SIP,27709,Madhya Pradesh,Bhopal,B30,26-35,Female,6.3,UPI,Verified
INV003387,2024-04-05,118632,Lumpsum,261280,Gujarat,Ahmedabad,T30,36-45,Male,15.4,Net Banking,Pending
INV000311,2024-04-05,120843,Lumpsum,106892,Punjab,Amritsar,B30,36-45,Male,29.2,UPI,Verified
INV003475,2024-04-05,120841,SIP,7248,Telangana,Hyderabad,T30,26-35,Male,20.7,Cheque,Verified
INV003814,2024-04-05,101207,SIP,2794,Rajasthan,Udaipur,B30,36-45,Female,12.5,Mandate,Verified
INV001379,2024-04-05,119552,SIP,5855,Punjab,Amritsar,B30,56+,Female,74.3,Mandate,Verified
INV002121,2024-04-05,148569,SIP,2838,Madhya Pradesh,Bhopal,B30,18-25,Female,3.5,Mandate,Verified
INV000023,2024-04-05,148568,SIP,46056,West Bengal,Kolkata,T30,46-55,Female,61.9,Net Banking,Verified
INV004358,2024-04-05,149323,SIP,2803,Tamil Nadu,Coimbatore,B30,26-35,Male,6.5,Cheque,Verified
INV001155,2024-04-05,119552,Lumpsum,40120,Telangana,Hyderabad,T30,26-35,Female,16.7,UPI,Verified
INV004475,2024-04-05,120507,SIP,14321,Punjab,Amritsar,B30,26-35,Male,18.2,Cheque,Verified
INV001636,2024-04-05,118636,SIP,7483,Rajasthan,Udaipur,B30,18-25,Male,6.0,Mandate,Verified
INV000953,2024-04-05,148568,SIP,15383,Haryana,Faridabad,B30,56+,Male,23.1,UPI,Verified
INV001701,2024-04-05,149322,Redemption,331519,Karnataka,Mysore,B30,26-35,Female,24.4,UPI,Verified
INV002434,2024-04-05,102886,SIP,7675,Uttar Pradesh,Agra,B30,26-35,Male,13.8,Net Banking,Verified
INV000047,2024-04-05,119599,Redemption,86386,Haryana,Faridabad,B30,36-45,Male,23.6,UPI,Pending
INV003571,2024-04-05,102885,Redemption,395601,Haryana,Faridabad,B30,36-45,Male,53.1,Mandate,Verified
INV000957,2024-04-05,101208,Redemption,201303,Madhya Pradesh,Bhopal,B30,36-45,Male,38.2,Net Banking,Verified
INV002860,2024-04-05,148567,SIP,5708,Madhya Pradesh,Indore,T30,46-55,Male,18.9,UPI,Verified
INV004641,2024-04-05,149324,Lumpsum,250321,Haryana,Faridabad,B30,56+,Male,42.4,Net Banking,Verified
INV001692,2024-04-05,101208,Lumpsum,44163,Rajasthan,Jaipur,T30,26-35,Male,11.7,Net Banking,Verified
INV002863,2024-04-05,120842,SIP,45968,Rajasthan,Udaipur,B30,36-45,Female,49.8,Net Banking,Verified
INV001569,2024-04-05,118632,SIP,5725,Punjab,Chandigarh,T30,46-55,Male,50.1,Net Banking,Verified
INV002473,2024-04-05,119552,Lumpsum,138667,Uttar Pradesh,Lucknow,T30,36-45,Male,41.8,Cheque,Verified
INV001839,2024-04-05,149324,Lumpsum,423304,Punjab,Chandigarh,T30,26-35,Male,18.6,Mandate,Verified
INV002968,2024-04-05,100016,SIP,8541,West Bengal,Kolkata,T30,36-45,Female,16.2,Net Banking,Verified
INV002271,2024-04-05,100016,SIP,4740,Tamil Nadu,Chennai,T30,46-55,Female,75.9,Mandate,Verified
INV000657,2024-04-05,100033,SIP,43832,Tamil Nadu,Coimbatore,B30,26-35,Female,11.4,Cheque,Verified
INV002930,2024-04-05,119551,SIP,29067,West Bengal,Kolkata,T30,36-45,Male,54.0,UPI,Verified
INV002746,2024-04-05,120507,Lumpsum,278342,Delhi,Noida,T30,26-35,Male,23.2,Mandate,Verified
INV003503,2024-04-05,118634,Redemption,448045,Karnataka,Mysore,B30,36-45,Male,26.3,Mandate,Verified
INV000888,2024-04-05,101206,SIP,28335,Gujarat,Ahmedabad,T30,26-35,Male,21.9,UPI,Verified
INV004190,2024-04-05,149323,SIP,7128,Gujarat,Surat,T30,46-55,Male,38.9,Cheque,Verified
INV001784,2024-04-05,120507,Lumpsum,190715,Madhya Pradesh,Bhopal,B30,26-35,Male,15.5,Net Banking,Verified
INV001737,2024-04-05,120842,SIP,24277,Telangana,Hyderabad,T30,26-35,Female,10.1,Cheque,Verified
INV004351,2024-04-05,120506,Redemption,58120,Karnataka,Bangalore,T30,18-25,Male,6.3,Cheque,Verified
INV004856,2024-04-05,119094,SIP,3286,Maharashtra,Mumbai,T30,36-45,Male,54.3,Mandate,Verified
INV001134,2024-04-05,119552,Lumpsum,425066,Uttar Pradesh,Agra,B30,36-45,Female,46.6,Mandate,Verified
INV001424,2024-04-05,120505,SIP,16754,Haryana,Gurugram,T30,26-35,Male,18.9,UPI,Verified
INV002640,2024-04-05,100033,SIP,413,Haryana,Faridabad,B30,56+,Female,50.5,Net Banking,Verified
INV001858,2024-04-05,119120,SIP,2221,Punjab,Amritsar,B30,36-45,Male,16.6,Net Banking,Verified
INV002724,2024-04-05,120504,Lumpsum,58100,Rajasthan,Udaipur,B30,36-45,Male,26.3,UPI,Verified
INV003689,2024-04-05,101207,Redemption,223066,Haryana,Gurugram,T30,46-55,Male,79.9,Cheque,Verified
INV002594,2024-04-05,119095,SIP,20169,Haryana,Gurugram,T30,26-35,Male,23.7,Mandate,Verified
INV001123,2024-04-05,120844,SIP,1038,Uttar Pradesh,Lucknow,T30,26-35,Male,23.9,UPI,Verified
INV003795,2024-04-05,119094,Redemption,303778,West Bengal,Kolkata,T30,18-25,Male,7.6,Net Banking,Verified
INV001194,2024-04-05,125498,Lumpsum,317000,Karnataka,Bangalore,T30,18-25,Male,7.7,Mandate,Verified
INV000052,2024-04-05,119092,SIP,1018,Tamil Nadu,Coimbatore,B30,26-35,Male,19.1,Mandate,Verified
INV003271,2024-04-05,125498,SIP,486,West Bengal,Kolkata,T30,18-25,Male,4.8,UPI,Verified
INV001622,2024-04-06,100025,SIP,25750,Delhi,New Delhi,T30,36-45,Male,21.8,Net Banking,Verified
INV001646,2024-04-06,119551,SIP,2993,Karnataka,Bangalore,T30,26-35,Male,18.9,Net Banking,Verified
INV003045,2024-04-06,120503,SIP,546,Telangana,Hyderabad,T30,26-35,Male,12.2,Cheque,Verified
INV002508,2024-04-06,118635,SIP,2069,West Bengal,Kolkata,T30,46-55,Male,60.8,Net Banking,Verified
INV001014,2024-04-06,119092,SIP,22831,Punjab,Chandigarh,T30,18-25,Female,6.9,Mandate,Verified
INV001395,2024-04-06,119598,Lumpsum,218988,Telangana,Hyderabad,T30,56+,Male,53.5,Net Banking,Verified
INV001342,2024-04-06,149323,SIP,2218,West Bengal,Kolkata,T30,26-35,Female,15.5,Net Banking,Verified
INV004664,2024-04-06,148567,SIP,5204,Karnataka,Bangalore,T30,26-35,Male,18.6,UPI,Verified
INV002533,2024-04-06,119552,SIP,418,Haryana,Faridabad,B30,46-55,Male,73.5,Cheque,Verified
INV002276,2024-04-06,149323,Lumpsum,536754,Telangana,Hyderabad,T30,46-55,Male,88.0,Mandate,Pending
INV003964,2024-04-06,120503,SIP,2509,Punjab,Chandigarh,T30,26-35,Male,16.7,UPI,Verified
INV003507,2024-04-06,148568,Redemption,198546,Karnataka,Bangalore,T30,26-35,Female,22.5,Cheque,Pending
INV001721,2024-04-06,120842,SIP,7234,Punjab,Amritsar,B30,26-35,Male,10.8,Cheque,Verified
INV004521,2024-04-06,100016,Lumpsum,441720,Gujarat,Ahmedabad,T30,18-25,Male,7.9,UPI,Verified
INV003162,2024-04-06,125498,Redemption,410840,West Bengal,Kolkata,T30,18-25,Male,4.1,Cheque,Verified
INV002656,2024-04-06,149324,SIP,49648,Tamil Nadu,Coimbatore,B30,26-35,Male,9.6,Cheque,Verified
INV003411,2024-04-06,101208,Redemption,154767,Tamil Nadu,Chennai,T30,26-35,Male,14.2,Net Banking,Verified
INV001813,2024-04-06,102885,Lumpsum,446254,Karnataka,Mysore,B30,36-45,Male,27.0,UPI,Verified
INV000980,2024-04-06,119599,Redemption,415272,West Bengal,Kolkata,T30,18-25,Female,7.3,UPI,Verified
INV001188,2024-04-06,102885,Lumpsum,310181,Delhi,New Delhi,T30,18-25,Male,7.9,Cheque,Verified
INV000777,2024-04-06,125497,SIP,14772,Uttar Pradesh,Lucknow,T30,26-35,Male,15.7,Mandate,Verified
INV002883,2024-04-06,120504,SIP,46922,West Bengal,Kolkata,T30,26-35,Female,12.5,Cheque,Verified
INV002368,2024-04-06,118633,SIP,2674,Telangana,Hyderabad,T30,26-35,Male,13.7,Net Banking,Verified
INV001544,2024-04-06,119551,Redemption,134381,Uttar Pradesh,Kanpur,B30,18-25,Female,5.9,Mandate,Verified
INV004230,2024-04-06,148569,Lumpsum,489141,Karnataka,Bangalore,T30,18-25,Female,7.4,Cheque,Verified
INV000390,2024-04-06,120504,SIP,47062,Karnataka,Bangalore,T30,26-35,Male,24.9,Net Banking,Pending
INV004184,2024-04-06,119551,SIP,27478,Karnataka,Bangalore,T30,26-35,Male,9.9,Mandate,Verified
INV003033,2024-04-06,149323,SIP,561,Gujarat,Ahmedabad,T30,36-45,Male,17.3,Mandate,Verified
INV000751,2024-04-06,120507,SIP,5548,Uttar Pradesh,Kanpur,B30,36-45,Male,17.7,Cheque,Verified
INV003553,2024-04-06,119551,SIP,5625,Punjab,Amritsar,B30,36-45,Male,33.0,Cheque,Verified
INV003956,2024-04-06,100025,SIP,20880,Punjab,Amritsar,B30,36-45,Male,32.3,UPI,Verified
INV004490,2024-04-06,119551,SIP,42319,Madhya Pradesh,Indore,T30,18-25,Female,3.9,Net Banking,Verified
INV000864,2024-04-06,125498,Lumpsum,260813,Tamil Nadu,Chennai,T30,26-35,Female,24.9,UPI,Verified
INV002217,2024-04-06,120507,Lumpsum,491580,Tamil Nadu,Coimbatore,B30,18-25,Male,7.0,UPI,Verified
INV000320,2024-04-06,119598,Redemption,177314,Uttar Pradesh,Kanpur,B30,26-35,Male,19.7,Cheque,Verified
INV004050,2024-04-06,100016,Lumpsum,176485,West Bengal,Kolkata,T30,26-35,Male,15.5,Mandate,Verified
INV002770,2024-04-06,125497,SIP,8788,West Bengal,Kolkata,T30,36-45,Female,21.5,Cheque,Verified
INV002162,2024-04-06,120504,SIP,7846,Madhya Pradesh,Indore,T30,46-55,Male,40.2,UPI,Verified
INV002312,2024-04-06,125497,SIP,23335,Delhi,Noida,T30,18-25,Female,5.5,Cheque,Verified
INV003940,2024-04-06,120504,SIP,44073,West Bengal,Kolkata,T30,36-45,Male,21.6,Cheque,Verified
INV000450,2024-04-06,119551,Redemption,411962,West Bengal,Kolkata,T30,26-35,Female,18.4,Cheque,Verified
INV004477,2024-04-06,119092,SIP,7336,Delhi,Gurugram,T30,46-55,Female,88.3,Net Banking,Verified
INV001081,2024-04-06,148569,Lumpsum,188059,Gujarat,Ahmedabad,T30,18-25,Male,7.6,UPI,Verified
INV000214,2024-04-06,102887,SIP,23103,Madhya Pradesh,Indore,T30,26-35,Female,20.7,Mandate,Verified
INV000499,2024-04-06,119599,SIP,42903,Delhi,New Delhi,T30,36-45,Female,59.5,UPI,Verified
INV003320,2024-04-06,120507,SIP,590,Tamil Nadu,Coimbatore,B30,56+,Male,73.7,Cheque,Verified
INV003295,2024-04-06,101208,SIP,2976,Gujarat,Ahmedabad,T30,26-35,Male,20.8,Cheque,Verified
INV003902,2024-04-06,120507,Redemption,148496,Karnataka,Mysore,B30,26-35,Male,23.1,Cheque,Verified
INV003203,2024-04-06,149322,SIP,2545,Telangana,Hyderabad,T30,26-35,Male,22.5,UPI,Verified
INV000708,2024-04-06,119599,Lumpsum,157771,Delhi,Noida,T30,26-35,Female,13.5,Net Banking,Pending
INV001317,2024-04-06,100016,Lumpsum,355581,Punjab,Chandigarh,T30,26-35,Female,8.9,UPI,Verified
INV000556,2024-04-06,149323,SIP,4590,Rajasthan,Udaipur,B30,18-25,Male,7.2,Net Banking,Verified
INV001465,2024-04-07,149322,SIP,801,Punjab,Amritsar,B30,26-35,Male,21.0,Mandate,Verified
INV003560,2024-04-07,119093,SIP,24553,Rajasthan,Udaipur,B30,26-35,Male,22.5,UPI,Verified
INV002997,2024-04-07,118633,Redemption,201544,West Bengal,Kolkata,T30,26-35,Male,23.7,Net Banking,Verified
INV001218,2024-04-07,119599,Lumpsum,127292,Madhya Pradesh,Bhopal,B30,36-45,Male,21.1,UPI,Verified
INV004530,2024-04-07,102885,SIP,59560,Maharashtra,Nashik,B30,36-45,Male,36.2,Net Banking,Verified
INV003898,2024-04-07,119599,SIP,53110,Madhya Pradesh,Indore,T30,26-35,Male,6.2,Net Banking,Verified
INV004513,2024-04-07,149323,SIP,6190,Karnataka,Mysore,B30,36-45,Female,16.9,Cheque,Verified
INV004885,2024-04-07,120507,Lumpsum,184643,Punjab,Amritsar,B30,26-35,Male,11.7,Mandate,Verified
INV002318,2024-04-07,118635,Lumpsum,312558,Tamil Nadu,Chennai,T30,36-45,Male,21.1,Net Banking,Verified
INV004527,2024-04-07,119092,Lumpsum,14894,West Bengal,Kolkata,T30,36-45,Male,39.6,Net Banking,Verified
INV000012,2024-04-07,119094,SIP,9594,Uttar Pradesh,Kanpur,B30,46-55,Male,51.6,Mandate,Verified
INV004881,2024-04-07,101206,SIP,2367,Delhi,New Delhi,T30,18-25,Male,3.8,UPI,Verified
INV004070,2024-04-07,102887,Redemption,453133,Maharashtra,Pune,T30,26-35,Male,13.8,Cheque,Verified
INV004028,2024-04-07,125498,SIP,1910,Rajasthan,Jaipur,T30,18-25,Male,3.3,Cheque,Verified
INV004979,2024-04-07,149324,Lumpsum,192774,Punjab,Chandigarh,T30,26-35,Male,21.5,Mandate,Verified
INV002158,2024-04-07,148568,SIP,2360,Madhya Pradesh,Indore,T30,26-35,Male,14.5,UPI,Verified
INV004823,2024-04-07,149323,SIP,2642,Rajasthan,Jaipur,T30,36-45,Female,52.6,Net Banking,Verified
INV002310,2024-04-07,120504,Redemption,21335,Tamil Nadu,Coimbatore,B30,26-35,Female,15.6,Mandate,Verified
INV003908,2024-04-07,100033,Lumpsum,343142,Tamil Nadu,Coimbatore,B30,26-35,Female,13.8,Cheque,Verified
INV004843,2024-04-07,119094,SIP,2050,Haryana,Faridabad,B30,56+,Male,49.8,Cheque,Pending
INV002124,2024-04-07,100033,Redemption,435639,Tamil Nadu,Coimbatore,B30,18-25,Male,5.0,Mandate,Verified
INV003916,2024-04-07,120843,Lumpsum,525790,Karnataka,Mysore,B30,26-35,Male,23.6,Net Banking,Verified
INV000103,2024-04-07,148568,SIP,1194,Punjab,Chandigarh,T30,26-35,Female,18.2,Mandate,Verified
INV002700,2024-04-07,125497,SIP,2207,Tamil Nadu,Coimbatore,B30,26-35,Male,8.1,UPI,Verified
INV001050,2024-04-07,120503,Lumpsum,159787,Telangana,Hyderabad,T30,36-45,Female,38.9,Cheque,Verified
INV000086,2024-04-07,101208,SIP,28195,Karnataka,Mysore,B30,18-25,Female,4.1,Mandate,Verified
INV001643,2024-04-07,119552,SIP,2771,Punjab,Amritsar,B30,36-45,Male,28.4,Net Banking,Verified
INV002188,2024-04-07,149323,SIP,2532,Rajasthan,Jaipur,T30,26-35,Male,19.1,UPI,Pending
INV002798,2024-04-07,118636,Lumpsum,254589,Tamil Nadu,Coimbatore,B30,26-35,Female,24.5,Cheque,Verified
INV002318,2024-04-07,120841,SIP,16558,Tamil Nadu,Chennai,T30,36-45,Male,21.1,Mandate,Verified
INV000977,2024-04-07,120506,SIP,8678,Karnataka,Mysore,B30,56+,Male,22.5,Mandate,Verified
INV000033,2024-04-07,119095,Lumpsum,183387,Delhi,New Delhi,T30,36-45,Female,12.4,UPI,Verified
INV004085,2024-04-07,149323,SIP,8563,Maharashtra,Pune,T30,36-45,Female,34.5,Cheque,Verified
INV002507,2024-04-07,148567,SIP,16200,Tamil Nadu,Chennai,T30,26-35,Female,12.7,Cheque,Verified
INV001157,2024-04-07,120503,SIP,8210,Tamil Nadu,Coimbatore,B30,36-45,Female,23.0,Net Banking,Verified
INV004792,2024-04-07,120507,Lumpsum,381169,Tamil Nadu,Chennai,T30,26-35,Male,20.5,Cheque,Verified
INV000469,2024-04-07,120843,SIP,1636,Tamil Nadu,Coimbatore,B30,18-25,Male,4.7,UPI,Verified
INV000238,2024-04-07,125497,SIP,59081,Telangana,Hyderabad,T30,36-45,Male,26.3,UPI,Pending
INV003734,2024-04-07,119095,SIP,8109,Tamil Nadu,Coimbatore,B30,56+,Male,70.3,Mandate,Verified
INV004562,2024-04-07,101206,SIP,2222,Telangana,Hyderabad,T30,26-35,Female,19.0,Net Banking,Verified
INV003829,2024-04-07,102886,SIP,2812,Punjab,Amritsar,B30,36-45,Male,55.6,Cheque,Verified
INV002548,2024-04-07,120843,Redemption,199739,Haryana,Gurugram,T30,26-35,Male,21.3,Net Banking,Verified
INV002450,2024-04-07,120506,SIP,5285,West Bengal,Kolkata,T30,36-45,Female,14.5,UPI,Pending
INV001739,2024-04-07,148568,SIP,2633,West Bengal,Kolkata,T30,36-45,Female,45.5,UPI,Verified
INV003712,2024-04-07,119094,Redemption,65563,Maharashtra,Pune,T30,46-55,Male,82.6,Net Banking,Verified
INV001883,2024-04-07,125498,SIP,535,Maharashtra,Pune,T30,46-55,Male,69.3,Mandate,Verified
INV003743,2024-04-07,119093,SIP,10003,West Bengal,Kolkata,T30,46-55,Male,79.9,Net Banking,Verified
INV000723,2024-04-07,119095,Lumpsum,399282,Madhya Pradesh,Indore,T30,46-55,Female,31.4,Mandate,Verified
INV000428,2024-04-07,120843,SIP,1091,Delhi,Gurugram,T30,36-45,Male,27.2,Mandate,Verified
INV002958,2024-04-07,119094,SIP,24357,Punjab,Amritsar,B30,26-35,Male,10.3,UPI,Verified
INV004142,2024-04-07,120841,SIP,53227,West Bengal,Kolkata,T30,26-35,Male,12.0,Cheque,Verified
INV000825,2024-04-07,149323,SIP,2169,Madhya Pradesh,Bhopal,B30,18-25,Female,5.5,Cheque,Pending
INV003712,2024-04-07,149322,SIP,2322,Maharashtra,Pune,T30,46-55,Male,82.6,Net Banking,Verified
INV000458,2024-04-07,120503,Lumpsum,328998,Rajasthan,Udaipur,B30,56+,Male,18.9,Mandate,Verified
INV000646,2024-04-07,100025,Lumpsum,316929,Uttar Pradesh,Lucknow,T30,26-35,Female,23.9,UPI,Verified
INV002958,2024-04-07,148568,Redemption,77888,Punjab,Amritsar,B30,26-35,Male,10.3,Net Banking,Pending
INV000804,2024-04-07,119092,Redemption,371649,Karnataka,Mysore,B30,36-45,Male,39.7,Cheque,Verified
INV000500,2024-04-07,119094,Lumpsum,210992,West Bengal,Kolkata,T30,26-35,Female,19.9,UPI,Pending
INV002668,2024-04-07,149323,Redemption,270962,Delhi,Gurugram,T30,26-35,Male,9.8,UPI,Verified
INV001367,2024-04-07,100025,Lumpsum,81636,Maharashtra,Nashik,B30,36-45,Male,32.2,Mandate,Verified
INV002743,2024-04-07,120844,Redemption,442488,Haryana,Gurugram,T30,56+,Male,49.8,Cheque,Verified
INV004818,2024-04-07,119551,Lumpsum,372784,Maharashtra,Pune,T30,26-35,Male,23.5,Mandate,Verified
INV001737,2024-04-07,102886,SIP,554,Telangana,Hyderabad,T30,26-35,Female,10.1,UPI,Verified
INV002045,2024-04-07,119598,Redemption,160642,Rajasthan,Jaipur,T30,18-25,Female,3.8,UPI,Verified
INV003325,2024-04-07,120843,SIP,2528,Haryana,Faridabad,B30,26-35,Male,17.3,Net Banking,Verified
INV003745,2024-04-07,120503,SIP,2310,West Bengal,Kolkata,T30,36-45,Male,17.8,UPI,Verified
INV004738,2024-04-07,100033,SIP,26536,Uttar Pradesh,Kanpur,B30,56+,Female,52.6,Net Banking,Verified
INV004673,2024-04-07,119599,SIP,56526,Maharashtra,Pune,T30,36-45,Female,39.7,Net Banking,Verified
INV000853,2024-04-07,148567,Lumpsum,324844,Punjab,Chandigarh,T30,26-35,Female,8.0,Cheque,Verified
INV002884,2024-04-08,120507,SIP,5071,West Bengal,Kolkata,T30,18-25,Male,7.3,Mandate,Verified
INV003202,2024-04-08,118634,SIP,2727,Maharashtra,Pune,T30,46-55,Male,48.9,Mandate,Verified
INV001485,2024-04-08,102885,SIP,6205,Rajasthan,Jaipur,T30,56+,Female,24.4,Mandate,Verified
INV002602,2024-04-08,100025,Lumpsum,143645,Gujarat,Surat,T30,56+,Female,45.7,UPI,Verified
INV004381,2024-04-08,119094,SIP,446,West Bengal,Kolkata,T30,46-55,Female,27.2,Mandate,Verified
INV000719,2024-04-08,119552,SIP,45093,Tamil Nadu,Coimbatore,B30,18-25,Male,6.8,Mandate,Verified
INV002282,2024-04-08,101207,Redemption,464921,West Bengal,Kolkata,T30,36-45,Male,53.7,Net Banking,Verified
INV001397,2024-04-08,149323,SIP,5368,Delhi,New Delhi,T30,26-35,Male,20.8,Cheque,Verified
INV004848,2024-04-08,100016,SIP,818,Haryana,Gurugram,T30,26-35,Male,15.6,Net Banking,Verified
INV002604,2024-04-08,101208,SIP,3328,Maharashtra,Mumbai,T30,36-45,Female,25.5,UPI,Pending
INV004703,2024-04-08,118634,Redemption,217626,Gujarat,Ahmedabad,T30,56+,Female,45.6,Cheque,Verified
INV003564,2024-04-08,118632,SIP,575,Telangana,Hyderabad,T30,18-25,Male,6.8,Net Banking,Verified
INV001829,2024-04-08,119120,Redemption,316313,Punjab,Chandigarh,T30,26-35,Male,22.7,Net Banking,Verified
INV004038,2024-04-08,102887,SIP,57449,Gujarat,Surat,T30,26-35,Female,24.6,Mandate,Verified
INV001491,2024-04-08,120505,SIP,24181,Tamil Nadu,Chennai,T30,56+,Male,78.5,Net Banking,Verified
INV000195,2024-04-08,120505,SIP,525,Madhya Pradesh,Bhopal,B30,36-45,Female,56.5,Net Banking,Verified
INV004302,2024-04-08,119120,Redemption,361998,Karnataka,Mysore,B30,46-55,Male,63.4,Mandate,Verified
INV004653,2024-04-08,100033,Lumpsum,493510,Rajasthan,Jaipur,T30,46-55,Female,32.2,Cheque,Verified
INV002917,2024-04-08,119094,SIP,4799,Maharashtra,Pune,T30,18-25,Male,6.4,Net Banking,Verified
INV003353,2024-04-08,100016,SIP,5505,Rajasthan,Udaipur,B30,26-35,Female,13.3,Cheque,Verified
INV000460,2024-04-08,119120,SIP,10261,Delhi,Noida,T30,36-45,Male,47.1,Cheque,Verified
INV000033,2024-04-08,119095,Lumpsum,420147,Delhi,New Delhi,T30,36-45,Female,12.4,Net Banking,Verified
INV000979,2024-04-08,119093,SIP,8106,Karnataka,Bangalore,T30,26-35,Male,24.7,Mandate,Verified
INV002245,2024-04-08,101207,SIP,3505,Karnataka,Mysore,B30,26-35,Female,24.6,UPI,Verified
INV002107,2024-04-08,125497,SIP,2821,Telangana,Hyderabad,T30,26-35,Male,18.2,Cheque,Verified
INV002968,2024-04-08,120844,SIP,41568,West Bengal,Kolkata,T30,36-45,Female,16.2,Net Banking,Verified
INV002349,2024-04-08,120842,SIP,522,Punjab,Amritsar,B30,26-35,Female,9.6,Cheque,Verified
INV001109,2024-04-08,101208,Redemption,292543,Delhi,Noida,T30,26-35,Male,18.4,UPI,Verified
INV004616,2024-04-08,119095,Lumpsum,345795,West Bengal,Kolkata,T30,26-35,Female,18.1,Mandate,Pending
INV002002,2024-04-08,118632,Lumpsum,68109,Gujarat,Ahmedabad,T30,36-45,Female,28.4,Cheque,Verified
INV003984,2024-04-08,118633,SIP,15744,Uttar Pradesh,Agra,B30,56+,Female,30.1,UPI,Verified
INV003594,2024-04-08,149324,Redemption,221126,Madhya Pradesh,Indore,T30,18-25,Male,5.8,Cheque,Verified
INV001606,2024-04-08,119551,SIP,22655,Punjab,Amritsar,B30,26-35,Female,23.4,Net Banking,Verified
INV000796,2024-04-08,118636,Redemption,110375,Madhya Pradesh,Indore,T30,18-25,Male,5.0,Cheque,Verified
INV002881,2024-04-08,120504,SIP,54738,Uttar Pradesh,Agra,B30,26-35,Female,11.4,UPI,Verified
INV000959,2024-04-08,148569,Lumpsum,119491,Haryana,Faridabad,B30,46-55,Male,33.9,Mandate,Verified
INV004813,2024-04-08,148568,Redemption,64668,West Bengal,Kolkata,T30,26-35,Male,13.9,Mandate,Verified
INV000267,2024-04-08,118634,SIP,13610,Telangana,Hyderabad,T30,26-35,Male,17.7,Cheque,Verified
INV002891,2024-04-08,125497,SIP,54485,Haryana,Faridabad,B30,36-45,Female,56.5,Net Banking,Verified
INV003195,2024-04-08,120507,SIP,506,Uttar Pradesh,Lucknow,T30,36-45,Female,54.3,Mandate,Verified
INV004341,2024-04-08,148568,SIP,2167,Tamil Nadu,Coimbatore,B30,18-25,Male,7.5,Cheque,Verified
INV002859,2024-04-08,100033,SIP,2070,Madhya Pradesh,Indore,T30,26-35,Male,20.1,Mandate,Verified
INV001987,2024-04-08,120503,SIP,2355,Tamil Nadu,Coimbatore,B30,18-25,Male,7.2,Net Banking,Verified
INV000909,2024-04-08,118633,SIP,4281,Haryana,Gurugram,T30,46-55,Female,92.6,Cheque,Verified
INV001793,2024-04-08,119599,SIP,6744,Karnataka,Mysore,B30,36-45,Female,22.5,Net Banking,Verified
INV000340,2024-04-08,102886,SIP,3439,Delhi,Gurugram,T30,26-35,Female,21.4,Net Banking,Verified
INV003734,2024-04-08,149322,SIP,2226,Tamil Nadu,Coimbatore,B30,56+,Male,70.3,Cheque,Verified
INV002200,2024-04-08,119599,SIP,1090,Madhya Pradesh,Indore,T30,26-35,Male,23.1,Net Banking,Verified
INV000234,2024-04-08,118633,SIP,50799,Tamil Nadu,Coimbatore,B30,26-35,Male,23.8,Cheque,Verified
INV003369,2024-04-08,120843,Redemption,215837,Delhi,Noida,T30,26-35,Male,21.4,Mandate,Verified
INV001288,2024-04-08,102885,SIP,47631,Telangana,Hyderabad,T30,26-35,Male,21.8,Net Banking,Verified
INV001386,2024-04-08,101207,Redemption,88201,Tamil Nadu,Coimbatore,B30,18-25,Male,7.5,Mandate,Verified
INV002304,2024-04-08,149323,SIP,4104,Karnataka,Mysore,B30,46-55,Male,57.7,Cheque,Verified
INV000548,2024-04-08,100016,Redemption,447555,Karnataka,Mysore,B30,36-45,Male,53.2,UPI,Verified
INV003790,2024-04-08,125497,Lumpsum,459153,Maharashtra,Pune,T30,26-35,Male,10.5,Cheque,Verified
INV003000,2024-04-08,148567,SIP,2374,Delhi,Gurugram,T30,36-45,Male,32.3,UPI,Verified
INV002797,2024-04-08,125498,SIP,489,Madhya Pradesh,Indore,T30,36-45,Male,54.3,Net Banking,Verified
INV003134,2024-04-08,100033,Lumpsum,478597,Telangana,Hyderabad,T30,36-45,Female,41.3,Net Banking,Pending
INV002447,2024-04-08,120506,Lumpsum,453004,Telangana,Hyderabad,T30,26-35,Male,21.3,UPI,Verified
INV002286,2024-04-08,149322,Lumpsum,409565,Tamil Nadu,Coimbatore,B30,18-25,Male,5.9,Mandate,Verified
INV003772,2024-04-08,119120,SIP,7551,Punjab,Amritsar,B30,18-25,Female,6.8,Mandate,Verified
INV004243,2024-04-08,119551,SIP,405,Punjab,Amritsar,B30,36-45,Female,38.7,Mandate,Verified
INV000278,2024-04-08,149323,Redemption,92541,Rajasthan,Jaipur,T30,26-35,Male,22.1,Cheque,Verified
INV004114,2024-04-08,120844,SIP,8213,Tamil Nadu,Coimbatore,B30,26-35,Male,9.4,Net Banking,Verified
INV003945,2024-04-08,148568,Lumpsum,219364,Gujarat,Ahmedabad,T30,46-55,Female,48.3,Net Banking,Verified
INV003726,2024-04-08,120506,SIP,523,Tamil Nadu,Coimbatore,B30,26-35,Male,24.1,Mandate,Verified
INV002614,2024-04-08,149323,Redemption,190814,Punjab,Chandigarh,T30,36-45,Male,13.2,Net Banking,Verified
INV000907,2024-04-08,125497,SIP,6328,Karnataka,Bangalore,T30,46-55,Female,64.5,Mandate,Verified
INV000731,2024-04-08,100033,Lumpsum,197640,Rajasthan,Jaipur,T30,18-25,Male,7.1,Net Banking,Verified
INV001163,2024-04-08,120503,Lumpsum,315702,Karnataka,Mysore,B30,26-35,Male,10.2,Mandate,Verified
INV002108,2024-04-08,100025,SIP,46665,Gujarat,Ahmedabad,T30,46-55,Male,35.0,UPI,Verified
INV003563,2024-04-08,119598,SIP,1045,Haryana,Gurugram,T30,46-55,Male,41.8,Mandate,Verified
INV004099,2024-04-08,118633,Redemption,374566,West Bengal,Kolkata,T30,26-35,Male,22.6,Mandate,Verified
INV004110,2024-04-09,120843,SIP,22718,West Bengal,Kolkata,T30,18-25,Male,5.5,Net Banking,Verified
INV003715,2024-04-09,118633,Lumpsum,258649,Punjab,Amritsar,B30,18-25,Male,5.8,Mandate,Verified
INV000889,2024-04-09,102886,SIP,2257,Maharashtra,Mumbai,T30,18-25,Male,6.2,Cheque,Verified
INV000749,2024-04-09,125498,Redemption,155561,Uttar Pradesh,Kanpur,B30,36-45,Male,36.1,Cheque,Verified
INV003417,2024-04-09,100033,SIP,3476,Karnataka,Mysore,B30,26-35,Male,17.6,UPI,Verified
INV002295,2024-04-09,148567,SIP,45149,Telangana,Hyderabad,T30,26-35,Female,17.9,Net Banking,Verified
INV002171,2024-04-09,120844,SIP,12631,Telangana,Hyderabad,T30,56+,Male,21.8,Net Banking,Verified
INV003110,2024-04-09,118635,Redemption,502027,Rajasthan,Jaipur,T30,26-35,Male,9.0,Cheque,Verified
INV001155,2024-04-09,119095,SIP,2612,Telangana,Hyderabad,T30,26-35,Female,16.7,Net Banking,Verified
INV001650,2024-04-09,118634,SIP,11336,Madhya Pradesh,Indore,T30,36-45,Male,38.1,UPI,Verified
INV003159,2024-04-09,119551,Lumpsum,414748,Punjab,Amritsar,B30,36-45,Male,25.9,Cheque,Verified
INV000862,2024-04-09,120507,SIP,44310,Uttar Pradesh,Agra,B30,26-35,Female,24.4,Cheque,Verified
INV000315,2024-04-09,119095,SIP,12078,Telangana,Hyderabad,T30,18-25,Male,3.2,Mandate,Verified
INV002035,2024-04-09,118634,SIP,58146,Tamil Nadu,Chennai,T30,36-45,Male,12.2,Cheque,Verified
INV003897,2024-04-09,119120,SIP,11982,Tamil Nadu,Coimbatore,B30,26-35,Male,24.0,Net Banking,Verified
INV002590,2024-04-09,118635,SIP,13597,West Bengal,Kolkata,T30,36-45,Male,45.1,Net Banking,Pending
INV000249,2024-04-09,149324,SIP,57518,Punjab,Amritsar,B30,26-35,Male,13.4,UPI,Verified
INV002319,2024-04-09,119599,SIP,3512,Karnataka,Mysore,B30,26-35,Male,8.7,Cheque,Verified
INV000095,2024-04-09,100016,Lumpsum,525882,West Bengal,Kolkata,T30,18-25,Male,6.5,Cheque,Verified
INV002705,2024-04-09,119094,Lumpsum,269843,Uttar Pradesh,Lucknow,T30,46-55,Female,90.6,UPI,Verified
INV003835,2024-04-09,120505,SIP,997,Delhi,Noida,T30,36-45,Female,58.3,UPI,Pending
INV002404,2024-04-09,149323,SIP,43070,Madhya Pradesh,Bhopal,B30,18-25,Female,7.5,Cheque,Pending
INV003014,2024-04-09,149322,SIP,58580,Karnataka,Bangalore,T30,26-35,Female,12.3,Mandate,Verified
INV004146,2024-04-09,100033,Lumpsum,466993,Uttar Pradesh,Agra,B30,56+,Male,40.7,Mandate,Verified
INV004466,2024-04-09,119552,SIP,2413,Gujarat,Surat,T30,18-25,Female,3.7,UPI,Verified
INV001206,2024-04-09,120841,Lumpsum,476784,Delhi,Noida,T30,26-35,Male,11.7,Cheque,Verified
INV001822,2024-04-09,119598,SIP,914,Gujarat,Ahmedabad,T30,36-45,Male,59.6,Mandate,Verified
INV001202,2024-04-09,149323,SIP,7555,Karnataka,Bangalore,T30,26-35,Male,11.3,Cheque,Verified
INV003311,2024-04-09,100016,SIP,2266,Madhya Pradesh,Bhopal,B30,26-35,Male,9.5,UPI,Verified
INV001434,2024-04-09,120841,SIP,17975,Maharashtra,Mumbai,T30,46-55,Male,92.6,Mandate,Verified
INV004739,2024-04-09,118632,Lumpsum,329759,Delhi,Gurugram,T30,18-25,Male,3.2,Net Banking,Verified
INV001822,2024-04-09,100025,Lumpsum,357526,Gujarat,Ahmedabad,T30,36-45,Male,59.6,UPI,Verified
INV004823,2024-04-09,102885,SIP,22267,Rajasthan,Jaipur,T30,36-45,Female,52.6,Mandate,Verified
INV000140,2024-04-09,120503,SIP,1050,Punjab,Amritsar,B30,56+,Male,74.0,UPI,Verified
INV001320,2024-04-09,120505,SIP,23700,Punjab,Amritsar,B30,36-45,Male,31.8,UPI,Verified
INV001320,2024-04-09,101208,Lumpsum,148438,Punjab,Amritsar,B30,36-45,Male,31.8,Net Banking,Pending
INV003238,2024-04-09,148567,SIP,54602,Telangana,Hyderabad,T30,26-35,Male,24.1,Net Banking,Verified
INV003638,2024-04-09,125497,SIP,23586,West Bengal,Kolkata,T30,56+,Male,27.1,Net Banking,Verified
INV002737,2024-04-09,120841,Redemption,375927,Gujarat,Ahmedabad,T30,18-25,Female,5.4,Cheque,Verified
INV003220,2024-04-09,102886,Lumpsum,224294,Madhya Pradesh,Bhopal,B30,26-35,Male,7.6,UPI,Pending
INV003748,2024-04-09,120505,SIP,2051,Madhya Pradesh,Indore,T30,46-55,Male,66.4,UPI,Verified
INV003286,2024-04-09,120506,SIP,1150,Tamil Nadu,Chennai,T30,36-45,Female,41.2,Cheque,Verified
INV001115,2024-04-09,119551,SIP,12519,Uttar Pradesh,Kanpur,B30,26-35,Male,20.7,Cheque,Verified
INV000374,2024-04-09,119552,Redemption,183733,West Bengal,Kolkata,T30,18-25,Female,4.1,Mandate,Verified
INV004631,2024-04-09,125497,SIP,9293,Tamil Nadu,Chennai,T30,36-45,Female,20.2,Cheque,Verified
INV004151,2024-04-09,118635,SIP,1733,Karnataka,Mysore,B30,26-35,Male,21.6,Cheque,Pending
INV001716,2024-04-09,101208,SIP,2073,Haryana,Gurugram,T30,36-45,Male,45.0,UPI,Verified
INV000204,2024-04-09,102886,Lumpsum,178374,Punjab,Chandigarh,T30,36-45,Male,17.7,Net Banking,Verified
INV001999,2024-04-09,148569,SIP,1754,Rajasthan,Udaipur,B30,18-25,Male,5.8,Net Banking,Verified
INV001104,2024-04-09,120843,Redemption,179745,Haryana,Gurugram,T30,26-35,Male,14.9,UPI,Verified
INV001015,2024-04-09,120844,Lumpsum,411498,Haryana,Gurugram,T30,36-45,Female,21.1,Net Banking,Verified
INV002207,2024-04-09,149322,SIP,58720,Madhya Pradesh,Indore,T30,26-35,Female,6.6,UPI,Verified
INV001218,2024-04-09,120504,SIP,2426,Madhya Pradesh,Bhopal,B30,36-45,Male,21.1,Mandate,Verified
INV003502,2024-04-09,120506,Lumpsum,238770,Punjab,Amritsar,B30,56+,Female,20.5,Mandate,Verified
INV002546,2024-04-09,148568,SIP,2427,Gujarat,Surat,T30,26-35,Male,19.3,Cheque,Verified
INV004969,2024-04-09,149324,SIP,13219,Karnataka,Bangalore,T30,36-45,Male,40.2,Cheque,Pending
INV000602,2024-04-09,149324,Lumpsum,280701,West Bengal,Kolkata,T30,18-25,Male,8.0,Cheque,Verified
INV003824,2024-04-09,118635,Lumpsum,311962,Telangana,Hyderabad,T30,26-35,Male,9.4,Net Banking,Verified
INV001223,2024-04-09,119551,Lumpsum,393909,Punjab,Amritsar,B30,56+,Male,46.0,Cheque,Verified
INV004914,2024-04-09,101207,SIP,7905,Karnataka,Mysore,B30,26-35,Female,13.4,Cheque,Verified
INV000290,2024-04-10,149322,SIP,2480,Punjab,Chandigarh,T30,26-35,Male,17.9,Cheque,Verified
INV000625,2024-04-10,118634,Redemption,294562,Rajasthan,Jaipur,T30,46-55,Female,19.7,Mandate,Verified
INV004174,2024-04-10,148567,SIP,51823,Rajasthan,Udaipur,B30,18-25,Male,4.7,UPI,Verified
INV004739,2024-04-10,118636,SIP,59814,Delhi,Gurugram,T30,18-25,Male,3.2,UPI,Verified
INV003048,2024-04-10,119598,Redemption,525045,Rajasthan,Jaipur,T30,26-35,Female,20.6,UPI,Verified
INV002828,2024-04-10,101207,SIP,5328,West Bengal,Kolkata,T30,26-35,Male,21.8,Mandate,Verified
INV003272,2024-04-10,125498,SIP,46404,Uttar Pradesh,Kanpur,B30,26-35,Male,21.8,UPI,Verified
INV002149,2024-04-10,125497,Lumpsum,301364,Tamil Nadu,Coimbatore,B30,26-35,Male,21.8,Cheque,Verified
INV002596,2024-04-10,120843,SIP,1757,Maharashtra,Pune,T30,26-35,Male,16.2,Cheque,Verified
INV001183,2024-04-10,120503,SIP,2604,West Bengal,Kolkata,T30,46-55,Male,79.9,Net Banking,Verified
INV001506,2024-04-10,125498,Redemption,236123,Delhi,Noida,T30,26-35,Female,16.0,Cheque,Verified
INV000530,2024-04-10,149323,SIP,13875,West Bengal,Kolkata,T30,18-25,Male,5.3,Cheque,Verified
INV001482,2024-04-10,125497,SIP,2630,Madhya Pradesh,Indore,T30,46-55,Female,87.0,Mandate,Verified
INV001671,2024-04-10,119093,SIP,1641,Punjab,Chandigarh,T30,56+,Male,31.2,Net Banking,Verified
INV004769,2024-04-10,148567,SIP,585,Punjab,Amritsar,B30,46-55,Female,25.3,Net Banking,Verified
INV001785,2024-04-10,119120,SIP,915,Karnataka,Mysore,B30,26-35,Male,14.5,Mandate,Verified
INV004256,2024-04-10,120503,SIP,427,Karnataka,Mysore,B30,26-35,Male,22.3,Cheque,Verified
INV000446,2024-04-10,148567,SIP,8542,Rajasthan,Jaipur,T30,26-35,Female,23.8,Net Banking,Verified
INV001672,2024-04-10,102885,Redemption,276591,Maharashtra,Pune,T30,18-25,Male,5.4,Cheque,Verified
INV001789,2024-04-10,148568,Lumpsum,343120,Gujarat,Surat,T30,18-25,Male,4.4,UPI,Pending
INV001923,2024-04-10,119598,Redemption,226525,Gujarat,Surat,T30,18-25,Female,4.0,Mandate,Verified
INV003463,2024-04-10,118633,Redemption,56807,Uttar Pradesh,Kanpur,B30,26-35,Male,14.1,Cheque,Verified
INV003352,2024-04-10,118633,Redemption,254675,Maharashtra,Mumbai,T30,36-45,Male,59.3,Mandate,Verified
INV001260,2024-04-10,120504,SIP,15438,Delhi,Gurugram,T30,26-35,Male,23.4,UPI,Verified
INV003570,2024-04-10,119120,Redemption,492873,Delhi,New Delhi,T30,26-35,Male,12.3,Cheque,Verified
INV003304,2024-04-10,118634,Lumpsum,396379,Telangana,Hyderabad,T30,18-25,Female,4.8,Net Banking,Verified
INV000495,2024-04-10,102885,SIP,21556,Gujarat,Surat,T30,26-35,Female,7.6,Net Banking,Verified
INV001538,2024-04-10,120505,Lumpsum,175442,Madhya Pradesh,Bhopal,B30,18-25,Female,3.1,Mandate,Verified
INV001493,2024-04-10,118634,Redemption,18129,Karnataka,Mysore,B30,18-25,Female,3.2,Mandate,Verified
INV001972,2024-04-10,120844,SIP,2190,Uttar Pradesh,Kanpur,B30,18-25,Male,4.6,Net Banking,Verified
INV004925,2024-04-10,119095,SIP,6225,Maharashtra,Pune,T30,18-25,Female,5.4,Mandate,Verified
INV000487,2024-04-10,125497,SIP,9708,Telangana,Hyderabad,T30,36-45,Male,41.7,Cheque,Verified
INV002318,2024-04-10,118636,Lumpsum,66426,Tamil Nadu,Chennai,T30,36-45,Male,21.1,Cheque,Verified
INV000547,2024-04-10,120842,SIP,2827,West Bengal,Kolkata,T30,26-35,Male,16.6,Net Banking,Verified
INV000496,2024-04-10,125497,SIP,1719,Maharashtra,Mumbai,T30,36-45,Male,14.3,Net Banking,Verified
INV004600,2024-04-10,118633,Redemption,125168,West Bengal,Kolkata,T30,46-55,Female,35.5,Mandate,Verified
INV001810,2024-04-10,101207,Lumpsum,200271,Uttar Pradesh,Kanpur,B30,26-35,Female,10.1,Mandate,Verified
INV002749,2024-04-10,119094,Lumpsum,118324,West Bengal,Kolkata,T30,46-55,Female,58.7,Mandate,Verified
INV003481,2024-04-10,119093,SIP,47070,Punjab,Chandigarh,T30,46-55,Male,90.9,Net Banking,Verified
INV000228,2024-04-10,118632,SIP,24772,Karnataka,Bangalore,T30,26-35,Male,7.2,UPI,Verified
INV002429,2024-04-10,119552,SIP,2043,Rajasthan,Udaipur,B30,26-35,Male,11.2,Mandate,Verified
INV001587,2024-04-10,119598,SIP,2663,Punjab,Chandigarh,T30,26-35,Male,22.3,UPI,Verified
INV001262,2024-04-10,102885,Redemption,316379,Karnataka,Bangalore,T30,26-35,Male,14.0,UPI,Verified
INV004692,2024-04-10,119598,SIP,4957,Madhya Pradesh,Bhopal,B30,26-35,Male,11.6,Cheque,Verified
INV004367,2024-04-10,120841,SIP,2331,Karnataka,Mysore,B30,26-35,Female,8.3,Net Banking,Verified
INV004533,2024-04-10,119599,Lumpsum,306087,Gujarat,Ahmedabad,T30,36-45,Male,51.5,Net Banking,Verified
INV000933,2024-04-10,119093,Lumpsum,210708,Rajasthan,Jaipur,T30,36-45,Female,14.9,Mandate,Verified
INV001890,2024-04-10,120843,SIP,406,Madhya Pradesh,Bhopal,B30,26-35,Male,21.9,Cheque,Verified
INV001422,2024-04-10,118636,SIP,9559,Punjab,Amritsar,B30,36-45,Male,38.6,Net Banking,Verified
INV004367,2024-04-10,148569,SIP,8247,Karnataka,Mysore,B30,26-35,Female,8.3,UPI,Verified
INV001210,2024-04-10,118632,SIP,7325,Uttar Pradesh,Agra,B30,36-45,Male,25.5,Net Banking,Verified
INV004376,2024-04-10,120841,Lumpsum,24310,West Bengal,Kolkata,T30,46-55,Female,92.6,UPI,Verified
INV004128,2024-04-10,120506,Lumpsum,294365,Haryana,Faridabad,B30,18-25,Male,3.3,Cheque,Verified
INV001558,2024-04-10,149323,SIP,1159,West Bengal,Kolkata,T30,56+,Female,23.8,Mandate,Verified
INV004698,2024-04-10,149323,SIP,26613,Gujarat,Surat,T30,36-45,Female,39.2,Net Banking,Verified
INV003533,2024-04-10,120506,Redemption,434618,Telangana,Hyderabad,T30,56+,Female,11.4,UPI,Verified
INV002006,2024-04-10,100016,SIP,1830,Punjab,Chandigarh,T30,26-35,Male,15.3,Cheque,Verified
INV000884,2024-04-10,149324,SIP,1133,Delhi,Gurugram,T30,18-25,Female,6.4,Mandate,Verified
INV001712,2024-04-10,102885,SIP,4061,West Bengal,Kolkata,T30,18-25,Male,6.2,Mandate,Verified
INV002234,2024-04-10,148567,SIP,50787,Rajasthan,Jaipur,T30,26-35,Male,24.5,Mandate,Verified
INV000674,2024-04-10,119599,Lumpsum,38622,Rajasthan,Udaipur,B30,26-35,Female,12.5,Net Banking,Verified
INV001039,2024-04-10,120844,SIP,4921,Gujarat,Surat,T30,36-45,Male,12.8,Net Banking,Verified
INV003451,2024-04-10,125497,SIP,594,Punjab,Amritsar,B30,18-25,Female,5.2,Net Banking,Verified
INV002692,2024-04-10,101206,Redemption,381920,West Bengal,Kolkata,T30,26-35,Male,16.7,Mandate,Verified
INV004619,2024-04-10,120506,SIP,56903,Gujarat,Ahmedabad,T30,46-55,Male,47.9,Cheque,Verified
INV003297,2024-04-10,125497,Lumpsum,456522,Madhya Pradesh,Bhopal,B30,36-45,Female,16.3,Cheque,Verified
INV002036,2024-04-10,101207,Lumpsum,380578,Madhya Pradesh,Indore,T30,26-35,Male,23.2,Net Banking,Verified
INV001361,2024-04-10,119552,Lumpsum,416738,West Bengal,Kolkata,T30,26-35,Female,21.1,Mandate,Verified
INV004910,2024-04-10,119095,Lumpsum,396160,Karnataka,Mysore,B30,26-35,Female,22.7,Net Banking,Verified
INV001971,2024-04-11,148568,SIP,16034,Gujarat,Ahmedabad,T30,26-35,Male,21.0,Cheque,Verified
INV000720,2024-04-11,148568,Redemption,126693,Gujarat,Ahmedabad,T30,18-25,Female,5.8,Cheque,Verified
INV002705,2024-04-11,100033,SIP,8323,Uttar Pradesh,Lucknow,T30,46-55,Female,90.6,UPI,Verified
INV001567,2024-04-11,125498,Redemption,249039,West Bengal,Kolkata,T30,36-45,Male,12.2,Cheque,Verified
INV001314,2024-04-11,119552,SIP,54675,Gujarat,Ahmedabad,T30,26-35,Female,19.2,Net Banking,Verified
INV001348,2024-04-11,119120,SIP,10194,Haryana,Gurugram,T30,26-35,Female,8.6,Net Banking,Verified
INV003173,2024-04-11,120507,SIP,2839,Gujarat,Surat,T30,18-25,Male,7.1,Net Banking,Verified
INV003670,2024-04-11,120842,Lumpsum,368969,Punjab,Chandigarh,T30,36-45,Male,38.4,Net Banking,Verified
INV000004,2024-04-11,119095,SIP,20602,Punjab,Chandigarh,T30,26-35,Male,20.0,Net Banking,Verified
INV002400,2024-04-11,102887,SIP,431,Punjab,Chandigarh,T30,36-45,Male,15.5,Mandate,Verified
INV003910,2024-04-11,100033,Lumpsum,474317,Maharashtra,Pune,T30,26-35,Male,8.8,UPI,Verified
INV001689,2024-04-11,118636,SIP,5082,Haryana,Faridabad,B30,36-45,Male,40.4,UPI,Verified
INV002218,2024-04-11,119092,SIP,14188,Punjab,Amritsar,B30,36-45,Male,52.7,Cheque,Verified
INV004869,2024-04-11,119552,Lumpsum,275148,West Bengal,Kolkata,T30,26-35,Male,9.7,Cheque,Verified
INV000180,2024-04-11,119095,Lumpsum,391062,Tamil Nadu,Coimbatore,B30,46-55,Female,24.7,UPI,Verified
INV002525,2024-04-11,102886,SIP,5215,Tamil Nadu,Coimbatore,B30,18-25,Male,4.5,Net Banking,Verified
INV001982,2024-04-11,149323,SIP,27101,Karnataka,Mysore,B30,26-35,Male,14.9,UPI,Pending
INV004447,2024-04-11,100016,SIP,21507,West Bengal,Kolkata,T30,36-45,Female,53.4,UPI,Verified
INV001945,2024-04-11,148569,SIP,2845,Gujarat,Ahmedabad,T30,26-35,Male,8.0,Cheque,Verified
INV003176,2024-04-11,120842,SIP,55478,Haryana,Gurugram,T30,46-55,Male,51.6,UPI,Verified
INV002954,2024-04-11,120841,SIP,544,Delhi,New Delhi,T30,26-35,Female,6.0,UPI,Verified
INV003862,2024-04-11,100033,SIP,1833,Madhya Pradesh,Indore,T30,26-35,Male,17.0,UPI,Pending
INV004804,2024-04-11,149323,SIP,8418,Maharashtra,Mumbai,T30,36-45,Male,44.1,UPI,Verified
INV001790,2024-04-11,120841,Lumpsum,19218,Punjab,Chandigarh,T30,46-55,Male,15.8,Cheque,Verified
INV003151,2024-04-11,125498,SIP,9435,Tamil Nadu,Coimbatore,B30,56+,Female,69.5,Net Banking,Verified
INV004855,2024-04-11,148567,SIP,14380,Madhya Pradesh,Bhopal,B30,36-45,Female,49.4,UPI,Verified
INV002486,2024-04-11,119552,Lumpsum,95179,Gujarat,Surat,T30,56+,Male,16.2,Mandate,Verified
INV003589,2024-04-11,120506,Redemption,340429,Maharashtra,Nashik,B30,26-35,Female,11.4,UPI,Verified
INV001962,2024-04-11,119599,SIP,2434,Maharashtra,Mumbai,T30,26-35,Male,13.6,Cheque,Verified
INV001195,2024-04-11,118634,SIP,8752,Gujarat,Surat,T30,26-35,Male,6.4,Mandate,Verified
INV004812,2024-04-11,102887,Lumpsum,67947,Punjab,Amritsar,B30,18-25,Male,4.4,Net Banking,Verified
INV001695,2024-04-11,120842,SIP,3090,Punjab,Amritsar,B30,36-45,Male,24.0,Net Banking,Verified
INV002249,2024-04-11,119599,Lumpsum,155742,Karnataka,Bangalore,T30,36-45,Male,19.6,Cheque,Verified
INV003023,2024-04-11,120506,SIP,546,Gujarat,Ahmedabad,T30,26-35,Female,13.6,Net Banking,Verified
INV004033,2024-04-11,119551,SIP,28163,West Bengal,Kolkata,T30,36-45,Male,56.1,UPI,Verified
INV002705,2024-04-11,101208,Redemption,59295,Uttar Pradesh,Lucknow,T30,46-55,Female,90.6,UPI,Verified
INV001650,2024-04-11,118632,Lumpsum,175792,Madhya Pradesh,Indore,T30,36-45,Male,38.1,Cheque,Verified
INV002974,2024-04-11,100025,Lumpsum,176787,Telangana,Hyderabad,T30,26-35,Female,21.9,UPI,Verified
INV001329,2024-04-11,119552,Lumpsum,286122,Punjab,Amritsar,B30,36-45,Female,37.2,Mandate,Verified
INV003600,2024-04-11,119120,SIP,2815,West Bengal,Kolkata,T30,56+,Female,19.3,Net Banking,Verified
INV004718,2024-04-11,119093,Lumpsum,226893,Delhi,New Delhi,T30,56+,Male,52.4,Mandate,Verified
INV003014,2024-04-11,119094,SIP,27942,Karnataka,Bangalore,T30,26-35,Female,12.3,UPI,Verified
INV002232,2024-04-11,149324,SIP,528,Karnataka,Bangalore,T30,26-35,Female,16.9,Cheque,Verified
INV004384,2024-04-11,119551,SIP,5523,Delhi,Noida,T30,26-35,Male,12.1,UPI,Verified
INV004294,2024-04-11,120843,Lumpsum,439688,Punjab,Chandigarh,T30,56+,Female,76.0,UPI,Verified
INV003785,2024-04-11,125497,SIP,28831,Karnataka,Bangalore,T30,36-45,Male,28.2,Cheque,Verified
INV003018,2024-04-11,100016,SIP,2370,Delhi,Gurugram,T30,36-45,Male,14.1,Net Banking,Verified
INV003756,2024-04-11,120843,Lumpsum,103333,Telangana,Hyderabad,T30,26-35,Male,6.9,UPI,Verified
INV002811,2024-04-11,102885,Lumpsum,256258,Uttar Pradesh,Agra,B30,36-45,Male,43.7,Cheque,Verified
INV002287,2024-04-11,119094,Lumpsum,35271,Madhya Pradesh,Bhopal,B30,46-55,Male,64.1,Cheque,Verified
INV003203,2024-04-11,118633,SIP,12085,Telangana,Hyderabad,T30,26-35,Male,22.5,Net Banking,Verified
INV004414,2024-04-11,119551,SIP,1136,Uttar Pradesh,Lucknow,T30,26-35,Male,6.6,Mandate,Verified
INV002597,2024-04-11,118636,Lumpsum,185634,West Bengal,Kolkata,T30,26-35,Male,12.0,UPI,Verified
INV001088,2024-04-11,148567,SIP,13524,Tamil Nadu,Coimbatore,B30,26-35,Male,15.3,Net Banking,Verified
INV002228,2024-04-11,102885,Lumpsum,277468,Uttar Pradesh,Kanpur,B30,18-25,Male,7.7,Mandate,Verified
INV002245,2024-04-11,125498,Lumpsum,318613,Karnataka,Mysore,B30,26-35,Female,24.6,Net Banking,Pending
INV000765,2024-04-11,149322,SIP,1778,Telangana,Hyderabad,T30,18-25,Male,4.6,Cheque,Pending
INV000010,2024-04-11,120506,SIP,2855,Maharashtra,Pune,T30,36-45,Male,13.6,Mandate,Verified
INV001531,2024-04-11,101208,SIP,3178,Haryana,Gurugram,T30,26-35,Female,14.8,UPI,Verified
INV002910,2024-04-11,125498,SIP,15265,Haryana,Faridabad,B30,26-35,Female,22.0,Mandate,Verified
INV001395,2024-04-11,100025,Lumpsum,394828,Telangana,Hyderabad,T30,56+,Male,53.5,Cheque,Verified
INV002920,2024-04-11,102887,Lumpsum,174387,Punjab,Chandigarh,T30,36-45,Male,19.5,Mandate,Pending
INV000724,2024-04-11,119599,SIP,880,Uttar Pradesh,Kanpur,B30,46-55,Male,78.7,Cheque,Verified
INV000011,2024-04-11,102887,SIP,15632,West Bengal,Kolkata,T30,26-35,Male,9.6,UPI,Verified
INV004524,2024-04-11,149323,Lumpsum,282250,Gujarat,Surat,T30,18-25,Male,4.3,Net Banking,Verified
INV003874,2024-04-11,101206,SIP,5520,Punjab,Amritsar,B30,26-35,Female,16.5,Cheque,Verified
INV004864,2024-04-11,102887,SIP,2126,Punjab,Amritsar,B30,26-35,Female,10.5,Mandate,Pending
INV003543,2024-04-11,120505,Redemption,277564,Maharashtra,Nashik,B30,26-35,Male,8.3,Mandate,Verified
INV003686,2024-04-11,120844,SIP,2110,Gujarat,Surat,T30,18-25,Male,3.8,UPI,Verified
INV004592,2024-04-11,119120,Lumpsum,161395,Maharashtra,Pune,T30,36-45,Male,56.6,Cheque,Verified
INV002153,2024-04-12,148567,SIP,8426,Maharashtra,Nashik,B30,18-25,Female,3.5,Cheque,Verified
INV002957,2024-04-12,102887,SIP,5573,Tamil Nadu,Chennai,T30,26-35,Male,15.5,Mandate,Verified
INV003435,2024-04-12,101208,Redemption,55117,Maharashtra,Nashik,B30,26-35,Female,17.8,Net Banking,Verified
INV002471,2024-04-12,148568,Lumpsum,35446,Punjab,Chandigarh,T30,18-25,Male,3.1,Mandate,Verified
INV001844,2024-04-12,101208,Redemption,62966,West Bengal,Kolkata,T30,26-35,Female,18.8,Cheque,Verified
INV002272,2024-04-12,119599,Lumpsum,14565,Maharashtra,Pune,T30,18-25,Male,5.3,Cheque,Verified
INV004542,2024-04-12,120503,SIP,6726,Maharashtra,Pune,T30,36-45,Male,53.7,Net Banking,Verified
INV001734,2024-04-12,119551,SIP,893,Karnataka,Bangalore,T30,36-45,Female,16.3,Cheque,Verified
INV000350,2024-04-12,125497,SIP,862,Uttar Pradesh,Lucknow,T30,46-55,Male,32.0,Mandate,Verified
INV000678,2024-04-12,119095,SIP,818,Gujarat,Surat,T30,26-35,Male,19.1,Mandate,Verified
INV002953,2024-04-12,118636,SIP,5355,Tamil Nadu,Coimbatore,B30,46-55,Male,62.4,Mandate,Pending
INV001359,2024-04-12,120842,SIP,48956,Haryana,Gurugram,T30,36-45,Female,41.8,UPI,Verified
INV003830,2024-04-12,149324,Redemption,252242,Punjab,Amritsar,B30,26-35,Male,17.6,Mandate,Verified
INV000150,2024-04-12,118634,Lumpsum,107223,Karnataka,Mysore,B30,18-25,Male,3.5,Net Banking,Verified
INV003213,2024-04-12,118633,Lumpsum,26398,Uttar Pradesh,Lucknow,T30,26-35,Male,21.3,UPI,Verified
INV003976,2024-04-12,120844,SIP,1182,Telangana,Hyderabad,T30,46-55,Male,18.9,Net Banking,Verified
INV000121,2024-04-12,120842,Lumpsum,542470,Telangana,Hyderabad,T30,18-25,Male,7.8,Net Banking,Verified
INV004329,2024-04-12,119551,SIP,20058,Haryana,Gurugram,T30,18-25,Female,7.5,UPI,Verified
INV000232,2024-04-12,119552,SIP,7200,Uttar Pradesh,Agra,B30,26-35,Male,15.7,Mandate,Verified
INV002891,2024-04-12,118636,SIP,17413,Haryana,Faridabad,B30,36-45,Female,56.5,Net Banking,Verified
INV003661,2024-04-12,148567,Lumpsum,159801,Delhi,Noida,T30,18-25,Female,6.4,Mandate,Verified
INV000004,2024-04-12,149322,Redemption,290902,Punjab,Chandigarh,T30,26-35,Male,20.0,Net Banking,Verified
INV004974,2024-04-12,119552,SIP,29138,Gujarat,Ahmedabad,T30,56+,Female,62.6,UPI,Verified
INV003307,2024-04-12,118632,SIP,1173,Rajasthan,Udaipur,B30,18-25,Male,7.1,Cheque,Verified
INV003469,2024-04-12,120841,SIP,3315,Maharashtra,Nashik,B30,26-35,Male,9.9,UPI,Verified
INV000988,2024-04-12,119092,Lumpsum,337942,Rajasthan,Jaipur,T30,36-45,Male,28.7,UPI,Verified
INV003716,2024-04-12,119093,SIP,10806,Uttar Pradesh,Kanpur,B30,36-45,Male,37.7,Mandate,Verified
INV004080,2024-04-12,120503,Lumpsum,291048,Punjab,Amritsar,B30,26-35,Female,18.7,Mandate,Verified
INV003916,2024-04-12,102885,Redemption,268578,Karnataka,Mysore,B30,26-35,Male,23.6,Net Banking,Verified
INV001484,2024-04-12,118632,SIP,876,Tamil Nadu,Chennai,T30,36-45,Male,13.1,Net Banking,Verified
INV004943,2024-04-12,102887,SIP,12733,Telangana,Hyderabad,T30,26-35,Male,8.8,Net Banking,Verified
INV001585,2024-04-12,119599,SIP,17011,Telangana,Hyderabad,T30,36-45,Male,28.3,UPI,Verified
INV001099,2024-04-12,149324,Redemption,131560,Haryana,Gurugram,T30,26-35,Female,18.9,Mandate,Verified
INV003404,2024-04-12,119094,SIP,1945,Tamil Nadu,Chennai,T30,36-45,Male,26.8,Net Banking,Verified
INV001063,2024-04-12,100016,Redemption,470452,Haryana,Faridabad,B30,26-35,Male,24.1,Net Banking,Verified
INV004062,2024-04-12,119092,SIP,5321,Delhi,Noida,T30,36-45,Female,39.9,Cheque,Verified
INV003040,2024-04-12,125498,Redemption,71353,Karnataka,Bangalore,T30,26-35,Female,15.3,Mandate,Verified
INV000814,2024-04-12,120842,SIP,22764,Delhi,New Delhi,T30,26-35,Male,17.8,Mandate,Verified
INV001005,2024-04-12,101207,SIP,2703,Karnataka,Bangalore,T30,46-55,Male,84.6,Mandate,Verified
INV000283,2024-04-12,125498,Redemption,333881,West Bengal,Kolkata,T30,46-55,Male,18.1,Mandate,Verified
INV000446,2024-04-12,149323,SIP,5476,Rajasthan,Jaipur,T30,26-35,Female,23.8,Net Banking,Pending
INV003809,2024-04-12,148568,Lumpsum,58215,Tamil Nadu,Coimbatore,B30,36-45,Male,45.3,Net Banking,Verified
INV001088,2024-04-12,125497,Lumpsum,372378,Tamil Nadu,Coimbatore,B30,26-35,Male,15.3,Mandate,Verified
INV002198,2024-04-12,119598,Lumpsum,274122,Delhi,Gurugram,T30,36-45,Female,43.3,Cheque,Verified
INV002095,2024-04-12,120841,SIP,2476,Punjab,Amritsar,B30,26-35,Male,9.2,Mandate,Verified
INV001197,2024-04-12,119093,Redemption,230235,West Bengal,Kolkata,T30,36-45,Female,29.6,Cheque,Verified
INV004922,2024-04-12,149322,SIP,13230,Haryana,Gurugram,T30,56+,Male,28.2,Mandate,Verified
INV001005,2024-04-12,100016,Lumpsum,319954,Karnataka,Bangalore,T30,46-55,Male,84.6,Net Banking,Verified
INV004232,2024-04-12,100033,Redemption,196797,Tamil Nadu,Chennai,T30,26-35,Male,19.0,UPI,Verified
INV001929,2024-04-12,149322,Lumpsum,308791,Rajasthan,Jaipur,T30,56+,Male,60.1,Cheque,Verified
INV004372,2024-04-12,120504,SIP,2604,Haryana,Faridabad,B30,26-35,Female,22.9,Cheque,Verified
INV000693,2024-04-12,119095,SIP,3263,Haryana,Faridabad,B30,26-35,Male,11.0,UPI,Verified
INV003494,2024-04-12,100025,Redemption,173164,Punjab,Chandigarh,T30,26-35,Female,18.6,Net Banking,Verified
INV001342,2024-04-12,100016,Lumpsum,300845,West Bengal,Kolkata,T30,26-35,Female,15.5,UPI,Verified
INV000055,2024-04-12,100025,SIP,27583,Karnataka,Bangalore,T30,26-35,Male,13.5,UPI,Verified
INV000527,2024-04-12,118636,Lumpsum,85719,Telangana,Hyderabad,T30,26-35,Male,12.1,Cheque,Verified
INV004310,2024-04-12,118634,Redemption,303099,Telangana,Hyderabad,T30,36-45,Male,18.3,Mandate,Verified
INV004694,2024-04-12,148569,Lumpsum,69708,Gujarat,Surat,T30,26-35,Male,9.9,UPI,Pending
INV004931,2024-04-12,118634,SIP,959,Punjab,Chandigarh,T30,26-35,Male,21.7,Net Banking,Verified
INV000604,2024-04-12,148567,SIP,48021,Karnataka,Bangalore,T30,26-35,Male,9.5,Net Banking,Verified
INV000191,2024-04-12,102887,SIP,2220,Karnataka,Bangalore,T30,26-35,Male,23.1,Mandate,Verified
INV001496,2024-04-12,118633,Redemption,518720,West Bengal,Kolkata,T30,18-25,Male,4.5,Cheque,Verified
INV002982,2024-04-12,148569,SIP,7054,Gujarat,Surat,T30,36-45,Male,22.1,Net Banking,Verified
INV001037,2024-04-12,120504,SIP,11297,Haryana,Faridabad,B30,36-45,Female,41.8,UPI,Verified
INV003661,2024-04-12,119120,SIP,24615,Delhi,Noida,T30,18-25,Female,6.4,Cheque,Verified
INV000437,2024-04-12,100016,SIP,2855,Telangana,Hyderabad,T30,26-35,Female,6.1,Net Banking,Verified
INV002645,2024-04-12,149323,Lumpsum,174593,Haryana,Gurugram,T30,46-55,Female,67.7,UPI,Verified
INV002215,2024-04-12,118636,Redemption,59164,Madhya Pradesh,Bhopal,B30,18-25,Male,3.4,Net Banking,Verified
INV000732,2024-04-12,148569,Lumpsum,194861,Haryana,Faridabad,B30,46-55,Female,40.8,Cheque,Verified
INV001019,2024-04-12,120505,SIP,20587,Madhya Pradesh,Indore,T30,26-35,Male,10.6,UPI,Verified
INV000397,2024-04-12,102887,SIP,2496,Gujarat,Ahmedabad,T30,36-45,Female,25.4,Cheque,Verified
INV002632,2024-04-12,100016,SIP,4708,Tamil Nadu,Chennai,T30,26-35,Female,14.1,Net Banking,Verified
INV000363,2024-04-12,120505,SIP,1117,Madhya Pradesh,Bhopal,B30,26-35,Male,22.6,Net Banking,Verified
INV000172,2024-04-12,119095,SIP,59407,Delhi,Noida,T30,36-45,Male,53.2,Net Banking,Verified
INV001064,2024-04-12,120506,SIP,29549,West Bengal,Kolkata,T30,46-55,Male,67.9,Mandate,Verified
INV004437,2024-04-12,120842,Redemption,161689,Telangana,Hyderabad,T30,26-35,Male,13.7,Mandate,Verified
INV004497,2024-04-13,120842,Redemption,291707,Rajasthan,Jaipur,T30,26-35,Female,13.3,Mandate,Verified
INV003515,2024-04-13,120507,SIP,2785,West Bengal,Kolkata,T30,26-35,Male,16.3,Cheque,Verified
INV002389,2024-04-13,119599,SIP,2765,Haryana,Faridabad,B30,36-45,Male,50.8,Mandate,Verified
INV000928,2024-04-13,118633,SIP,981,Tamil Nadu,Coimbatore,B30,18-25,Female,6.2,UPI,Verified
INV001561,2024-04-13,118636,SIP,2070,Rajasthan,Udaipur,B30,36-45,Male,39.4,UPI,Verified
INV003359,2024-04-13,100025,Lumpsum,77193,Gujarat,Ahmedabad,T30,26-35,Male,18.4,Net Banking,Verified
INV004239,2024-04-13,102885,Redemption,330686,Karnataka,Bangalore,T30,18-25,Female,6.3,Cheque,Verified
INV004748,2024-04-13,119552,SIP,7039,Delhi,Noida,T30,26-35,Male,12.6,Mandate,Verified
INV003689,2024-04-13,120507,SIP,53655,Haryana,Gurugram,T30,46-55,Male,79.9,Mandate,Verified
INV001115,2024-04-13,100025,SIP,2278,Uttar Pradesh,Kanpur,B30,26-35,Male,20.7,Mandate,Verified
INV003404,2024-04-13,119599,SIP,2614,Tamil Nadu,Chennai,T30,36-45,Male,26.8,Mandate,Verified
INV002827,2024-04-13,101207,SIP,10239,Karnataka,Mysore,B30,36-45,Female,58.1,Mandate,Verified
INV004063,2024-04-13,119095,SIP,1631,Haryana,Gurugram,T30,36-45,Male,19.3,Mandate,Verified
INV004138,2024-04-13,120841,SIP,908,Madhya Pradesh,Indore,T30,36-45,Male,18.2,Cheque,Verified
INV004868,2024-04-13,120843,SIP,53894,Karnataka,Bangalore,T30,36-45,Male,49.4,Cheque,Verified
INV003996,2024-04-13,120842,Redemption,271129,Karnataka,Bangalore,T30,36-45,Female,39.8,UPI,Verified
INV003683,2024-04-13,120504,SIP,15104,Telangana,Hyderabad,T30,26-35,Female,21.0,Net Banking,Verified
INV001185,2024-04-13,120842,Lumpsum,328309,Haryana,Faridabad,B30,26-35,Female,22.5,Mandate,Pending
INV002899,2024-04-13,120843,Redemption,38143,Punjab,Amritsar,B30,18-25,Male,7.6,Net Banking,Verified
INV001182,2024-04-13,149323,SIP,12588,Punjab,Amritsar,B30,26-35,Male,9.1,Mandate,Verified
INV000456,2024-04-13,120506,SIP,2650,Karnataka,Mysore,B30,26-35,Male,17.2,Net Banking,Verified
INV001999,2024-04-13,120503,Redemption,558252,Rajasthan,Udaipur,B30,18-25,Male,5.8,UPI,Verified
INV002342,2024-04-13,101207,SIP,835,Maharashtra,Mumbai,T30,26-35,Male,15.8,Net Banking,Pending
INV003134,2024-04-13,149324,Redemption,85804,Telangana,Hyderabad,T30,36-45,Female,41.3,Net Banking,Verified
INV002850,2024-04-13,119599,SIP,7962,Uttar Pradesh,Lucknow,T30,46-55,Male,76.5,Mandate,Verified
INV002286,2024-04-13,119551,SIP,2879,Tamil Nadu,Coimbatore,B30,18-25,Male,5.9,UPI,Verified
INV003771,2024-04-13,102887,Lumpsum,303901,Telangana,Hyderabad,T30,46-55,Male,47.6,Cheque,Verified
INV001375,2024-04-13,119094,SIP,8104,Haryana,Gurugram,T30,18-25,Male,6.3,Cheque,Verified
INV002015,2024-04-13,120844,SIP,402,Delhi,New Delhi,T30,26-35,Female,11.1,Net Banking,Verified
INV003487,2024-04-13,102886,SIP,21728,Gujarat,Ahmedabad,T30,26-35,Female,12.0,UPI,Verified
INV001472,2024-04-13,119093,Lumpsum,449196,West Bengal,Kolkata,T30,18-25,Male,5.4,Cheque,Verified
INV004560,2024-04-13,101207,SIP,1190,Tamil Nadu,Coimbatore,B30,36-45,Male,42.7,UPI,Verified
INV002116,2024-04-13,120841,Lumpsum,122273,Karnataka,Bangalore,T30,18-25,Male,3.8,UPI,Verified
INV004767,2024-04-13,120843,SIP,5904,Uttar Pradesh,Kanpur,B30,26-35,Female,12.7,Net Banking,Verified
INV004672,2024-04-13,120843,Lumpsum,402674,Rajasthan,Jaipur,T30,26-35,Male,23.9,Net Banking,Verified
INV002100,2024-04-13,118635,Lumpsum,501484,Delhi,Noida,T30,26-35,Male,22.5,Cheque,Verified
INV003529,2024-04-13,119120,Lumpsum,162332,Tamil Nadu,Chennai,T30,36-45,Female,36.6,UPI,Verified
INV000446,2024-04-13,101206,SIP,9769,Rajasthan,Jaipur,T30,26-35,Female,23.8,Net Banking,Verified
INV004956,2024-04-13,119599,Lumpsum,40000,Maharashtra,Mumbai,T30,46-55,Male,62.4,UPI,Verified
INV002515,2024-04-13,148568,Lumpsum,417157,West Bengal,Kolkata,T30,56+,Female,73.9,Net Banking,Verified
INV003678,2024-04-13,149324,Lumpsum,185214,Gujarat,Ahmedabad,T30,26-35,Male,6.6,UPI,Verified
INV000765,2024-04-13,120507,Lumpsum,412476,Telangana,Hyderabad,T30,18-25,Male,4.6,Mandate,Verified
INV002477,2024-04-13,100016,SIP,800,West Bengal,Kolkata,T30,46-55,Female,72.4,Net Banking,Verified
